M,N,K,bias,dtype,outdtype,scaleAB,bpreshuffle
8,896,7168,False,torch.bfloat16,torch.bfloat16,False,False
24,896,7168,False,torch.bfloat16,torch.bfloat16,False,False
32,896,7168,False,torch.bfloat16,torch.bfloat16,False,False
40,896,7168,False,torch.bfloat16,torch.bfloat16,False,False
48,896,7168,False,torch.bfloat16,torch.bfloat16,False,False
56,896,7168,False,torch.bfloat16,torch.bfloat16,False,False
64,896,7168,False,torch.bfloat16,torch.bfloat16,False,False
72,896,7168,False,torch.bfloat16,torch.bfloat16,False,False
80,896,7168,False,torch.bfloat16,torch.bfloat16,False,False
88,896,7168,False,torch.bfloat16,torch.bfloat16,False,False
96,896,7168,False,torch.bfloat16,torch.bfloat16,False,False
104,896,7168,False,torch.bfloat16,torch.bfloat16,False,False
112,896,7168,False,torch.bfloat16,torch.bfloat16,False,False
120,896,7168,False,torch.bfloat16,torch.bfloat16,False,False
128,896,7168,False,torch.bfloat16,torch.bfloat16,False,False
130,896,7168,False,torch.bfloat16,torch.bfloat16,False,False
132,896,7168,False,torch.bfloat16,torch.bfloat16,False,False
136,896,7168,False,torch.bfloat16,torch.bfloat16,False,False
164,896,7168,False,torch.bfloat16,torch.bfloat16,False,False
165,896,7168,False,torch.bfloat16,torch.bfloat16,False,False
166,896,7168,False,torch.bfloat16,torch.bfloat16,False,False
179,896,7168,False,torch.bfloat16,torch.bfloat16,False,False
181,896,7168,False,torch.bfloat16,torch.bfloat16,False,False
185,896,7168,False,torch.bfloat16,torch.bfloat16,False,False
202,896,7168,False,torch.bfloat16,torch.bfloat16,False,False
208,896,7168,False,torch.bfloat16,torch.bfloat16,False,False
216,896,7168,False,torch.bfloat16,torch.bfloat16,False,False
217,896,7168,False,torch.bfloat16,torch.bfloat16,False,False
220,896,7168,False,torch.bfloat16,torch.bfloat16,False,False
223,896,7168,False,torch.bfloat16,torch.bfloat16,False,False
233,896,7168,False,torch.bfloat16,torch.bfloat16,False,False
236,896,7168,False,torch.bfloat16,torch.bfloat16,False,False
245,896,7168,False,torch.bfloat16,torch.bfloat16,False,False
248,896,7168,False,torch.bfloat16,torch.bfloat16,False,False
249,896,7168,False,torch.bfloat16,torch.bfloat16,False,False
257,896,7168,False,torch.bfloat16,torch.bfloat16,False,False
262,896,7168,False,torch.bfloat16,torch.bfloat16,False,False
263,896,7168,False,torch.bfloat16,torch.bfloat16,False,False
266,896,7168,False,torch.bfloat16,torch.bfloat16,False,False
273,896,7168,False,torch.bfloat16,torch.bfloat16,False,False
276,896,7168,False,torch.bfloat16,torch.bfloat16,False,False
277,896,7168,False,torch.bfloat16,torch.bfloat16,False,False
286,896,7168,False,torch.bfloat16,torch.bfloat16,False,False
326,896,7168,False,torch.bfloat16,torch.bfloat16,False,False
333,896,7168,False,torch.bfloat16,torch.bfloat16,False,False
347,896,7168,False,torch.bfloat16,torch.bfloat16,False,False
348,896,7168,False,torch.bfloat16,torch.bfloat16,False,False
349,896,7168,False,torch.bfloat16,torch.bfloat16,False,False
350,896,7168,False,torch.bfloat16,torch.bfloat16,False,False
353,896,7168,False,torch.bfloat16,torch.bfloat16,False,False
357,896,7168,False,torch.bfloat16,torch.bfloat16,False,False
362,896,7168,False,torch.bfloat16,torch.bfloat16,False,False
365,896,7168,False,torch.bfloat16,torch.bfloat16,False,False
369,896,7168,False,torch.bfloat16,torch.bfloat16,False,False
372,896,7168,False,torch.bfloat16,torch.bfloat16,False,False
378,896,7168,False,torch.bfloat16,torch.bfloat16,False,False
382,896,7168,False,torch.bfloat16,torch.bfloat16,False,False
391,896,7168,False,torch.bfloat16,torch.bfloat16,False,False
394,896,7168,False,torch.bfloat16,torch.bfloat16,False,False
396,896,7168,False,torch.bfloat16,torch.bfloat16,False,False
397,896,7168,False,torch.bfloat16,torch.bfloat16,False,False
408,896,7168,False,torch.bfloat16,torch.bfloat16,False,False
424,896,7168,False,torch.bfloat16,torch.bfloat16,False,False
426,896,7168,False,torch.bfloat16,torch.bfloat16,False,False
428,896,7168,False,torch.bfloat16,torch.bfloat16,False,False
433,896,7168,False,torch.bfloat16,torch.bfloat16,False,False
438,896,7168,False,torch.bfloat16,torch.bfloat16,False,False
444,896,7168,False,torch.bfloat16,torch.bfloat16,False,False
448,896,7168,False,torch.bfloat16,torch.bfloat16,False,False
450,896,7168,False,torch.bfloat16,torch.bfloat16,False,False
453,896,7168,False,torch.bfloat16,torch.bfloat16,False,False
461,896,7168,False,torch.bfloat16,torch.bfloat16,False,False
468,896,7168,False,torch.bfloat16,torch.bfloat16,False,False
469,896,7168,False,torch.bfloat16,torch.bfloat16,False,False
471,896,7168,False,torch.bfloat16,torch.bfloat16,False,False
473,896,7168,False,torch.bfloat16,torch.bfloat16,False,False
487,896,7168,False,torch.bfloat16,torch.bfloat16,False,False
488,896,7168,False,torch.bfloat16,torch.bfloat16,False,False
489,896,7168,False,torch.bfloat16,torch.bfloat16,False,False
498,896,7168,False,torch.bfloat16,torch.bfloat16,False,False
499,896,7168,False,torch.bfloat16,torch.bfloat16,False,False
509,896,7168,False,torch.bfloat16,torch.bfloat16,False,False
513,896,7168,False,torch.bfloat16,torch.bfloat16,False,False
519,896,7168,False,torch.bfloat16,torch.bfloat16,False,False
522,896,7168,False,torch.bfloat16,torch.bfloat16,False,False
530,896,7168,False,torch.bfloat16,torch.bfloat16,False,False
545,896,7168,False,torch.bfloat16,torch.bfloat16,False,False
546,896,7168,False,torch.bfloat16,torch.bfloat16,False,False
547,896,7168,False,torch.bfloat16,torch.bfloat16,False,False
554,896,7168,False,torch.bfloat16,torch.bfloat16,False,False
562,896,7168,False,torch.bfloat16,torch.bfloat16,False,False
569,896,7168,False,torch.bfloat16,torch.bfloat16,False,False
575,896,7168,False,torch.bfloat16,torch.bfloat16,False,False
578,896,7168,False,torch.bfloat16,torch.bfloat16,False,False
579,896,7168,False,torch.bfloat16,torch.bfloat16,False,False
584,896,7168,False,torch.bfloat16,torch.bfloat16,False,False
586,896,7168,False,torch.bfloat16,torch.bfloat16,False,False
605,896,7168,False,torch.bfloat16,torch.bfloat16,False,False
607,896,7168,False,torch.bfloat16,torch.bfloat16,False,False
617,896,7168,False,torch.bfloat16,torch.bfloat16,False,False
621,896,7168,False,torch.bfloat16,torch.bfloat16,False,False
626,896,7168,False,torch.bfloat16,torch.bfloat16,False,False
631,896,7168,False,torch.bfloat16,torch.bfloat16,False,False
633,896,7168,False,torch.bfloat16,torch.bfloat16,False,False
635,896,7168,False,torch.bfloat16,torch.bfloat16,False,False
637,896,7168,False,torch.bfloat16,torch.bfloat16,False,False
643,896,7168,False,torch.bfloat16,torch.bfloat16,False,False
644,896,7168,False,torch.bfloat16,torch.bfloat16,False,False
647,896,7168,False,torch.bfloat16,torch.bfloat16,False,False
649,896,7168,False,torch.bfloat16,torch.bfloat16,False,False
662,896,7168,False,torch.bfloat16,torch.bfloat16,False,False
666,896,7168,False,torch.bfloat16,torch.bfloat16,False,False
679,896,7168,False,torch.bfloat16,torch.bfloat16,False,False
687,896,7168,False,torch.bfloat16,torch.bfloat16,False,False
694,896,7168,False,torch.bfloat16,torch.bfloat16,False,False
712,896,7168,False,torch.bfloat16,torch.bfloat16,False,False
722,896,7168,False,torch.bfloat16,torch.bfloat16,False,False
723,896,7168,False,torch.bfloat16,torch.bfloat16,False,False
727,896,7168,False,torch.bfloat16,torch.bfloat16,False,False
732,896,7168,False,torch.bfloat16,torch.bfloat16,False,False
733,896,7168,False,torch.bfloat16,torch.bfloat16,False,False
734,896,7168,False,torch.bfloat16,torch.bfloat16,False,False
735,896,7168,False,torch.bfloat16,torch.bfloat16,False,False
736,896,7168,False,torch.bfloat16,torch.bfloat16,False,False
738,896,7168,False,torch.bfloat16,torch.bfloat16,False,False
746,896,7168,False,torch.bfloat16,torch.bfloat16,False,False
754,896,7168,False,torch.bfloat16,torch.bfloat16,False,False
765,896,7168,False,torch.bfloat16,torch.bfloat16,False,False
766,896,7168,False,torch.bfloat16,torch.bfloat16,False,False
768,896,7168,False,torch.bfloat16,torch.bfloat16,False,False
772,896,7168,False,torch.bfloat16,torch.bfloat16,False,False
775,896,7168,False,torch.bfloat16,torch.bfloat16,False,False
777,896,7168,False,torch.bfloat16,torch.bfloat16,False,False
779,896,7168,False,torch.bfloat16,torch.bfloat16,False,False
786,896,7168,False,torch.bfloat16,torch.bfloat16,False,False
793,896,7168,False,torch.bfloat16,torch.bfloat16,False,False
794,896,7168,False,torch.bfloat16,torch.bfloat16,False,False
798,896,7168,False,torch.bfloat16,torch.bfloat16,False,False
827,896,7168,False,torch.bfloat16,torch.bfloat16,False,False
828,896,7168,False,torch.bfloat16,torch.bfloat16,False,False
833,896,7168,False,torch.bfloat16,torch.bfloat16,False,False
835,896,7168,False,torch.bfloat16,torch.bfloat16,False,False
836,896,7168,False,torch.bfloat16,torch.bfloat16,False,False
837,896,7168,False,torch.bfloat16,torch.bfloat16,False,False
842,896,7168,False,torch.bfloat16,torch.bfloat16,False,False
843,896,7168,False,torch.bfloat16,torch.bfloat16,False,False
853,896,7168,False,torch.bfloat16,torch.bfloat16,False,False
862,896,7168,False,torch.bfloat16,torch.bfloat16,False,False
863,896,7168,False,torch.bfloat16,torch.bfloat16,False,False
869,896,7168,False,torch.bfloat16,torch.bfloat16,False,False
872,896,7168,False,torch.bfloat16,torch.bfloat16,False,False
873,896,7168,False,torch.bfloat16,torch.bfloat16,False,False
885,896,7168,False,torch.bfloat16,torch.bfloat16,False,False
893,896,7168,False,torch.bfloat16,torch.bfloat16,False,False
897,896,7168,False,torch.bfloat16,torch.bfloat16,False,False
907,896,7168,False,torch.bfloat16,torch.bfloat16,False,False
908,896,7168,False,torch.bfloat16,torch.bfloat16,False,False
909,896,7168,False,torch.bfloat16,torch.bfloat16,False,False
912,896,7168,False,torch.bfloat16,torch.bfloat16,False,False
921,896,7168,False,torch.bfloat16,torch.bfloat16,False,False
922,896,7168,False,torch.bfloat16,torch.bfloat16,False,False
933,896,7168,False,torch.bfloat16,torch.bfloat16,False,False
934,896,7168,False,torch.bfloat16,torch.bfloat16,False,False
937,896,7168,False,torch.bfloat16,torch.bfloat16,False,False
939,896,7168,False,torch.bfloat16,torch.bfloat16,False,False
942,896,7168,False,torch.bfloat16,torch.bfloat16,False,False
948,896,7168,False,torch.bfloat16,torch.bfloat16,False,False
950,896,7168,False,torch.bfloat16,torch.bfloat16,False,False
953,896,7168,False,torch.bfloat16,torch.bfloat16,False,False
957,896,7168,False,torch.bfloat16,torch.bfloat16,False,False
962,896,7168,False,torch.bfloat16,torch.bfloat16,False,False
965,896,7168,False,torch.bfloat16,torch.bfloat16,False,False
968,896,7168,False,torch.bfloat16,torch.bfloat16,False,False
969,896,7168,False,torch.bfloat16,torch.bfloat16,False,False
971,896,7168,False,torch.bfloat16,torch.bfloat16,False,False
972,896,7168,False,torch.bfloat16,torch.bfloat16,False,False
977,896,7168,False,torch.bfloat16,torch.bfloat16,False,False
978,896,7168,False,torch.bfloat16,torch.bfloat16,False,False
980,896,7168,False,torch.bfloat16,torch.bfloat16,False,False
986,896,7168,False,torch.bfloat16,torch.bfloat16,False,False
996,896,7168,False,torch.bfloat16,torch.bfloat16,False,False
997,896,7168,False,torch.bfloat16,torch.bfloat16,False,False
1008,896,7168,False,torch.bfloat16,torch.bfloat16,False,False
1020,896,7168,False,torch.bfloat16,torch.bfloat16,False,False
1022,896,7168,False,torch.bfloat16,torch.bfloat16,False,False
1023,896,7168,False,torch.bfloat16,torch.bfloat16,False,False
1025,896,7168,False,torch.bfloat16,torch.bfloat16,False,False
1026,896,7168,False,torch.bfloat16,torch.bfloat16,False,False
1029,896,7168,False,torch.bfloat16,torch.bfloat16,False,False
1052,896,7168,False,torch.bfloat16,torch.bfloat16,False,False
1053,896,7168,False,torch.bfloat16,torch.bfloat16,False,False
1059,896,7168,False,torch.bfloat16,torch.bfloat16,False,False
1060,896,7168,False,torch.bfloat16,torch.bfloat16,False,False
1069,896,7168,False,torch.bfloat16,torch.bfloat16,False,False
1073,896,7168,False,torch.bfloat16,torch.bfloat16,False,False
1076,896,7168,False,torch.bfloat16,torch.bfloat16,False,False
1081,896,7168,False,torch.bfloat16,torch.bfloat16,False,False
1082,896,7168,False,torch.bfloat16,torch.bfloat16,False,False
1083,896,7168,False,torch.bfloat16,torch.bfloat16,False,False
1084,896,7168,False,torch.bfloat16,torch.bfloat16,False,False
1085,896,7168,False,torch.bfloat16,torch.bfloat16,False,False
1086,896,7168,False,torch.bfloat16,torch.bfloat16,False,False
1089,896,7168,False,torch.bfloat16,torch.bfloat16,False,False
1097,896,7168,False,torch.bfloat16,torch.bfloat16,False,False
1100,896,7168,False,torch.bfloat16,torch.bfloat16,False,False
1126,896,7168,False,torch.bfloat16,torch.bfloat16,False,False
1127,896,7168,False,torch.bfloat16,torch.bfloat16,False,False
1128,896,7168,False,torch.bfloat16,torch.bfloat16,False,False
1133,896,7168,False,torch.bfloat16,torch.bfloat16,False,False
1134,896,7168,False,torch.bfloat16,torch.bfloat16,False,False
1140,896,7168,False,torch.bfloat16,torch.bfloat16,False,False
1141,896,7168,False,torch.bfloat16,torch.bfloat16,False,False
1143,896,7168,False,torch.bfloat16,torch.bfloat16,False,False
1150,896,7168,False,torch.bfloat16,torch.bfloat16,False,False
1151,896,7168,False,torch.bfloat16,torch.bfloat16,False,False
1155,896,7168,False,torch.bfloat16,torch.bfloat16,False,False
1156,896,7168,False,torch.bfloat16,torch.bfloat16,False,False
1164,896,7168,False,torch.bfloat16,torch.bfloat16,False,False
1166,896,7168,False,torch.bfloat16,torch.bfloat16,False,False
1175,896,7168,False,torch.bfloat16,torch.bfloat16,False,False
1177,896,7168,False,torch.bfloat16,torch.bfloat16,False,False
1180,896,7168,False,torch.bfloat16,torch.bfloat16,False,False
1181,896,7168,False,torch.bfloat16,torch.bfloat16,False,False
1191,896,7168,False,torch.bfloat16,torch.bfloat16,False,False
1193,896,7168,False,torch.bfloat16,torch.bfloat16,False,False
1208,896,7168,False,torch.bfloat16,torch.bfloat16,False,False
1209,896,7168,False,torch.bfloat16,torch.bfloat16,False,False
1213,896,7168,False,torch.bfloat16,torch.bfloat16,False,False
1215,896,7168,False,torch.bfloat16,torch.bfloat16,False,False
1216,896,7168,False,torch.bfloat16,torch.bfloat16,False,False
1217,896,7168,False,torch.bfloat16,torch.bfloat16,False,False
1221,896,7168,False,torch.bfloat16,torch.bfloat16,False,False
1228,896,7168,False,torch.bfloat16,torch.bfloat16,False,False
1234,896,7168,False,torch.bfloat16,torch.bfloat16,False,False
1236,896,7168,False,torch.bfloat16,torch.bfloat16,False,False
1251,896,7168,False,torch.bfloat16,torch.bfloat16,False,False
1252,896,7168,False,torch.bfloat16,torch.bfloat16,False,False
1253,896,7168,False,torch.bfloat16,torch.bfloat16,False,False
1259,896,7168,False,torch.bfloat16,torch.bfloat16,False,False
1262,896,7168,False,torch.bfloat16,torch.bfloat16,False,False
1270,896,7168,False,torch.bfloat16,torch.bfloat16,False,False
1276,896,7168,False,torch.bfloat16,torch.bfloat16,False,False
1279,896,7168,False,torch.bfloat16,torch.bfloat16,False,False
1284,896,7168,False,torch.bfloat16,torch.bfloat16,False,False
1288,896,7168,False,torch.bfloat16,torch.bfloat16,False,False
1291,896,7168,False,torch.bfloat16,torch.bfloat16,False,False
1293,896,7168,False,torch.bfloat16,torch.bfloat16,False,False
1302,896,7168,False,torch.bfloat16,torch.bfloat16,False,False
1304,896,7168,False,torch.bfloat16,torch.bfloat16,False,False
1305,896,7168,False,torch.bfloat16,torch.bfloat16,False,False
1308,896,7168,False,torch.bfloat16,torch.bfloat16,False,False
1311,896,7168,False,torch.bfloat16,torch.bfloat16,False,False
1314,896,7168,False,torch.bfloat16,torch.bfloat16,False,False
1315,896,7168,False,torch.bfloat16,torch.bfloat16,False,False
1316,896,7168,False,torch.bfloat16,torch.bfloat16,False,False
1321,896,7168,False,torch.bfloat16,torch.bfloat16,False,False
1323,896,7168,False,torch.bfloat16,torch.bfloat16,False,False
1327,896,7168,False,torch.bfloat16,torch.bfloat16,False,False
1335,896,7168,False,torch.bfloat16,torch.bfloat16,False,False
1337,896,7168,False,torch.bfloat16,torch.bfloat16,False,False
1339,896,7168,False,torch.bfloat16,torch.bfloat16,False,False
1345,896,7168,False,torch.bfloat16,torch.bfloat16,False,False
1346,896,7168,False,torch.bfloat16,torch.bfloat16,False,False
1350,896,7168,False,torch.bfloat16,torch.bfloat16,False,False
1356,896,7168,False,torch.bfloat16,torch.bfloat16,False,False
1360,896,7168,False,torch.bfloat16,torch.bfloat16,False,False
1370,896,7168,False,torch.bfloat16,torch.bfloat16,False,False
1371,896,7168,False,torch.bfloat16,torch.bfloat16,False,False
1374,896,7168,False,torch.bfloat16,torch.bfloat16,False,False
1376,896,7168,False,torch.bfloat16,torch.bfloat16,False,False
1377,896,7168,False,torch.bfloat16,torch.bfloat16,False,False
1390,896,7168,False,torch.bfloat16,torch.bfloat16,False,False
1407,896,7168,False,torch.bfloat16,torch.bfloat16,False,False
1417,896,7168,False,torch.bfloat16,torch.bfloat16,False,False
1422,896,7168,False,torch.bfloat16,torch.bfloat16,False,False
1423,896,7168,False,torch.bfloat16,torch.bfloat16,False,False
1426,896,7168,False,torch.bfloat16,torch.bfloat16,False,False
1434,896,7168,False,torch.bfloat16,torch.bfloat16,False,False
1437,896,7168,False,torch.bfloat16,torch.bfloat16,False,False
1444,896,7168,False,torch.bfloat16,torch.bfloat16,False,False
1445,896,7168,False,torch.bfloat16,torch.bfloat16,False,False
1446,896,7168,False,torch.bfloat16,torch.bfloat16,False,False
1448,896,7168,False,torch.bfloat16,torch.bfloat16,False,False
1450,896,7168,False,torch.bfloat16,torch.bfloat16,False,False
1451,896,7168,False,torch.bfloat16,torch.bfloat16,False,False
1454,896,7168,False,torch.bfloat16,torch.bfloat16,False,False
1459,896,7168,False,torch.bfloat16,torch.bfloat16,False,False
1461,896,7168,False,torch.bfloat16,torch.bfloat16,False,False
1462,896,7168,False,torch.bfloat16,torch.bfloat16,False,False
1463,896,7168,False,torch.bfloat16,torch.bfloat16,False,False
1466,896,7168,False,torch.bfloat16,torch.bfloat16,False,False
1478,896,7168,False,torch.bfloat16,torch.bfloat16,False,False
1485,896,7168,False,torch.bfloat16,torch.bfloat16,False,False
1487,896,7168,False,torch.bfloat16,torch.bfloat16,False,False
1489,896,7168,False,torch.bfloat16,torch.bfloat16,False,False
1497,896,7168,False,torch.bfloat16,torch.bfloat16,False,False
1498,896,7168,False,torch.bfloat16,torch.bfloat16,False,False
1499,896,7168,False,torch.bfloat16,torch.bfloat16,False,False
1500,896,7168,False,torch.bfloat16,torch.bfloat16,False,False
1501,896,7168,False,torch.bfloat16,torch.bfloat16,False,False
1502,896,7168,False,torch.bfloat16,torch.bfloat16,False,False
1504,896,7168,False,torch.bfloat16,torch.bfloat16,False,False
1506,896,7168,False,torch.bfloat16,torch.bfloat16,False,False
1509,896,7168,False,torch.bfloat16,torch.bfloat16,False,False
1510,896,7168,False,torch.bfloat16,torch.bfloat16,False,False
1513,896,7168,False,torch.bfloat16,torch.bfloat16,False,False
1518,896,7168,False,torch.bfloat16,torch.bfloat16,False,False
1522,896,7168,False,torch.bfloat16,torch.bfloat16,False,False
1525,896,7168,False,torch.bfloat16,torch.bfloat16,False,False
1532,896,7168,False,torch.bfloat16,torch.bfloat16,False,False
1534,896,7168,False,torch.bfloat16,torch.bfloat16,False,False
1536,896,7168,False,torch.bfloat16,torch.bfloat16,False,False
1537,896,7168,False,torch.bfloat16,torch.bfloat16,False,False
1538,896,7168,False,torch.bfloat16,torch.bfloat16,False,False
1539,896,7168,False,torch.bfloat16,torch.bfloat16,False,False
1540,896,7168,False,torch.bfloat16,torch.bfloat16,False,False
1541,896,7168,False,torch.bfloat16,torch.bfloat16,False,False
1542,896,7168,False,torch.bfloat16,torch.bfloat16,False,False
1543,896,7168,False,torch.bfloat16,torch.bfloat16,False,False
1544,896,7168,False,torch.bfloat16,torch.bfloat16,False,False
1545,896,7168,False,torch.bfloat16,torch.bfloat16,False,False
1546,896,7168,False,torch.bfloat16,torch.bfloat16,False,False
1547,896,7168,False,torch.bfloat16,torch.bfloat16,False,False
1548,896,7168,False,torch.bfloat16,torch.bfloat16,False,False
1733,896,7168,False,torch.bfloat16,torch.bfloat16,False,False
2003,896,7168,False,torch.bfloat16,torch.bfloat16,False,False
2131,896,7168,False,torch.bfloat16,torch.bfloat16,False,False
2149,896,7168,False,torch.bfloat16,torch.bfloat16,False,False
2328,896,7168,False,torch.bfloat16,torch.bfloat16,False,False
2420,896,7168,False,torch.bfloat16,torch.bfloat16,False,False
2563,896,7168,False,torch.bfloat16,torch.bfloat16,False,False
2593,896,7168,False,torch.bfloat16,torch.bfloat16,False,False
2625,896,7168,False,torch.bfloat16,torch.bfloat16,False,False
2633,896,7168,False,torch.bfloat16,torch.bfloat16,False,False
2641,896,7168,False,torch.bfloat16,torch.bfloat16,False,False
2645,896,7168,False,torch.bfloat16,torch.bfloat16,False,False
2682,896,7168,False,torch.bfloat16,torch.bfloat16,False,False
2711,896,7168,False,torch.bfloat16,torch.bfloat16,False,False
2723,896,7168,False,torch.bfloat16,torch.bfloat16,False,False
2733,896,7168,False,torch.bfloat16,torch.bfloat16,False,False
2738,896,7168,False,torch.bfloat16,torch.bfloat16,False,False
2741,896,7168,False,torch.bfloat16,torch.bfloat16,False,False
2745,896,7168,False,torch.bfloat16,torch.bfloat16,False,False
2747,896,7168,False,torch.bfloat16,torch.bfloat16,False,False
2761,896,7168,False,torch.bfloat16,torch.bfloat16,False,False
2765,896,7168,False,torch.bfloat16,torch.bfloat16,False,False
2773,896,7168,False,torch.bfloat16,torch.bfloat16,False,False
2778,896,7168,False,torch.bfloat16,torch.bfloat16,False,False
2810,896,7168,False,torch.bfloat16,torch.bfloat16,False,False
2814,896,7168,False,torch.bfloat16,torch.bfloat16,False,False
2825,896,7168,False,torch.bfloat16,torch.bfloat16,False,False
2826,896,7168,False,torch.bfloat16,torch.bfloat16,False,False
2852,896,7168,False,torch.bfloat16,torch.bfloat16,False,False
2855,896,7168,False,torch.bfloat16,torch.bfloat16,False,False
2856,896,7168,False,torch.bfloat16,torch.bfloat16,False,False
2867,896,7168,False,torch.bfloat16,torch.bfloat16,False,False
2870,896,7168,False,torch.bfloat16,torch.bfloat16,False,False
2873,896,7168,False,torch.bfloat16,torch.bfloat16,False,False
2874,896,7168,False,torch.bfloat16,torch.bfloat16,False,False
2877,896,7168,False,torch.bfloat16,torch.bfloat16,False,False
2883,896,7168,False,torch.bfloat16,torch.bfloat16,False,False
2898,896,7168,False,torch.bfloat16,torch.bfloat16,False,False
2921,896,7168,False,torch.bfloat16,torch.bfloat16,False,False
2926,896,7168,False,torch.bfloat16,torch.bfloat16,False,False
2930,896,7168,False,torch.bfloat16,torch.bfloat16,False,False
2934,896,7168,False,torch.bfloat16,torch.bfloat16,False,False
2937,896,7168,False,torch.bfloat16,torch.bfloat16,False,False
2938,896,7168,False,torch.bfloat16,torch.bfloat16,False,False
2943,896,7168,False,torch.bfloat16,torch.bfloat16,False,False
2955,896,7168,False,torch.bfloat16,torch.bfloat16,False,False
2958,896,7168,False,torch.bfloat16,torch.bfloat16,False,False
2965,896,7168,False,torch.bfloat16,torch.bfloat16,False,False
2969,896,7168,False,torch.bfloat16,torch.bfloat16,False,False
2970,896,7168,False,torch.bfloat16,torch.bfloat16,False,False
2973,896,7168,False,torch.bfloat16,torch.bfloat16,False,False
2986,896,7168,False,torch.bfloat16,torch.bfloat16,False,False
3005,896,7168,False,torch.bfloat16,torch.bfloat16,False,False
3006,896,7168,False,torch.bfloat16,torch.bfloat16,False,False
3010,896,7168,False,torch.bfloat16,torch.bfloat16,False,False
3013,896,7168,False,torch.bfloat16,torch.bfloat16,False,False
3017,896,7168,False,torch.bfloat16,torch.bfloat16,False,False
3038,896,7168,False,torch.bfloat16,torch.bfloat16,False,False
3049,896,7168,False,torch.bfloat16,torch.bfloat16,False,False
3050,896,7168,False,torch.bfloat16,torch.bfloat16,False,False
3052,896,7168,False,torch.bfloat16,torch.bfloat16,False,False
3055,896,7168,False,torch.bfloat16,torch.bfloat16,False,False
3070,896,7168,False,torch.bfloat16,torch.bfloat16,False,False
3072,896,7168,False,torch.bfloat16,torch.bfloat16,False,False
3073,896,7168,False,torch.bfloat16,torch.bfloat16,False,False
3074,896,7168,False,torch.bfloat16,torch.bfloat16,False,False
3075,896,7168,False,torch.bfloat16,torch.bfloat16,False,False
3076,896,7168,False,torch.bfloat16,torch.bfloat16,False,False
3077,896,7168,False,torch.bfloat16,torch.bfloat16,False,False
3078,896,7168,False,torch.bfloat16,torch.bfloat16,False,False
3079,896,7168,False,torch.bfloat16,torch.bfloat16,False,False
3080,896,7168,False,torch.bfloat16,torch.bfloat16,False,False
3081,896,7168,False,torch.bfloat16,torch.bfloat16,False,False
3082,896,7168,False,torch.bfloat16,torch.bfloat16,False,False
3083,896,7168,False,torch.bfloat16,torch.bfloat16,False,False
3084,896,7168,False,torch.bfloat16,torch.bfloat16,False,False
3102,896,7168,False,torch.bfloat16,torch.bfloat16,False,False
3110,896,7168,False,torch.bfloat16,torch.bfloat16,False,False
3125,896,7168,False,torch.bfloat16,torch.bfloat16,False,False
3127,896,7168,False,torch.bfloat16,torch.bfloat16,False,False
3128,896,7168,False,torch.bfloat16,torch.bfloat16,False,False
3129,896,7168,False,torch.bfloat16,torch.bfloat16,False,False
3130,896,7168,False,torch.bfloat16,torch.bfloat16,False,False
3133,896,7168,False,torch.bfloat16,torch.bfloat16,False,False
3150,896,7168,False,torch.bfloat16,torch.bfloat16,False,False
3166,896,7168,False,torch.bfloat16,torch.bfloat16,False,False
3185,896,7168,False,torch.bfloat16,torch.bfloat16,False,False
3188,896,7168,False,torch.bfloat16,torch.bfloat16,False,False
3207,896,7168,False,torch.bfloat16,torch.bfloat16,False,False
3218,896,7168,False,torch.bfloat16,torch.bfloat16,False,False
3225,896,7168,False,torch.bfloat16,torch.bfloat16,False,False
3228,896,7168,False,torch.bfloat16,torch.bfloat16,False,False
3229,896,7168,False,torch.bfloat16,torch.bfloat16,False,False
3232,896,7168,False,torch.bfloat16,torch.bfloat16,False,False
3245,896,7168,False,torch.bfloat16,torch.bfloat16,False,False
3247,896,7168,False,torch.bfloat16,torch.bfloat16,False,False
3255,896,7168,False,torch.bfloat16,torch.bfloat16,False,False
3260,896,7168,False,torch.bfloat16,torch.bfloat16,False,False
3265,896,7168,False,torch.bfloat16,torch.bfloat16,False,False
3276,896,7168,False,torch.bfloat16,torch.bfloat16,False,False
3295,896,7168,False,torch.bfloat16,torch.bfloat16,False,False
3311,896,7168,False,torch.bfloat16,torch.bfloat16,False,False
3323,896,7168,False,torch.bfloat16,torch.bfloat16,False,False
3328,896,7168,False,torch.bfloat16,torch.bfloat16,False,False
3344,896,7168,False,torch.bfloat16,torch.bfloat16,False,False
3346,896,7168,False,torch.bfloat16,torch.bfloat16,False,False
3349,896,7168,False,torch.bfloat16,torch.bfloat16,False,False
3351,896,7168,False,torch.bfloat16,torch.bfloat16,False,False
3372,896,7168,False,torch.bfloat16,torch.bfloat16,False,False
3382,896,7168,False,torch.bfloat16,torch.bfloat16,False,False
3398,896,7168,False,torch.bfloat16,torch.bfloat16,False,False
3404,896,7168,False,torch.bfloat16,torch.bfloat16,False,False
3420,896,7168,False,torch.bfloat16,torch.bfloat16,False,False
3424,896,7168,False,torch.bfloat16,torch.bfloat16,False,False
3426,896,7168,False,torch.bfloat16,torch.bfloat16,False,False
3438,896,7168,False,torch.bfloat16,torch.bfloat16,False,False
3444,896,7168,False,torch.bfloat16,torch.bfloat16,False,False
3446,896,7168,False,torch.bfloat16,torch.bfloat16,False,False
3449,896,7168,False,torch.bfloat16,torch.bfloat16,False,False
3456,896,7168,False,torch.bfloat16,torch.bfloat16,False,False
3469,896,7168,False,torch.bfloat16,torch.bfloat16,False,False
3470,896,7168,False,torch.bfloat16,torch.bfloat16,False,False
3478,896,7168,False,torch.bfloat16,torch.bfloat16,False,False
3479,896,7168,False,torch.bfloat16,torch.bfloat16,False,False
3496,896,7168,False,torch.bfloat16,torch.bfloat16,False,False
3497,896,7168,False,torch.bfloat16,torch.bfloat16,False,False
3510,896,7168,False,torch.bfloat16,torch.bfloat16,False,False
3515,896,7168,False,torch.bfloat16,torch.bfloat16,False,False
3520,896,7168,False,torch.bfloat16,torch.bfloat16,False,False
3525,896,7168,False,torch.bfloat16,torch.bfloat16,False,False
3553,896,7168,False,torch.bfloat16,torch.bfloat16,False,False
3558,896,7168,False,torch.bfloat16,torch.bfloat16,False,False
3561,896,7168,False,torch.bfloat16,torch.bfloat16,False,False
3589,896,7168,False,torch.bfloat16,torch.bfloat16,False,False
3592,896,7168,False,torch.bfloat16,torch.bfloat16,False,False
3600,896,7168,False,torch.bfloat16,torch.bfloat16,False,False
3611,896,7168,False,torch.bfloat16,torch.bfloat16,False,False
3612,896,7168,False,torch.bfloat16,torch.bfloat16,False,False
3630,896,7168,False,torch.bfloat16,torch.bfloat16,False,False
3635,896,7168,False,torch.bfloat16,torch.bfloat16,False,False
3642,896,7168,False,torch.bfloat16,torch.bfloat16,False,False
3643,896,7168,False,torch.bfloat16,torch.bfloat16,False,False
3672,896,7168,False,torch.bfloat16,torch.bfloat16,False,False
3680,896,7168,False,torch.bfloat16,torch.bfloat16,False,False
3689,896,7168,False,torch.bfloat16,torch.bfloat16,False,False
3691,896,7168,False,torch.bfloat16,torch.bfloat16,False,False
3693,896,7168,False,torch.bfloat16,torch.bfloat16,False,False
3701,896,7168,False,torch.bfloat16,torch.bfloat16,False,False
3704,896,7168,False,torch.bfloat16,torch.bfloat16,False,False
3711,896,7168,False,torch.bfloat16,torch.bfloat16,False,False
3715,896,7168,False,torch.bfloat16,torch.bfloat16,False,False
3718,896,7168,False,torch.bfloat16,torch.bfloat16,False,False
3724,896,7168,False,torch.bfloat16,torch.bfloat16,False,False
3737,896,7168,False,torch.bfloat16,torch.bfloat16,False,False
3740,896,7168,False,torch.bfloat16,torch.bfloat16,False,False
3741,896,7168,False,torch.bfloat16,torch.bfloat16,False,False
3742,896,7168,False,torch.bfloat16,torch.bfloat16,False,False
3762,896,7168,False,torch.bfloat16,torch.bfloat16,False,False
3766,896,7168,False,torch.bfloat16,torch.bfloat16,False,False
3767,896,7168,False,torch.bfloat16,torch.bfloat16,False,False
3768,896,7168,False,torch.bfloat16,torch.bfloat16,False,False
3770,896,7168,False,torch.bfloat16,torch.bfloat16,False,False
3774,896,7168,False,torch.bfloat16,torch.bfloat16,False,False
3777,896,7168,False,torch.bfloat16,torch.bfloat16,False,False
3781,896,7168,False,torch.bfloat16,torch.bfloat16,False,False
3807,896,7168,False,torch.bfloat16,torch.bfloat16,False,False
3808,896,7168,False,torch.bfloat16,torch.bfloat16,False,False
3810,896,7168,False,torch.bfloat16,torch.bfloat16,False,False
3816,896,7168,False,torch.bfloat16,torch.bfloat16,False,False
3818,896,7168,False,torch.bfloat16,torch.bfloat16,False,False
3848,896,7168,False,torch.bfloat16,torch.bfloat16,False,False
3849,896,7168,False,torch.bfloat16,torch.bfloat16,False,False
3853,896,7168,False,torch.bfloat16,torch.bfloat16,False,False
3863,896,7168,False,torch.bfloat16,torch.bfloat16,False,False
3882,896,7168,False,torch.bfloat16,torch.bfloat16,False,False
3897,896,7168,False,torch.bfloat16,torch.bfloat16,False,False
3904,896,7168,False,torch.bfloat16,torch.bfloat16,False,False
3908,896,7168,False,torch.bfloat16,torch.bfloat16,False,False
3928,896,7168,False,torch.bfloat16,torch.bfloat16,False,False
3935,896,7168,False,torch.bfloat16,torch.bfloat16,False,False
3938,896,7168,False,torch.bfloat16,torch.bfloat16,False,False
3945,896,7168,False,torch.bfloat16,torch.bfloat16,False,False
3955,896,7168,False,torch.bfloat16,torch.bfloat16,False,False
3965,896,7168,False,torch.bfloat16,torch.bfloat16,False,False
3966,896,7168,False,torch.bfloat16,torch.bfloat16,False,False
3967,896,7168,False,torch.bfloat16,torch.bfloat16,False,False
3968,896,7168,False,torch.bfloat16,torch.bfloat16,False,False
3988,896,7168,False,torch.bfloat16,torch.bfloat16,False,False
3990,896,7168,False,torch.bfloat16,torch.bfloat16,False,False
3999,896,7168,False,torch.bfloat16,torch.bfloat16,False,False
4000,896,7168,False,torch.bfloat16,torch.bfloat16,False,False
4014,896,7168,False,torch.bfloat16,torch.bfloat16,False,False
4017,896,7168,False,torch.bfloat16,torch.bfloat16,False,False
4019,896,7168,False,torch.bfloat16,torch.bfloat16,False,False
4031,896,7168,False,torch.bfloat16,torch.bfloat16,False,False
4047,896,7168,False,torch.bfloat16,torch.bfloat16,False,False
4054,896,7168,False,torch.bfloat16,torch.bfloat16,False,False
4061,896,7168,False,torch.bfloat16,torch.bfloat16,False,False
4070,896,7168,False,torch.bfloat16,torch.bfloat16,False,False
4087,896,7168,False,torch.bfloat16,torch.bfloat16,False,False
4096,896,7168,False,torch.bfloat16,torch.bfloat16,False,False
67268,1024,1536,False,torch.bfloat16,torch.bfloat16,False,False
67268,1024,4096,False,torch.bfloat16,torch.bfloat16,False,False
8,1536,128,False,torch.bfloat16,torch.bfloat16,False,False
16,1536,128,False,torch.bfloat16,torch.bfloat16,False,False
24,1536,128,False,torch.bfloat16,torch.bfloat16,False,False
32,1536,128,False,torch.bfloat16,torch.bfloat16,False,False
40,1536,128,False,torch.bfloat16,torch.bfloat16,False,False
48,1536,128,False,torch.bfloat16,torch.bfloat16,False,False
56,1536,128,False,torch.bfloat16,torch.bfloat16,False,False
64,1536,128,False,torch.bfloat16,torch.bfloat16,False,False
72,1536,128,False,torch.bfloat16,torch.bfloat16,False,False
80,1536,128,False,torch.bfloat16,torch.bfloat16,False,False
88,1536,128,False,torch.bfloat16,torch.bfloat16,False,False
96,1536,128,False,torch.bfloat16,torch.bfloat16,False,False
104,1536,128,False,torch.bfloat16,torch.bfloat16,False,False
112,1536,128,False,torch.bfloat16,torch.bfloat16,False,False
120,1536,128,False,torch.bfloat16,torch.bfloat16,False,False
128,1536,128,False,torch.bfloat16,torch.bfloat16,False,False
130,1536,128,False,torch.bfloat16,torch.bfloat16,False,False
132,1536,128,False,torch.bfloat16,torch.bfloat16,False,False
136,1536,128,False,torch.bfloat16,torch.bfloat16,False,False
164,1536,128,False,torch.bfloat16,torch.bfloat16,False,False
165,1536,128,False,torch.bfloat16,torch.bfloat16,False,False
166,1536,128,False,torch.bfloat16,torch.bfloat16,False,False
179,1536,128,False,torch.bfloat16,torch.bfloat16,False,False
181,1536,128,False,torch.bfloat16,torch.bfloat16,False,False
185,1536,128,False,torch.bfloat16,torch.bfloat16,False,False
202,1536,128,False,torch.bfloat16,torch.bfloat16,False,False
208,1536,128,False,torch.bfloat16,torch.bfloat16,False,False
216,1536,128,False,torch.bfloat16,torch.bfloat16,False,False
217,1536,128,False,torch.bfloat16,torch.bfloat16,False,False
220,1536,128,False,torch.bfloat16,torch.bfloat16,False,False
223,1536,128,False,torch.bfloat16,torch.bfloat16,False,False
233,1536,128,False,torch.bfloat16,torch.bfloat16,False,False
236,1536,128,False,torch.bfloat16,torch.bfloat16,False,False
245,1536,128,False,torch.bfloat16,torch.bfloat16,False,False
248,1536,128,False,torch.bfloat16,torch.bfloat16,False,False
249,1536,128,False,torch.bfloat16,torch.bfloat16,False,False
257,1536,128,False,torch.bfloat16,torch.bfloat16,False,False
262,1536,128,False,torch.bfloat16,torch.bfloat16,False,False
263,1536,128,False,torch.bfloat16,torch.bfloat16,False,False
266,1536,128,False,torch.bfloat16,torch.bfloat16,False,False
273,1536,128,False,torch.bfloat16,torch.bfloat16,False,False
276,1536,128,False,torch.bfloat16,torch.bfloat16,False,False
277,1536,128,False,torch.bfloat16,torch.bfloat16,False,False
286,1536,128,False,torch.bfloat16,torch.bfloat16,False,False
326,1536,128,False,torch.bfloat16,torch.bfloat16,False,False
333,1536,128,False,torch.bfloat16,torch.bfloat16,False,False
347,1536,128,False,torch.bfloat16,torch.bfloat16,False,False
348,1536,128,False,torch.bfloat16,torch.bfloat16,False,False
349,1536,128,False,torch.bfloat16,torch.bfloat16,False,False
350,1536,128,False,torch.bfloat16,torch.bfloat16,False,False
353,1536,128,False,torch.bfloat16,torch.bfloat16,False,False
357,1536,128,False,torch.bfloat16,torch.bfloat16,False,False
362,1536,128,False,torch.bfloat16,torch.bfloat16,False,False
365,1536,128,False,torch.bfloat16,torch.bfloat16,False,False
369,1536,128,False,torch.bfloat16,torch.bfloat16,False,False
372,1536,128,False,torch.bfloat16,torch.bfloat16,False,False
378,1536,128,False,torch.bfloat16,torch.bfloat16,False,False
382,1536,128,False,torch.bfloat16,torch.bfloat16,False,False
391,1536,128,False,torch.bfloat16,torch.bfloat16,False,False
394,1536,128,False,torch.bfloat16,torch.bfloat16,False,False
396,1536,128,False,torch.bfloat16,torch.bfloat16,False,False
397,1536,128,False,torch.bfloat16,torch.bfloat16,False,False
408,1536,128,False,torch.bfloat16,torch.bfloat16,False,False
424,1536,128,False,torch.bfloat16,torch.bfloat16,False,False
426,1536,128,False,torch.bfloat16,torch.bfloat16,False,False
428,1536,128,False,torch.bfloat16,torch.bfloat16,False,False
433,1536,128,False,torch.bfloat16,torch.bfloat16,False,False
438,1536,128,False,torch.bfloat16,torch.bfloat16,False,False
444,1536,128,False,torch.bfloat16,torch.bfloat16,False,False
448,1536,128,False,torch.bfloat16,torch.bfloat16,False,False
450,1536,128,False,torch.bfloat16,torch.bfloat16,False,False
453,1536,128,False,torch.bfloat16,torch.bfloat16,False,False
461,1536,128,False,torch.bfloat16,torch.bfloat16,False,False
468,1536,128,False,torch.bfloat16,torch.bfloat16,False,False
469,1536,128,False,torch.bfloat16,torch.bfloat16,False,False
471,1536,128,False,torch.bfloat16,torch.bfloat16,False,False
473,1536,128,False,torch.bfloat16,torch.bfloat16,False,False
487,1536,128,False,torch.bfloat16,torch.bfloat16,False,False
488,1536,128,False,torch.bfloat16,torch.bfloat16,False,False
489,1536,128,False,torch.bfloat16,torch.bfloat16,False,False
498,1536,128,False,torch.bfloat16,torch.bfloat16,False,False
499,1536,128,False,torch.bfloat16,torch.bfloat16,False,False
509,1536,128,False,torch.bfloat16,torch.bfloat16,False,False
513,1536,128,False,torch.bfloat16,torch.bfloat16,False,False
519,1536,128,False,torch.bfloat16,torch.bfloat16,False,False
522,1536,128,False,torch.bfloat16,torch.bfloat16,False,False
530,1536,128,False,torch.bfloat16,torch.bfloat16,False,False
545,1536,128,False,torch.bfloat16,torch.bfloat16,False,False
546,1536,128,False,torch.bfloat16,torch.bfloat16,False,False
547,1536,128,False,torch.bfloat16,torch.bfloat16,False,False
554,1536,128,False,torch.bfloat16,torch.bfloat16,False,False
562,1536,128,False,torch.bfloat16,torch.bfloat16,False,False
569,1536,128,False,torch.bfloat16,torch.bfloat16,False,False
575,1536,128,False,torch.bfloat16,torch.bfloat16,False,False
578,1536,128,False,torch.bfloat16,torch.bfloat16,False,False
579,1536,128,False,torch.bfloat16,torch.bfloat16,False,False
584,1536,128,False,torch.bfloat16,torch.bfloat16,False,False
586,1536,128,False,torch.bfloat16,torch.bfloat16,False,False
605,1536,128,False,torch.bfloat16,torch.bfloat16,False,False
607,1536,128,False,torch.bfloat16,torch.bfloat16,False,False
617,1536,128,False,torch.bfloat16,torch.bfloat16,False,False
621,1536,128,False,torch.bfloat16,torch.bfloat16,False,False
626,1536,128,False,torch.bfloat16,torch.bfloat16,False,False
631,1536,128,False,torch.bfloat16,torch.bfloat16,False,False
633,1536,128,False,torch.bfloat16,torch.bfloat16,False,False
635,1536,128,False,torch.bfloat16,torch.bfloat16,False,False
637,1536,128,False,torch.bfloat16,torch.bfloat16,False,False
643,1536,128,False,torch.bfloat16,torch.bfloat16,False,False
644,1536,128,False,torch.bfloat16,torch.bfloat16,False,False
647,1536,128,False,torch.bfloat16,torch.bfloat16,False,False
649,1536,128,False,torch.bfloat16,torch.bfloat16,False,False
662,1536,128,False,torch.bfloat16,torch.bfloat16,False,False
666,1536,128,False,torch.bfloat16,torch.bfloat16,False,False
679,1536,128,False,torch.bfloat16,torch.bfloat16,False,False
687,1536,128,False,torch.bfloat16,torch.bfloat16,False,False
694,1536,128,False,torch.bfloat16,torch.bfloat16,False,False
712,1536,128,False,torch.bfloat16,torch.bfloat16,False,False
722,1536,128,False,torch.bfloat16,torch.bfloat16,False,False
723,1536,128,False,torch.bfloat16,torch.bfloat16,False,False
727,1536,128,False,torch.bfloat16,torch.bfloat16,False,False
732,1536,128,False,torch.bfloat16,torch.bfloat16,False,False
733,1536,128,False,torch.bfloat16,torch.bfloat16,False,False
734,1536,128,False,torch.bfloat16,torch.bfloat16,False,False
735,1536,128,False,torch.bfloat16,torch.bfloat16,False,False
736,1536,128,False,torch.bfloat16,torch.bfloat16,False,False
738,1536,128,False,torch.bfloat16,torch.bfloat16,False,False
746,1536,128,False,torch.bfloat16,torch.bfloat16,False,False
754,1536,128,False,torch.bfloat16,torch.bfloat16,False,False
765,1536,128,False,torch.bfloat16,torch.bfloat16,False,False
766,1536,128,False,torch.bfloat16,torch.bfloat16,False,False
768,1536,128,False,torch.bfloat16,torch.bfloat16,False,False
772,1536,128,False,torch.bfloat16,torch.bfloat16,False,False
775,1536,128,False,torch.bfloat16,torch.bfloat16,False,False
777,1536,128,False,torch.bfloat16,torch.bfloat16,False,False
779,1536,128,False,torch.bfloat16,torch.bfloat16,False,False
786,1536,128,False,torch.bfloat16,torch.bfloat16,False,False
793,1536,128,False,torch.bfloat16,torch.bfloat16,False,False
794,1536,128,False,torch.bfloat16,torch.bfloat16,False,False
798,1536,128,False,torch.bfloat16,torch.bfloat16,False,False
827,1536,128,False,torch.bfloat16,torch.bfloat16,False,False
828,1536,128,False,torch.bfloat16,torch.bfloat16,False,False
833,1536,128,False,torch.bfloat16,torch.bfloat16,False,False
835,1536,128,False,torch.bfloat16,torch.bfloat16,False,False
836,1536,128,False,torch.bfloat16,torch.bfloat16,False,False
837,1536,128,False,torch.bfloat16,torch.bfloat16,False,False
842,1536,128,False,torch.bfloat16,torch.bfloat16,False,False
843,1536,128,False,torch.bfloat16,torch.bfloat16,False,False
853,1536,128,False,torch.bfloat16,torch.bfloat16,False,False
862,1536,128,False,torch.bfloat16,torch.bfloat16,False,False
863,1536,128,False,torch.bfloat16,torch.bfloat16,False,False
869,1536,128,False,torch.bfloat16,torch.bfloat16,False,False
872,1536,128,False,torch.bfloat16,torch.bfloat16,False,False
873,1536,128,False,torch.bfloat16,torch.bfloat16,False,False
885,1536,128,False,torch.bfloat16,torch.bfloat16,False,False
893,1536,128,False,torch.bfloat16,torch.bfloat16,False,False
897,1536,128,False,torch.bfloat16,torch.bfloat16,False,False
907,1536,128,False,torch.bfloat16,torch.bfloat16,False,False
908,1536,128,False,torch.bfloat16,torch.bfloat16,False,False
909,1536,128,False,torch.bfloat16,torch.bfloat16,False,False
912,1536,128,False,torch.bfloat16,torch.bfloat16,False,False
921,1536,128,False,torch.bfloat16,torch.bfloat16,False,False
922,1536,128,False,torch.bfloat16,torch.bfloat16,False,False
933,1536,128,False,torch.bfloat16,torch.bfloat16,False,False
934,1536,128,False,torch.bfloat16,torch.bfloat16,False,False
937,1536,128,False,torch.bfloat16,torch.bfloat16,False,False
939,1536,128,False,torch.bfloat16,torch.bfloat16,False,False
942,1536,128,False,torch.bfloat16,torch.bfloat16,False,False
948,1536,128,False,torch.bfloat16,torch.bfloat16,False,False
950,1536,128,False,torch.bfloat16,torch.bfloat16,False,False
953,1536,128,False,torch.bfloat16,torch.bfloat16,False,False
957,1536,128,False,torch.bfloat16,torch.bfloat16,False,False
962,1536,128,False,torch.bfloat16,torch.bfloat16,False,False
965,1536,128,False,torch.bfloat16,torch.bfloat16,False,False
968,1536,128,False,torch.bfloat16,torch.bfloat16,False,False
969,1536,128,False,torch.bfloat16,torch.bfloat16,False,False
971,1536,128,False,torch.bfloat16,torch.bfloat16,False,False
972,1536,128,False,torch.bfloat16,torch.bfloat16,False,False
977,1536,128,False,torch.bfloat16,torch.bfloat16,False,False
978,1536,128,False,torch.bfloat16,torch.bfloat16,False,False
980,1536,128,False,torch.bfloat16,torch.bfloat16,False,False
986,1536,128,False,torch.bfloat16,torch.bfloat16,False,False
996,1536,128,False,torch.bfloat16,torch.bfloat16,False,False
997,1536,128,False,torch.bfloat16,torch.bfloat16,False,False
1008,1536,128,False,torch.bfloat16,torch.bfloat16,False,False
1020,1536,128,False,torch.bfloat16,torch.bfloat16,False,False
1022,1536,128,False,torch.bfloat16,torch.bfloat16,False,False
1023,1536,128,False,torch.bfloat16,torch.bfloat16,False,False
1025,1536,128,False,torch.bfloat16,torch.bfloat16,False,False
1026,1536,128,False,torch.bfloat16,torch.bfloat16,False,False
1029,1536,128,False,torch.bfloat16,torch.bfloat16,False,False
1052,1536,128,False,torch.bfloat16,torch.bfloat16,False,False
1053,1536,128,False,torch.bfloat16,torch.bfloat16,False,False
1059,1536,128,False,torch.bfloat16,torch.bfloat16,False,False
1060,1536,128,False,torch.bfloat16,torch.bfloat16,False,False
1069,1536,128,False,torch.bfloat16,torch.bfloat16,False,False
1073,1536,128,False,torch.bfloat16,torch.bfloat16,False,False
1076,1536,128,False,torch.bfloat16,torch.bfloat16,False,False
1081,1536,128,False,torch.bfloat16,torch.bfloat16,False,False
1082,1536,128,False,torch.bfloat16,torch.bfloat16,False,False
1083,1536,128,False,torch.bfloat16,torch.bfloat16,False,False
1084,1536,128,False,torch.bfloat16,torch.bfloat16,False,False
1085,1536,128,False,torch.bfloat16,torch.bfloat16,False,False
1086,1536,128,False,torch.bfloat16,torch.bfloat16,False,False
1089,1536,128,False,torch.bfloat16,torch.bfloat16,False,False
1097,1536,128,False,torch.bfloat16,torch.bfloat16,False,False
1100,1536,128,False,torch.bfloat16,torch.bfloat16,False,False
1126,1536,128,False,torch.bfloat16,torch.bfloat16,False,False
1127,1536,128,False,torch.bfloat16,torch.bfloat16,False,False
1128,1536,128,False,torch.bfloat16,torch.bfloat16,False,False
1133,1536,128,False,torch.bfloat16,torch.bfloat16,False,False
1134,1536,128,False,torch.bfloat16,torch.bfloat16,False,False
1140,1536,128,False,torch.bfloat16,torch.bfloat16,False,False
1141,1536,128,False,torch.bfloat16,torch.bfloat16,False,False
1143,1536,128,False,torch.bfloat16,torch.bfloat16,False,False
1150,1536,128,False,torch.bfloat16,torch.bfloat16,False,False
1151,1536,128,False,torch.bfloat16,torch.bfloat16,False,False
1155,1536,128,False,torch.bfloat16,torch.bfloat16,False,False
1156,1536,128,False,torch.bfloat16,torch.bfloat16,False,False
1164,1536,128,False,torch.bfloat16,torch.bfloat16,False,False
1166,1536,128,False,torch.bfloat16,torch.bfloat16,False,False
1175,1536,128,False,torch.bfloat16,torch.bfloat16,False,False
1177,1536,128,False,torch.bfloat16,torch.bfloat16,False,False
1180,1536,128,False,torch.bfloat16,torch.bfloat16,False,False
1181,1536,128,False,torch.bfloat16,torch.bfloat16,False,False
1191,1536,128,False,torch.bfloat16,torch.bfloat16,False,False
1193,1536,128,False,torch.bfloat16,torch.bfloat16,False,False
1208,1536,128,False,torch.bfloat16,torch.bfloat16,False,False
1209,1536,128,False,torch.bfloat16,torch.bfloat16,False,False
1213,1536,128,False,torch.bfloat16,torch.bfloat16,False,False
1215,1536,128,False,torch.bfloat16,torch.bfloat16,False,False
1216,1536,128,False,torch.bfloat16,torch.bfloat16,False,False
1217,1536,128,False,torch.bfloat16,torch.bfloat16,False,False
1221,1536,128,False,torch.bfloat16,torch.bfloat16,False,False
1228,1536,128,False,torch.bfloat16,torch.bfloat16,False,False
1234,1536,128,False,torch.bfloat16,torch.bfloat16,False,False
1236,1536,128,False,torch.bfloat16,torch.bfloat16,False,False
1251,1536,128,False,torch.bfloat16,torch.bfloat16,False,False
1252,1536,128,False,torch.bfloat16,torch.bfloat16,False,False
1253,1536,128,False,torch.bfloat16,torch.bfloat16,False,False
1259,1536,128,False,torch.bfloat16,torch.bfloat16,False,False
1262,1536,128,False,torch.bfloat16,torch.bfloat16,False,False
1270,1536,128,False,torch.bfloat16,torch.bfloat16,False,False
1276,1536,128,False,torch.bfloat16,torch.bfloat16,False,False
1279,1536,128,False,torch.bfloat16,torch.bfloat16,False,False
1284,1536,128,False,torch.bfloat16,torch.bfloat16,False,False
1288,1536,128,False,torch.bfloat16,torch.bfloat16,False,False
1291,1536,128,False,torch.bfloat16,torch.bfloat16,False,False
1293,1536,128,False,torch.bfloat16,torch.bfloat16,False,False
1302,1536,128,False,torch.bfloat16,torch.bfloat16,False,False
1304,1536,128,False,torch.bfloat16,torch.bfloat16,False,False
1305,1536,128,False,torch.bfloat16,torch.bfloat16,False,False
1308,1536,128,False,torch.bfloat16,torch.bfloat16,False,False
1311,1536,128,False,torch.bfloat16,torch.bfloat16,False,False
1314,1536,128,False,torch.bfloat16,torch.bfloat16,False,False
1315,1536,128,False,torch.bfloat16,torch.bfloat16,False,False
1316,1536,128,False,torch.bfloat16,torch.bfloat16,False,False
1321,1536,128,False,torch.bfloat16,torch.bfloat16,False,False
1323,1536,128,False,torch.bfloat16,torch.bfloat16,False,False
1327,1536,128,False,torch.bfloat16,torch.bfloat16,False,False
1335,1536,128,False,torch.bfloat16,torch.bfloat16,False,False
1337,1536,128,False,torch.bfloat16,torch.bfloat16,False,False
1339,1536,128,False,torch.bfloat16,torch.bfloat16,False,False
1345,1536,128,False,torch.bfloat16,torch.bfloat16,False,False
1346,1536,128,False,torch.bfloat16,torch.bfloat16,False,False
1350,1536,128,False,torch.bfloat16,torch.bfloat16,False,False
1356,1536,128,False,torch.bfloat16,torch.bfloat16,False,False
1360,1536,128,False,torch.bfloat16,torch.bfloat16,False,False
1370,1536,128,False,torch.bfloat16,torch.bfloat16,False,False
1371,1536,128,False,torch.bfloat16,torch.bfloat16,False,False
1374,1536,128,False,torch.bfloat16,torch.bfloat16,False,False
1376,1536,128,False,torch.bfloat16,torch.bfloat16,False,False
1377,1536,128,False,torch.bfloat16,torch.bfloat16,False,False
1390,1536,128,False,torch.bfloat16,torch.bfloat16,False,False
1407,1536,128,False,torch.bfloat16,torch.bfloat16,False,False
1417,1536,128,False,torch.bfloat16,torch.bfloat16,False,False
1422,1536,128,False,torch.bfloat16,torch.bfloat16,False,False
1423,1536,128,False,torch.bfloat16,torch.bfloat16,False,False
1426,1536,128,False,torch.bfloat16,torch.bfloat16,False,False
1434,1536,128,False,torch.bfloat16,torch.bfloat16,False,False
1437,1536,128,False,torch.bfloat16,torch.bfloat16,False,False
1444,1536,128,False,torch.bfloat16,torch.bfloat16,False,False
1445,1536,128,False,torch.bfloat16,torch.bfloat16,False,False
1446,1536,128,False,torch.bfloat16,torch.bfloat16,False,False
1448,1536,128,False,torch.bfloat16,torch.bfloat16,False,False
1450,1536,128,False,torch.bfloat16,torch.bfloat16,False,False
1451,1536,128,False,torch.bfloat16,torch.bfloat16,False,False
1454,1536,128,False,torch.bfloat16,torch.bfloat16,False,False
1459,1536,128,False,torch.bfloat16,torch.bfloat16,False,False
1461,1536,128,False,torch.bfloat16,torch.bfloat16,False,False
1462,1536,128,False,torch.bfloat16,torch.bfloat16,False,False
1463,1536,128,False,torch.bfloat16,torch.bfloat16,False,False
1466,1536,128,False,torch.bfloat16,torch.bfloat16,False,False
1478,1536,128,False,torch.bfloat16,torch.bfloat16,False,False
1485,1536,128,False,torch.bfloat16,torch.bfloat16,False,False
1487,1536,128,False,torch.bfloat16,torch.bfloat16,False,False
1489,1536,128,False,torch.bfloat16,torch.bfloat16,False,False
1497,1536,128,False,torch.bfloat16,torch.bfloat16,False,False
1498,1536,128,False,torch.bfloat16,torch.bfloat16,False,False
1499,1536,128,False,torch.bfloat16,torch.bfloat16,False,False
1500,1536,128,False,torch.bfloat16,torch.bfloat16,False,False
1501,1536,128,False,torch.bfloat16,torch.bfloat16,False,False
1502,1536,128,False,torch.bfloat16,torch.bfloat16,False,False
1504,1536,128,False,torch.bfloat16,torch.bfloat16,False,False
1506,1536,128,False,torch.bfloat16,torch.bfloat16,False,False
1509,1536,128,False,torch.bfloat16,torch.bfloat16,False,False
1510,1536,128,False,torch.bfloat16,torch.bfloat16,False,False
1513,1536,128,False,torch.bfloat16,torch.bfloat16,False,False
1518,1536,128,False,torch.bfloat16,torch.bfloat16,False,False
1522,1536,128,False,torch.bfloat16,torch.bfloat16,False,False
1525,1536,128,False,torch.bfloat16,torch.bfloat16,False,False
1532,1536,128,False,torch.bfloat16,torch.bfloat16,False,False
1534,1536,128,False,torch.bfloat16,torch.bfloat16,False,False
1536,1536,128,False,torch.bfloat16,torch.bfloat16,False,False
1537,1536,128,False,torch.bfloat16,torch.bfloat16,False,False
1538,1536,128,False,torch.bfloat16,torch.bfloat16,False,False
1539,1536,128,False,torch.bfloat16,torch.bfloat16,False,False
1540,1536,128,False,torch.bfloat16,torch.bfloat16,False,False
1541,1536,128,False,torch.bfloat16,torch.bfloat16,False,False
1542,1536,128,False,torch.bfloat16,torch.bfloat16,False,False
1543,1536,128,False,torch.bfloat16,torch.bfloat16,False,False
1544,1536,128,False,torch.bfloat16,torch.bfloat16,False,False
1545,1536,128,False,torch.bfloat16,torch.bfloat16,False,False
1546,1536,128,False,torch.bfloat16,torch.bfloat16,False,False
1547,1536,128,False,torch.bfloat16,torch.bfloat16,False,False
1548,1536,128,False,torch.bfloat16,torch.bfloat16,False,False
1733,1536,128,False,torch.bfloat16,torch.bfloat16,False,False
2003,1536,128,False,torch.bfloat16,torch.bfloat16,False,False
2131,1536,128,False,torch.bfloat16,torch.bfloat16,False,False
2149,1536,128,False,torch.bfloat16,torch.bfloat16,False,False
2328,1536,128,False,torch.bfloat16,torch.bfloat16,False,False
2420,1536,128,False,torch.bfloat16,torch.bfloat16,False,False
2563,1536,128,False,torch.bfloat16,torch.bfloat16,False,False
2593,1536,128,False,torch.bfloat16,torch.bfloat16,False,False
2625,1536,128,False,torch.bfloat16,torch.bfloat16,False,False
2633,1536,128,False,torch.bfloat16,torch.bfloat16,False,False
2641,1536,128,False,torch.bfloat16,torch.bfloat16,False,False
2645,1536,128,False,torch.bfloat16,torch.bfloat16,False,False
2682,1536,128,False,torch.bfloat16,torch.bfloat16,False,False
2711,1536,128,False,torch.bfloat16,torch.bfloat16,False,False
2723,1536,128,False,torch.bfloat16,torch.bfloat16,False,False
2733,1536,128,False,torch.bfloat16,torch.bfloat16,False,False
2738,1536,128,False,torch.bfloat16,torch.bfloat16,False,False
2741,1536,128,False,torch.bfloat16,torch.bfloat16,False,False
2745,1536,128,False,torch.bfloat16,torch.bfloat16,False,False
2747,1536,128,False,torch.bfloat16,torch.bfloat16,False,False
2761,1536,128,False,torch.bfloat16,torch.bfloat16,False,False
2765,1536,128,False,torch.bfloat16,torch.bfloat16,False,False
2773,1536,128,False,torch.bfloat16,torch.bfloat16,False,False
2778,1536,128,False,torch.bfloat16,torch.bfloat16,False,False
2810,1536,128,False,torch.bfloat16,torch.bfloat16,False,False
2814,1536,128,False,torch.bfloat16,torch.bfloat16,False,False
2825,1536,128,False,torch.bfloat16,torch.bfloat16,False,False
2826,1536,128,False,torch.bfloat16,torch.bfloat16,False,False
2852,1536,128,False,torch.bfloat16,torch.bfloat16,False,False
2855,1536,128,False,torch.bfloat16,torch.bfloat16,False,False
2856,1536,128,False,torch.bfloat16,torch.bfloat16,False,False
2867,1536,128,False,torch.bfloat16,torch.bfloat16,False,False
2870,1536,128,False,torch.bfloat16,torch.bfloat16,False,False
2873,1536,128,False,torch.bfloat16,torch.bfloat16,False,False
2874,1536,128,False,torch.bfloat16,torch.bfloat16,False,False
2877,1536,128,False,torch.bfloat16,torch.bfloat16,False,False
2883,1536,128,False,torch.bfloat16,torch.bfloat16,False,False
2898,1536,128,False,torch.bfloat16,torch.bfloat16,False,False
2921,1536,128,False,torch.bfloat16,torch.bfloat16,False,False
2926,1536,128,False,torch.bfloat16,torch.bfloat16,False,False
2930,1536,128,False,torch.bfloat16,torch.bfloat16,False,False
2934,1536,128,False,torch.bfloat16,torch.bfloat16,False,False
2937,1536,128,False,torch.bfloat16,torch.bfloat16,False,False
2938,1536,128,False,torch.bfloat16,torch.bfloat16,False,False
2943,1536,128,False,torch.bfloat16,torch.bfloat16,False,False
2955,1536,128,False,torch.bfloat16,torch.bfloat16,False,False
2958,1536,128,False,torch.bfloat16,torch.bfloat16,False,False
2965,1536,128,False,torch.bfloat16,torch.bfloat16,False,False
2969,1536,128,False,torch.bfloat16,torch.bfloat16,False,False
2970,1536,128,False,torch.bfloat16,torch.bfloat16,False,False
2973,1536,128,False,torch.bfloat16,torch.bfloat16,False,False
2986,1536,128,False,torch.bfloat16,torch.bfloat16,False,False
3005,1536,128,False,torch.bfloat16,torch.bfloat16,False,False
3006,1536,128,False,torch.bfloat16,torch.bfloat16,False,False
3010,1536,128,False,torch.bfloat16,torch.bfloat16,False,False
3013,1536,128,False,torch.bfloat16,torch.bfloat16,False,False
3017,1536,128,False,torch.bfloat16,torch.bfloat16,False,False
3038,1536,128,False,torch.bfloat16,torch.bfloat16,False,False
3049,1536,128,False,torch.bfloat16,torch.bfloat16,False,False
3050,1536,128,False,torch.bfloat16,torch.bfloat16,False,False
3052,1536,128,False,torch.bfloat16,torch.bfloat16,False,False
3055,1536,128,False,torch.bfloat16,torch.bfloat16,False,False
3070,1536,128,False,torch.bfloat16,torch.bfloat16,False,False
3072,1536,128,False,torch.bfloat16,torch.bfloat16,False,False
3073,1536,128,False,torch.bfloat16,torch.bfloat16,False,False
3074,1536,128,False,torch.bfloat16,torch.bfloat16,False,False
3075,1536,128,False,torch.bfloat16,torch.bfloat16,False,False
3076,1536,128,False,torch.bfloat16,torch.bfloat16,False,False
3077,1536,128,False,torch.bfloat16,torch.bfloat16,False,False
3078,1536,128,False,torch.bfloat16,torch.bfloat16,False,False
3079,1536,128,False,torch.bfloat16,torch.bfloat16,False,False
3080,1536,128,False,torch.bfloat16,torch.bfloat16,False,False
3081,1536,128,False,torch.bfloat16,torch.bfloat16,False,False
3082,1536,128,False,torch.bfloat16,torch.bfloat16,False,False
3083,1536,128,False,torch.bfloat16,torch.bfloat16,False,False
3084,1536,128,False,torch.bfloat16,torch.bfloat16,False,False
3102,1536,128,False,torch.bfloat16,torch.bfloat16,False,False
3110,1536,128,False,torch.bfloat16,torch.bfloat16,False,False
3125,1536,128,False,torch.bfloat16,torch.bfloat16,False,False
3127,1536,128,False,torch.bfloat16,torch.bfloat16,False,False
3128,1536,128,False,torch.bfloat16,torch.bfloat16,False,False
3129,1536,128,False,torch.bfloat16,torch.bfloat16,False,False
3130,1536,128,False,torch.bfloat16,torch.bfloat16,False,False
3133,1536,128,False,torch.bfloat16,torch.bfloat16,False,False
3150,1536,128,False,torch.bfloat16,torch.bfloat16,False,False
3166,1536,128,False,torch.bfloat16,torch.bfloat16,False,False
3185,1536,128,False,torch.bfloat16,torch.bfloat16,False,False
3188,1536,128,False,torch.bfloat16,torch.bfloat16,False,False
3207,1536,128,False,torch.bfloat16,torch.bfloat16,False,False
3218,1536,128,False,torch.bfloat16,torch.bfloat16,False,False
3225,1536,128,False,torch.bfloat16,torch.bfloat16,False,False
3228,1536,128,False,torch.bfloat16,torch.bfloat16,False,False
3229,1536,128,False,torch.bfloat16,torch.bfloat16,False,False
3232,1536,128,False,torch.bfloat16,torch.bfloat16,False,False
3245,1536,128,False,torch.bfloat16,torch.bfloat16,False,False
3247,1536,128,False,torch.bfloat16,torch.bfloat16,False,False
3255,1536,128,False,torch.bfloat16,torch.bfloat16,False,False
3260,1536,128,False,torch.bfloat16,torch.bfloat16,False,False
3265,1536,128,False,torch.bfloat16,torch.bfloat16,False,False
3276,1536,128,False,torch.bfloat16,torch.bfloat16,False,False
3295,1536,128,False,torch.bfloat16,torch.bfloat16,False,False
3311,1536,128,False,torch.bfloat16,torch.bfloat16,False,False
3323,1536,128,False,torch.bfloat16,torch.bfloat16,False,False
3328,1536,128,False,torch.bfloat16,torch.bfloat16,False,False
3344,1536,128,False,torch.bfloat16,torch.bfloat16,False,False
3346,1536,128,False,torch.bfloat16,torch.bfloat16,False,False
3349,1536,128,False,torch.bfloat16,torch.bfloat16,False,False
3351,1536,128,False,torch.bfloat16,torch.bfloat16,False,False
3372,1536,128,False,torch.bfloat16,torch.bfloat16,False,False
3382,1536,128,False,torch.bfloat16,torch.bfloat16,False,False
3398,1536,128,False,torch.bfloat16,torch.bfloat16,False,False
3404,1536,128,False,torch.bfloat16,torch.bfloat16,False,False
3420,1536,128,False,torch.bfloat16,torch.bfloat16,False,False
3424,1536,128,False,torch.bfloat16,torch.bfloat16,False,False
3426,1536,128,False,torch.bfloat16,torch.bfloat16,False,False
3438,1536,128,False,torch.bfloat16,torch.bfloat16,False,False
3444,1536,128,False,torch.bfloat16,torch.bfloat16,False,False
3446,1536,128,False,torch.bfloat16,torch.bfloat16,False,False
3449,1536,128,False,torch.bfloat16,torch.bfloat16,False,False
3456,1536,128,False,torch.bfloat16,torch.bfloat16,False,False
3469,1536,128,False,torch.bfloat16,torch.bfloat16,False,False
3470,1536,128,False,torch.bfloat16,torch.bfloat16,False,False
3478,1536,128,False,torch.bfloat16,torch.bfloat16,False,False
3479,1536,128,False,torch.bfloat16,torch.bfloat16,False,False
3496,1536,128,False,torch.bfloat16,torch.bfloat16,False,False
3497,1536,128,False,torch.bfloat16,torch.bfloat16,False,False
3510,1536,128,False,torch.bfloat16,torch.bfloat16,False,False
3515,1536,128,False,torch.bfloat16,torch.bfloat16,False,False
3520,1536,128,False,torch.bfloat16,torch.bfloat16,False,False
3525,1536,128,False,torch.bfloat16,torch.bfloat16,False,False
3553,1536,128,False,torch.bfloat16,torch.bfloat16,False,False
3558,1536,128,False,torch.bfloat16,torch.bfloat16,False,False
3561,1536,128,False,torch.bfloat16,torch.bfloat16,False,False
3589,1536,128,False,torch.bfloat16,torch.bfloat16,False,False
3592,1536,128,False,torch.bfloat16,torch.bfloat16,False,False
3600,1536,128,False,torch.bfloat16,torch.bfloat16,False,False
3611,1536,128,False,torch.bfloat16,torch.bfloat16,False,False
3612,1536,128,False,torch.bfloat16,torch.bfloat16,False,False
3630,1536,128,False,torch.bfloat16,torch.bfloat16,False,False
3635,1536,128,False,torch.bfloat16,torch.bfloat16,False,False
3642,1536,128,False,torch.bfloat16,torch.bfloat16,False,False
3643,1536,128,False,torch.bfloat16,torch.bfloat16,False,False
3672,1536,128,False,torch.bfloat16,torch.bfloat16,False,False
3680,1536,128,False,torch.bfloat16,torch.bfloat16,False,False
3689,1536,128,False,torch.bfloat16,torch.bfloat16,False,False
3691,1536,128,False,torch.bfloat16,torch.bfloat16,False,False
3693,1536,128,False,torch.bfloat16,torch.bfloat16,False,False
3701,1536,128,False,torch.bfloat16,torch.bfloat16,False,False
3704,1536,128,False,torch.bfloat16,torch.bfloat16,False,False
3711,1536,128,False,torch.bfloat16,torch.bfloat16,False,False
3715,1536,128,False,torch.bfloat16,torch.bfloat16,False,False
3718,1536,128,False,torch.bfloat16,torch.bfloat16,False,False
3724,1536,128,False,torch.bfloat16,torch.bfloat16,False,False
3737,1536,128,False,torch.bfloat16,torch.bfloat16,False,False
3740,1536,128,False,torch.bfloat16,torch.bfloat16,False,False
3741,1536,128,False,torch.bfloat16,torch.bfloat16,False,False
3742,1536,128,False,torch.bfloat16,torch.bfloat16,False,False
3762,1536,128,False,torch.bfloat16,torch.bfloat16,False,False
3766,1536,128,False,torch.bfloat16,torch.bfloat16,False,False
3767,1536,128,False,torch.bfloat16,torch.bfloat16,False,False
3768,1536,128,False,torch.bfloat16,torch.bfloat16,False,False
3770,1536,128,False,torch.bfloat16,torch.bfloat16,False,False
3774,1536,128,False,torch.bfloat16,torch.bfloat16,False,False
3777,1536,128,False,torch.bfloat16,torch.bfloat16,False,False
3781,1536,128,False,torch.bfloat16,torch.bfloat16,False,False
3807,1536,128,False,torch.bfloat16,torch.bfloat16,False,False
3808,1536,128,False,torch.bfloat16,torch.bfloat16,False,False
3810,1536,128,False,torch.bfloat16,torch.bfloat16,False,False
3816,1536,128,False,torch.bfloat16,torch.bfloat16,False,False
3818,1536,128,False,torch.bfloat16,torch.bfloat16,False,False
3848,1536,128,False,torch.bfloat16,torch.bfloat16,False,False
3849,1536,128,False,torch.bfloat16,torch.bfloat16,False,False
3853,1536,128,False,torch.bfloat16,torch.bfloat16,False,False
3863,1536,128,False,torch.bfloat16,torch.bfloat16,False,False
3882,1536,128,False,torch.bfloat16,torch.bfloat16,False,False
3897,1536,128,False,torch.bfloat16,torch.bfloat16,False,False
3904,1536,128,False,torch.bfloat16,torch.bfloat16,False,False
3908,1536,128,False,torch.bfloat16,torch.bfloat16,False,False
3928,1536,128,False,torch.bfloat16,torch.bfloat16,False,False
3935,1536,128,False,torch.bfloat16,torch.bfloat16,False,False
3938,1536,128,False,torch.bfloat16,torch.bfloat16,False,False
3945,1536,128,False,torch.bfloat16,torch.bfloat16,False,False
3955,1536,128,False,torch.bfloat16,torch.bfloat16,False,False
3965,1536,128,False,torch.bfloat16,torch.bfloat16,False,False
3966,1536,128,False,torch.bfloat16,torch.bfloat16,False,False
3967,1536,128,False,torch.bfloat16,torch.bfloat16,False,False
3968,1536,128,False,torch.bfloat16,torch.bfloat16,False,False
3988,1536,128,False,torch.bfloat16,torch.bfloat16,False,False
3990,1536,128,False,torch.bfloat16,torch.bfloat16,False,False
3999,1536,128,False,torch.bfloat16,torch.bfloat16,False,False
4000,1536,128,False,torch.bfloat16,torch.bfloat16,False,False
4014,1536,128,False,torch.bfloat16,torch.bfloat16,False,False
4017,1536,128,False,torch.bfloat16,torch.bfloat16,False,False
4019,1536,128,False,torch.bfloat16,torch.bfloat16,False,False
4031,1536,128,False,torch.bfloat16,torch.bfloat16,False,False
4047,1536,128,False,torch.bfloat16,torch.bfloat16,False,False
4054,1536,128,False,torch.bfloat16,torch.bfloat16,False,False
4061,1536,128,False,torch.bfloat16,torch.bfloat16,False,False
4070,1536,128,False,torch.bfloat16,torch.bfloat16,False,False
4087,1536,128,False,torch.bfloat16,torch.bfloat16,False,False
4096,1536,128,False,torch.bfloat16,torch.bfloat16,False,False
1025,1536,7168,False,torch.bfloat16,torch.bfloat16,False,False
1026,1536,7168,False,torch.bfloat16,torch.bfloat16,False,False
1029,1536,7168,False,torch.bfloat16,torch.bfloat16,False,False
1052,1536,7168,False,torch.bfloat16,torch.bfloat16,False,False
1053,1536,7168,False,torch.bfloat16,torch.bfloat16,False,False
1059,1536,7168,False,torch.bfloat16,torch.bfloat16,False,False
1060,1536,7168,False,torch.bfloat16,torch.bfloat16,False,False
1069,1536,7168,False,torch.bfloat16,torch.bfloat16,False,False
1073,1536,7168,False,torch.bfloat16,torch.bfloat16,False,False
1076,1536,7168,False,torch.bfloat16,torch.bfloat16,False,False
1081,1536,7168,False,torch.bfloat16,torch.bfloat16,False,False
1082,1536,7168,False,torch.bfloat16,torch.bfloat16,False,False
1083,1536,7168,False,torch.bfloat16,torch.bfloat16,False,False
1084,1536,7168,False,torch.bfloat16,torch.bfloat16,False,False
1085,1536,7168,False,torch.bfloat16,torch.bfloat16,False,False
1086,1536,7168,False,torch.bfloat16,torch.bfloat16,False,False
1089,1536,7168,False,torch.bfloat16,torch.bfloat16,False,False
1097,1536,7168,False,torch.bfloat16,torch.bfloat16,False,False
1100,1536,7168,False,torch.bfloat16,torch.bfloat16,False,False
1126,1536,7168,False,torch.bfloat16,torch.bfloat16,False,False
1127,1536,7168,False,torch.bfloat16,torch.bfloat16,False,False
1128,1536,7168,False,torch.bfloat16,torch.bfloat16,False,False
1133,1536,7168,False,torch.bfloat16,torch.bfloat16,False,False
1134,1536,7168,False,torch.bfloat16,torch.bfloat16,False,False
1140,1536,7168,False,torch.bfloat16,torch.bfloat16,False,False
1141,1536,7168,False,torch.bfloat16,torch.bfloat16,False,False
1143,1536,7168,False,torch.bfloat16,torch.bfloat16,False,False
1150,1536,7168,False,torch.bfloat16,torch.bfloat16,False,False
1151,1536,7168,False,torch.bfloat16,torch.bfloat16,False,False
1155,1536,7168,False,torch.bfloat16,torch.bfloat16,False,False
1156,1536,7168,False,torch.bfloat16,torch.bfloat16,False,False
1164,1536,7168,False,torch.bfloat16,torch.bfloat16,False,False
1166,1536,7168,False,torch.bfloat16,torch.bfloat16,False,False
1175,1536,7168,False,torch.bfloat16,torch.bfloat16,False,False
1177,1536,7168,False,torch.bfloat16,torch.bfloat16,False,False
1180,1536,7168,False,torch.bfloat16,torch.bfloat16,False,False
1181,1536,7168,False,torch.bfloat16,torch.bfloat16,False,False
1191,1536,7168,False,torch.bfloat16,torch.bfloat16,False,False
1193,1536,7168,False,torch.bfloat16,torch.bfloat16,False,False
1208,1536,7168,False,torch.bfloat16,torch.bfloat16,False,False
1209,1536,7168,False,torch.bfloat16,torch.bfloat16,False,False
1213,1536,7168,False,torch.bfloat16,torch.bfloat16,False,False
1215,1536,7168,False,torch.bfloat16,torch.bfloat16,False,False
1216,1536,7168,False,torch.bfloat16,torch.bfloat16,False,False
1217,1536,7168,False,torch.bfloat16,torch.bfloat16,False,False
1221,1536,7168,False,torch.bfloat16,torch.bfloat16,False,False
1228,1536,7168,False,torch.bfloat16,torch.bfloat16,False,False
1234,1536,7168,False,torch.bfloat16,torch.bfloat16,False,False
1236,1536,7168,False,torch.bfloat16,torch.bfloat16,False,False
1251,1536,7168,False,torch.bfloat16,torch.bfloat16,False,False
1252,1536,7168,False,torch.bfloat16,torch.bfloat16,False,False
1253,1536,7168,False,torch.bfloat16,torch.bfloat16,False,False
1259,1536,7168,False,torch.bfloat16,torch.bfloat16,False,False
1262,1536,7168,False,torch.bfloat16,torch.bfloat16,False,False
1270,1536,7168,False,torch.bfloat16,torch.bfloat16,False,False
1276,1536,7168,False,torch.bfloat16,torch.bfloat16,False,False
1279,1536,7168,False,torch.bfloat16,torch.bfloat16,False,False
1284,1536,7168,False,torch.bfloat16,torch.bfloat16,False,False
1288,1536,7168,False,torch.bfloat16,torch.bfloat16,False,False
1291,1536,7168,False,torch.bfloat16,torch.bfloat16,False,False
1293,1536,7168,False,torch.bfloat16,torch.bfloat16,False,False
1302,1536,7168,False,torch.bfloat16,torch.bfloat16,False,False
1304,1536,7168,False,torch.bfloat16,torch.bfloat16,False,False
1305,1536,7168,False,torch.bfloat16,torch.bfloat16,False,False
1308,1536,7168,False,torch.bfloat16,torch.bfloat16,False,False
1311,1536,7168,False,torch.bfloat16,torch.bfloat16,False,False
1314,1536,7168,False,torch.bfloat16,torch.bfloat16,False,False
1315,1536,7168,False,torch.bfloat16,torch.bfloat16,False,False
1316,1536,7168,False,torch.bfloat16,torch.bfloat16,False,False
1321,1536,7168,False,torch.bfloat16,torch.bfloat16,False,False
1323,1536,7168,False,torch.bfloat16,torch.bfloat16,False,False
1327,1536,7168,False,torch.bfloat16,torch.bfloat16,False,False
1335,1536,7168,False,torch.bfloat16,torch.bfloat16,False,False
1337,1536,7168,False,torch.bfloat16,torch.bfloat16,False,False
1339,1536,7168,False,torch.bfloat16,torch.bfloat16,False,False
1345,1536,7168,False,torch.bfloat16,torch.bfloat16,False,False
1346,1536,7168,False,torch.bfloat16,torch.bfloat16,False,False
1350,1536,7168,False,torch.bfloat16,torch.bfloat16,False,False
1356,1536,7168,False,torch.bfloat16,torch.bfloat16,False,False
1360,1536,7168,False,torch.bfloat16,torch.bfloat16,False,False
1370,1536,7168,False,torch.bfloat16,torch.bfloat16,False,False
1371,1536,7168,False,torch.bfloat16,torch.bfloat16,False,False
1374,1536,7168,False,torch.bfloat16,torch.bfloat16,False,False
1376,1536,7168,False,torch.bfloat16,torch.bfloat16,False,False
1377,1536,7168,False,torch.bfloat16,torch.bfloat16,False,False
1390,1536,7168,False,torch.bfloat16,torch.bfloat16,False,False
1407,1536,7168,False,torch.bfloat16,torch.bfloat16,False,False
1417,1536,7168,False,torch.bfloat16,torch.bfloat16,False,False
1422,1536,7168,False,torch.bfloat16,torch.bfloat16,False,False
1423,1536,7168,False,torch.bfloat16,torch.bfloat16,False,False
1426,1536,7168,False,torch.bfloat16,torch.bfloat16,False,False
1434,1536,7168,False,torch.bfloat16,torch.bfloat16,False,False
1437,1536,7168,False,torch.bfloat16,torch.bfloat16,False,False
1444,1536,7168,False,torch.bfloat16,torch.bfloat16,False,False
1445,1536,7168,False,torch.bfloat16,torch.bfloat16,False,False
1446,1536,7168,False,torch.bfloat16,torch.bfloat16,False,False
1448,1536,7168,False,torch.bfloat16,torch.bfloat16,False,False
1450,1536,7168,False,torch.bfloat16,torch.bfloat16,False,False
1451,1536,7168,False,torch.bfloat16,torch.bfloat16,False,False
1454,1536,7168,False,torch.bfloat16,torch.bfloat16,False,False
1459,1536,7168,False,torch.bfloat16,torch.bfloat16,False,False
1461,1536,7168,False,torch.bfloat16,torch.bfloat16,False,False
1462,1536,7168,False,torch.bfloat16,torch.bfloat16,False,False
1463,1536,7168,False,torch.bfloat16,torch.bfloat16,False,False
1466,1536,7168,False,torch.bfloat16,torch.bfloat16,False,False
1478,1536,7168,False,torch.bfloat16,torch.bfloat16,False,False
1485,1536,7168,False,torch.bfloat16,torch.bfloat16,False,False
1487,1536,7168,False,torch.bfloat16,torch.bfloat16,False,False
1489,1536,7168,False,torch.bfloat16,torch.bfloat16,False,False
1497,1536,7168,False,torch.bfloat16,torch.bfloat16,False,False
1498,1536,7168,False,torch.bfloat16,torch.bfloat16,False,False
1499,1536,7168,False,torch.bfloat16,torch.bfloat16,False,False
1500,1536,7168,False,torch.bfloat16,torch.bfloat16,False,False
1501,1536,7168,False,torch.bfloat16,torch.bfloat16,False,False
1502,1536,7168,False,torch.bfloat16,torch.bfloat16,False,False
1504,1536,7168,False,torch.bfloat16,torch.bfloat16,False,False
1506,1536,7168,False,torch.bfloat16,torch.bfloat16,False,False
1509,1536,7168,False,torch.bfloat16,torch.bfloat16,False,False
1510,1536,7168,False,torch.bfloat16,torch.bfloat16,False,False
1513,1536,7168,False,torch.bfloat16,torch.bfloat16,False,False
1518,1536,7168,False,torch.bfloat16,torch.bfloat16,False,False
1522,1536,7168,False,torch.bfloat16,torch.bfloat16,False,False
1525,1536,7168,False,torch.bfloat16,torch.bfloat16,False,False
1532,1536,7168,False,torch.bfloat16,torch.bfloat16,False,False
1534,1536,7168,False,torch.bfloat16,torch.bfloat16,False,False
1536,1536,7168,False,torch.bfloat16,torch.bfloat16,False,False
1537,1536,7168,False,torch.bfloat16,torch.bfloat16,False,False
1538,1536,7168,False,torch.bfloat16,torch.bfloat16,False,False
1539,1536,7168,False,torch.bfloat16,torch.bfloat16,False,False
1540,1536,7168,False,torch.bfloat16,torch.bfloat16,False,False
1541,1536,7168,False,torch.bfloat16,torch.bfloat16,False,False
1542,1536,7168,False,torch.bfloat16,torch.bfloat16,False,False
1543,1536,7168,False,torch.bfloat16,torch.bfloat16,False,False
1544,1536,7168,False,torch.bfloat16,torch.bfloat16,False,False
1545,1536,7168,False,torch.bfloat16,torch.bfloat16,False,False
1546,1536,7168,False,torch.bfloat16,torch.bfloat16,False,False
1547,1536,7168,False,torch.bfloat16,torch.bfloat16,False,False
1548,1536,7168,False,torch.bfloat16,torch.bfloat16,False,False
1733,1536,7168,False,torch.bfloat16,torch.bfloat16,False,False
2003,1536,7168,False,torch.bfloat16,torch.bfloat16,False,False
2131,1536,7168,False,torch.bfloat16,torch.bfloat16,False,False
2149,1536,7168,False,torch.bfloat16,torch.bfloat16,False,False
2328,1536,7168,False,torch.bfloat16,torch.bfloat16,False,False
2420,1536,7168,False,torch.bfloat16,torch.bfloat16,False,False
2563,1536,7168,False,torch.bfloat16,torch.bfloat16,False,False
2593,1536,7168,False,torch.bfloat16,torch.bfloat16,False,False
2625,1536,7168,False,torch.bfloat16,torch.bfloat16,False,False
2633,1536,7168,False,torch.bfloat16,torch.bfloat16,False,False
2641,1536,7168,False,torch.bfloat16,torch.bfloat16,False,False
2645,1536,7168,False,torch.bfloat16,torch.bfloat16,False,False
2682,1536,7168,False,torch.bfloat16,torch.bfloat16,False,False
2711,1536,7168,False,torch.bfloat16,torch.bfloat16,False,False
2723,1536,7168,False,torch.bfloat16,torch.bfloat16,False,False
2733,1536,7168,False,torch.bfloat16,torch.bfloat16,False,False
2738,1536,7168,False,torch.bfloat16,torch.bfloat16,False,False
2741,1536,7168,False,torch.bfloat16,torch.bfloat16,False,False
2745,1536,7168,False,torch.bfloat16,torch.bfloat16,False,False
2747,1536,7168,False,torch.bfloat16,torch.bfloat16,False,False
2761,1536,7168,False,torch.bfloat16,torch.bfloat16,False,False
2765,1536,7168,False,torch.bfloat16,torch.bfloat16,False,False
2773,1536,7168,False,torch.bfloat16,torch.bfloat16,False,False
2778,1536,7168,False,torch.bfloat16,torch.bfloat16,False,False
2810,1536,7168,False,torch.bfloat16,torch.bfloat16,False,False
2814,1536,7168,False,torch.bfloat16,torch.bfloat16,False,False
2825,1536,7168,False,torch.bfloat16,torch.bfloat16,False,False
2826,1536,7168,False,torch.bfloat16,torch.bfloat16,False,False
2852,1536,7168,False,torch.bfloat16,torch.bfloat16,False,False
2855,1536,7168,False,torch.bfloat16,torch.bfloat16,False,False
2856,1536,7168,False,torch.bfloat16,torch.bfloat16,False,False
2867,1536,7168,False,torch.bfloat16,torch.bfloat16,False,False
2870,1536,7168,False,torch.bfloat16,torch.bfloat16,False,False
2873,1536,7168,False,torch.bfloat16,torch.bfloat16,False,False
2874,1536,7168,False,torch.bfloat16,torch.bfloat16,False,False
2877,1536,7168,False,torch.bfloat16,torch.bfloat16,False,False
2883,1536,7168,False,torch.bfloat16,torch.bfloat16,False,False
2898,1536,7168,False,torch.bfloat16,torch.bfloat16,False,False
2921,1536,7168,False,torch.bfloat16,torch.bfloat16,False,False
2926,1536,7168,False,torch.bfloat16,torch.bfloat16,False,False
2930,1536,7168,False,torch.bfloat16,torch.bfloat16,False,False
2934,1536,7168,False,torch.bfloat16,torch.bfloat16,False,False
2937,1536,7168,False,torch.bfloat16,torch.bfloat16,False,False
2938,1536,7168,False,torch.bfloat16,torch.bfloat16,False,False
2943,1536,7168,False,torch.bfloat16,torch.bfloat16,False,False
2955,1536,7168,False,torch.bfloat16,torch.bfloat16,False,False
2958,1536,7168,False,torch.bfloat16,torch.bfloat16,False,False
2965,1536,7168,False,torch.bfloat16,torch.bfloat16,False,False
2969,1536,7168,False,torch.bfloat16,torch.bfloat16,False,False
2970,1536,7168,False,torch.bfloat16,torch.bfloat16,False,False
2973,1536,7168,False,torch.bfloat16,torch.bfloat16,False,False
2986,1536,7168,False,torch.bfloat16,torch.bfloat16,False,False
3005,1536,7168,False,torch.bfloat16,torch.bfloat16,False,False
3006,1536,7168,False,torch.bfloat16,torch.bfloat16,False,False
3010,1536,7168,False,torch.bfloat16,torch.bfloat16,False,False
3013,1536,7168,False,torch.bfloat16,torch.bfloat16,False,False
3017,1536,7168,False,torch.bfloat16,torch.bfloat16,False,False
3038,1536,7168,False,torch.bfloat16,torch.bfloat16,False,False
3049,1536,7168,False,torch.bfloat16,torch.bfloat16,False,False
3050,1536,7168,False,torch.bfloat16,torch.bfloat16,False,False
3052,1536,7168,False,torch.bfloat16,torch.bfloat16,False,False
3055,1536,7168,False,torch.bfloat16,torch.bfloat16,False,False
3070,1536,7168,False,torch.bfloat16,torch.bfloat16,False,False
3072,1536,7168,False,torch.bfloat16,torch.bfloat16,False,False
3073,1536,7168,False,torch.bfloat16,torch.bfloat16,False,False
3074,1536,7168,False,torch.bfloat16,torch.bfloat16,False,False
3075,1536,7168,False,torch.bfloat16,torch.bfloat16,False,False
3076,1536,7168,False,torch.bfloat16,torch.bfloat16,False,False
3077,1536,7168,False,torch.bfloat16,torch.bfloat16,False,False
3078,1536,7168,False,torch.bfloat16,torch.bfloat16,False,False
3079,1536,7168,False,torch.bfloat16,torch.bfloat16,False,False
3080,1536,7168,False,torch.bfloat16,torch.bfloat16,False,False
3081,1536,7168,False,torch.bfloat16,torch.bfloat16,False,False
3082,1536,7168,False,torch.bfloat16,torch.bfloat16,False,False
3083,1536,7168,False,torch.bfloat16,torch.bfloat16,False,False
3084,1536,7168,False,torch.bfloat16,torch.bfloat16,False,False
3102,1536,7168,False,torch.bfloat16,torch.bfloat16,False,False
3110,1536,7168,False,torch.bfloat16,torch.bfloat16,False,False
3125,1536,7168,False,torch.bfloat16,torch.bfloat16,False,False
3127,1536,7168,False,torch.bfloat16,torch.bfloat16,False,False
3128,1536,7168,False,torch.bfloat16,torch.bfloat16,False,False
3129,1536,7168,False,torch.bfloat16,torch.bfloat16,False,False
3130,1536,7168,False,torch.bfloat16,torch.bfloat16,False,False
3133,1536,7168,False,torch.bfloat16,torch.bfloat16,False,False
3150,1536,7168,False,torch.bfloat16,torch.bfloat16,False,False
3166,1536,7168,False,torch.bfloat16,torch.bfloat16,False,False
3185,1536,7168,False,torch.bfloat16,torch.bfloat16,False,False
3188,1536,7168,False,torch.bfloat16,torch.bfloat16,False,False
3207,1536,7168,False,torch.bfloat16,torch.bfloat16,False,False
3218,1536,7168,False,torch.bfloat16,torch.bfloat16,False,False
3225,1536,7168,False,torch.bfloat16,torch.bfloat16,False,False
3228,1536,7168,False,torch.bfloat16,torch.bfloat16,False,False
3229,1536,7168,False,torch.bfloat16,torch.bfloat16,False,False
3232,1536,7168,False,torch.bfloat16,torch.bfloat16,False,False
3245,1536,7168,False,torch.bfloat16,torch.bfloat16,False,False
3247,1536,7168,False,torch.bfloat16,torch.bfloat16,False,False
3255,1536,7168,False,torch.bfloat16,torch.bfloat16,False,False
3260,1536,7168,False,torch.bfloat16,torch.bfloat16,False,False
3265,1536,7168,False,torch.bfloat16,torch.bfloat16,False,False
3276,1536,7168,False,torch.bfloat16,torch.bfloat16,False,False
3295,1536,7168,False,torch.bfloat16,torch.bfloat16,False,False
3311,1536,7168,False,torch.bfloat16,torch.bfloat16,False,False
3323,1536,7168,False,torch.bfloat16,torch.bfloat16,False,False
3328,1536,7168,False,torch.bfloat16,torch.bfloat16,False,False
3344,1536,7168,False,torch.bfloat16,torch.bfloat16,False,False
3346,1536,7168,False,torch.bfloat16,torch.bfloat16,False,False
3349,1536,7168,False,torch.bfloat16,torch.bfloat16,False,False
3351,1536,7168,False,torch.bfloat16,torch.bfloat16,False,False
3372,1536,7168,False,torch.bfloat16,torch.bfloat16,False,False
3382,1536,7168,False,torch.bfloat16,torch.bfloat16,False,False
3398,1536,7168,False,torch.bfloat16,torch.bfloat16,False,False
3404,1536,7168,False,torch.bfloat16,torch.bfloat16,False,False
3420,1536,7168,False,torch.bfloat16,torch.bfloat16,False,False
3424,1536,7168,False,torch.bfloat16,torch.bfloat16,False,False
3426,1536,7168,False,torch.bfloat16,torch.bfloat16,False,False
3438,1536,7168,False,torch.bfloat16,torch.bfloat16,False,False
3444,1536,7168,False,torch.bfloat16,torch.bfloat16,False,False
3446,1536,7168,False,torch.bfloat16,torch.bfloat16,False,False
3449,1536,7168,False,torch.bfloat16,torch.bfloat16,False,False
3456,1536,7168,False,torch.bfloat16,torch.bfloat16,False,False
3469,1536,7168,False,torch.bfloat16,torch.bfloat16,False,False
3470,1536,7168,False,torch.bfloat16,torch.bfloat16,False,False
3478,1536,7168,False,torch.bfloat16,torch.bfloat16,False,False
3479,1536,7168,False,torch.bfloat16,torch.bfloat16,False,False
3496,1536,7168,False,torch.bfloat16,torch.bfloat16,False,False
3497,1536,7168,False,torch.bfloat16,torch.bfloat16,False,False
3510,1536,7168,False,torch.bfloat16,torch.bfloat16,False,False
3515,1536,7168,False,torch.bfloat16,torch.bfloat16,False,False
3520,1536,7168,False,torch.bfloat16,torch.bfloat16,False,False
3525,1536,7168,False,torch.bfloat16,torch.bfloat16,False,False
3553,1536,7168,False,torch.bfloat16,torch.bfloat16,False,False
3558,1536,7168,False,torch.bfloat16,torch.bfloat16,False,False
3561,1536,7168,False,torch.bfloat16,torch.bfloat16,False,False
3589,1536,7168,False,torch.bfloat16,torch.bfloat16,False,False
3592,1536,7168,False,torch.bfloat16,torch.bfloat16,False,False
3600,1536,7168,False,torch.bfloat16,torch.bfloat16,False,False
3611,1536,7168,False,torch.bfloat16,torch.bfloat16,False,False
3612,1536,7168,False,torch.bfloat16,torch.bfloat16,False,False
3630,1536,7168,False,torch.bfloat16,torch.bfloat16,False,False
3635,1536,7168,False,torch.bfloat16,torch.bfloat16,False,False
3642,1536,7168,False,torch.bfloat16,torch.bfloat16,False,False
3643,1536,7168,False,torch.bfloat16,torch.bfloat16,False,False
3672,1536,7168,False,torch.bfloat16,torch.bfloat16,False,False
3680,1536,7168,False,torch.bfloat16,torch.bfloat16,False,False
3689,1536,7168,False,torch.bfloat16,torch.bfloat16,False,False
3691,1536,7168,False,torch.bfloat16,torch.bfloat16,False,False
3693,1536,7168,False,torch.bfloat16,torch.bfloat16,False,False
3701,1536,7168,False,torch.bfloat16,torch.bfloat16,False,False
3704,1536,7168,False,torch.bfloat16,torch.bfloat16,False,False
3711,1536,7168,False,torch.bfloat16,torch.bfloat16,False,False
3715,1536,7168,False,torch.bfloat16,torch.bfloat16,False,False
3718,1536,7168,False,torch.bfloat16,torch.bfloat16,False,False
3724,1536,7168,False,torch.bfloat16,torch.bfloat16,False,False
3737,1536,7168,False,torch.bfloat16,torch.bfloat16,False,False
3740,1536,7168,False,torch.bfloat16,torch.bfloat16,False,False
3741,1536,7168,False,torch.bfloat16,torch.bfloat16,False,False
3742,1536,7168,False,torch.bfloat16,torch.bfloat16,False,False
3762,1536,7168,False,torch.bfloat16,torch.bfloat16,False,False
3766,1536,7168,False,torch.bfloat16,torch.bfloat16,False,False
3767,1536,7168,False,torch.bfloat16,torch.bfloat16,False,False
3768,1536,7168,False,torch.bfloat16,torch.bfloat16,False,False
3770,1536,7168,False,torch.bfloat16,torch.bfloat16,False,False
3774,1536,7168,False,torch.bfloat16,torch.bfloat16,False,False
3777,1536,7168,False,torch.bfloat16,torch.bfloat16,False,False
3781,1536,7168,False,torch.bfloat16,torch.bfloat16,False,False
3807,1536,7168,False,torch.bfloat16,torch.bfloat16,False,False
3808,1536,7168,False,torch.bfloat16,torch.bfloat16,False,False
3810,1536,7168,False,torch.bfloat16,torch.bfloat16,False,False
3816,1536,7168,False,torch.bfloat16,torch.bfloat16,False,False
3818,1536,7168,False,torch.bfloat16,torch.bfloat16,False,False
3848,1536,7168,False,torch.bfloat16,torch.bfloat16,False,False
3849,1536,7168,False,torch.bfloat16,torch.bfloat16,False,False
3853,1536,7168,False,torch.bfloat16,torch.bfloat16,False,False
3863,1536,7168,False,torch.bfloat16,torch.bfloat16,False,False
3882,1536,7168,False,torch.bfloat16,torch.bfloat16,False,False
3897,1536,7168,False,torch.bfloat16,torch.bfloat16,False,False
3904,1536,7168,False,torch.bfloat16,torch.bfloat16,False,False
3908,1536,7168,False,torch.bfloat16,torch.bfloat16,False,False
3928,1536,7168,False,torch.bfloat16,torch.bfloat16,False,False
3935,1536,7168,False,torch.bfloat16,torch.bfloat16,False,False
3938,1536,7168,False,torch.bfloat16,torch.bfloat16,False,False
3945,1536,7168,False,torch.bfloat16,torch.bfloat16,False,False
3955,1536,7168,False,torch.bfloat16,torch.bfloat16,False,False
3965,1536,7168,False,torch.bfloat16,torch.bfloat16,False,False
3966,1536,7168,False,torch.bfloat16,torch.bfloat16,False,False
3967,1536,7168,False,torch.bfloat16,torch.bfloat16,False,False
3968,1536,7168,False,torch.bfloat16,torch.bfloat16,False,False
3988,1536,7168,False,torch.bfloat16,torch.bfloat16,False,False
3990,1536,7168,False,torch.bfloat16,torch.bfloat16,False,False
3999,1536,7168,False,torch.bfloat16,torch.bfloat16,False,False
4000,1536,7168,False,torch.bfloat16,torch.bfloat16,False,False
4014,1536,7168,False,torch.bfloat16,torch.bfloat16,False,False
4017,1536,7168,False,torch.bfloat16,torch.bfloat16,False,False
4019,1536,7168,False,torch.bfloat16,torch.bfloat16,False,False
4031,1536,7168,False,torch.bfloat16,torch.bfloat16,False,False
4047,1536,7168,False,torch.bfloat16,torch.bfloat16,False,False
4054,1536,7168,False,torch.bfloat16,torch.bfloat16,False,False
4061,1536,7168,False,torch.bfloat16,torch.bfloat16,False,False
4070,1536,7168,False,torch.bfloat16,torch.bfloat16,False,False
4087,1536,7168,False,torch.bfloat16,torch.bfloat16,False,False
4096,1536,7168,False,torch.bfloat16,torch.bfloat16,False,False
1025,2112,7168,False,torch.bfloat16,torch.bfloat16,False,False
1026,2112,7168,False,torch.bfloat16,torch.bfloat16,False,False
1029,2112,7168,False,torch.bfloat16,torch.bfloat16,False,False
1052,2112,7168,False,torch.bfloat16,torch.bfloat16,False,False
1053,2112,7168,False,torch.bfloat16,torch.bfloat16,False,False
1059,2112,7168,False,torch.bfloat16,torch.bfloat16,False,False
1060,2112,7168,False,torch.bfloat16,torch.bfloat16,False,False
1069,2112,7168,False,torch.bfloat16,torch.bfloat16,False,False
1073,2112,7168,False,torch.bfloat16,torch.bfloat16,False,False
1076,2112,7168,False,torch.bfloat16,torch.bfloat16,False,False
1081,2112,7168,False,torch.bfloat16,torch.bfloat16,False,False
1082,2112,7168,False,torch.bfloat16,torch.bfloat16,False,False
1083,2112,7168,False,torch.bfloat16,torch.bfloat16,False,False
1084,2112,7168,False,torch.bfloat16,torch.bfloat16,False,False
1085,2112,7168,False,torch.bfloat16,torch.bfloat16,False,False
1086,2112,7168,False,torch.bfloat16,torch.bfloat16,False,False
1089,2112,7168,False,torch.bfloat16,torch.bfloat16,False,False
1097,2112,7168,False,torch.bfloat16,torch.bfloat16,False,False
1100,2112,7168,False,torch.bfloat16,torch.bfloat16,False,False
1126,2112,7168,False,torch.bfloat16,torch.bfloat16,False,False
1127,2112,7168,False,torch.bfloat16,torch.bfloat16,False,False
1128,2112,7168,False,torch.bfloat16,torch.bfloat16,False,False
1133,2112,7168,False,torch.bfloat16,torch.bfloat16,False,False
1134,2112,7168,False,torch.bfloat16,torch.bfloat16,False,False
1140,2112,7168,False,torch.bfloat16,torch.bfloat16,False,False
1141,2112,7168,False,torch.bfloat16,torch.bfloat16,False,False
1143,2112,7168,False,torch.bfloat16,torch.bfloat16,False,False
1150,2112,7168,False,torch.bfloat16,torch.bfloat16,False,False
1151,2112,7168,False,torch.bfloat16,torch.bfloat16,False,False
1155,2112,7168,False,torch.bfloat16,torch.bfloat16,False,False
1156,2112,7168,False,torch.bfloat16,torch.bfloat16,False,False
1164,2112,7168,False,torch.bfloat16,torch.bfloat16,False,False
1166,2112,7168,False,torch.bfloat16,torch.bfloat16,False,False
1175,2112,7168,False,torch.bfloat16,torch.bfloat16,False,False
1177,2112,7168,False,torch.bfloat16,torch.bfloat16,False,False
1180,2112,7168,False,torch.bfloat16,torch.bfloat16,False,False
1181,2112,7168,False,torch.bfloat16,torch.bfloat16,False,False
1191,2112,7168,False,torch.bfloat16,torch.bfloat16,False,False
1193,2112,7168,False,torch.bfloat16,torch.bfloat16,False,False
1208,2112,7168,False,torch.bfloat16,torch.bfloat16,False,False
1209,2112,7168,False,torch.bfloat16,torch.bfloat16,False,False
1213,2112,7168,False,torch.bfloat16,torch.bfloat16,False,False
1215,2112,7168,False,torch.bfloat16,torch.bfloat16,False,False
1216,2112,7168,False,torch.bfloat16,torch.bfloat16,False,False
1217,2112,7168,False,torch.bfloat16,torch.bfloat16,False,False
1221,2112,7168,False,torch.bfloat16,torch.bfloat16,False,False
1228,2112,7168,False,torch.bfloat16,torch.bfloat16,False,False
1234,2112,7168,False,torch.bfloat16,torch.bfloat16,False,False
1236,2112,7168,False,torch.bfloat16,torch.bfloat16,False,False
1251,2112,7168,False,torch.bfloat16,torch.bfloat16,False,False
1252,2112,7168,False,torch.bfloat16,torch.bfloat16,False,False
1253,2112,7168,False,torch.bfloat16,torch.bfloat16,False,False
1259,2112,7168,False,torch.bfloat16,torch.bfloat16,False,False
1262,2112,7168,False,torch.bfloat16,torch.bfloat16,False,False
1270,2112,7168,False,torch.bfloat16,torch.bfloat16,False,False
1276,2112,7168,False,torch.bfloat16,torch.bfloat16,False,False
1279,2112,7168,False,torch.bfloat16,torch.bfloat16,False,False
1284,2112,7168,False,torch.bfloat16,torch.bfloat16,False,False
1288,2112,7168,False,torch.bfloat16,torch.bfloat16,False,False
1291,2112,7168,False,torch.bfloat16,torch.bfloat16,False,False
1293,2112,7168,False,torch.bfloat16,torch.bfloat16,False,False
1302,2112,7168,False,torch.bfloat16,torch.bfloat16,False,False
1304,2112,7168,False,torch.bfloat16,torch.bfloat16,False,False
1305,2112,7168,False,torch.bfloat16,torch.bfloat16,False,False
1308,2112,7168,False,torch.bfloat16,torch.bfloat16,False,False
1311,2112,7168,False,torch.bfloat16,torch.bfloat16,False,False
1314,2112,7168,False,torch.bfloat16,torch.bfloat16,False,False
1315,2112,7168,False,torch.bfloat16,torch.bfloat16,False,False
1316,2112,7168,False,torch.bfloat16,torch.bfloat16,False,False
1321,2112,7168,False,torch.bfloat16,torch.bfloat16,False,False
1323,2112,7168,False,torch.bfloat16,torch.bfloat16,False,False
1327,2112,7168,False,torch.bfloat16,torch.bfloat16,False,False
1335,2112,7168,False,torch.bfloat16,torch.bfloat16,False,False
1337,2112,7168,False,torch.bfloat16,torch.bfloat16,False,False
1339,2112,7168,False,torch.bfloat16,torch.bfloat16,False,False
1345,2112,7168,False,torch.bfloat16,torch.bfloat16,False,False
1346,2112,7168,False,torch.bfloat16,torch.bfloat16,False,False
1350,2112,7168,False,torch.bfloat16,torch.bfloat16,False,False
1356,2112,7168,False,torch.bfloat16,torch.bfloat16,False,False
1360,2112,7168,False,torch.bfloat16,torch.bfloat16,False,False
1370,2112,7168,False,torch.bfloat16,torch.bfloat16,False,False
1371,2112,7168,False,torch.bfloat16,torch.bfloat16,False,False
1374,2112,7168,False,torch.bfloat16,torch.bfloat16,False,False
1376,2112,7168,False,torch.bfloat16,torch.bfloat16,False,False
1377,2112,7168,False,torch.bfloat16,torch.bfloat16,False,False
1390,2112,7168,False,torch.bfloat16,torch.bfloat16,False,False
1407,2112,7168,False,torch.bfloat16,torch.bfloat16,False,False
1417,2112,7168,False,torch.bfloat16,torch.bfloat16,False,False
1422,2112,7168,False,torch.bfloat16,torch.bfloat16,False,False
1423,2112,7168,False,torch.bfloat16,torch.bfloat16,False,False
1426,2112,7168,False,torch.bfloat16,torch.bfloat16,False,False
1434,2112,7168,False,torch.bfloat16,torch.bfloat16,False,False
1437,2112,7168,False,torch.bfloat16,torch.bfloat16,False,False
1444,2112,7168,False,torch.bfloat16,torch.bfloat16,False,False
1445,2112,7168,False,torch.bfloat16,torch.bfloat16,False,False
1446,2112,7168,False,torch.bfloat16,torch.bfloat16,False,False
1448,2112,7168,False,torch.bfloat16,torch.bfloat16,False,False
1450,2112,7168,False,torch.bfloat16,torch.bfloat16,False,False
1451,2112,7168,False,torch.bfloat16,torch.bfloat16,False,False
1454,2112,7168,False,torch.bfloat16,torch.bfloat16,False,False
1459,2112,7168,False,torch.bfloat16,torch.bfloat16,False,False
1461,2112,7168,False,torch.bfloat16,torch.bfloat16,False,False
1462,2112,7168,False,torch.bfloat16,torch.bfloat16,False,False
1463,2112,7168,False,torch.bfloat16,torch.bfloat16,False,False
1466,2112,7168,False,torch.bfloat16,torch.bfloat16,False,False
1478,2112,7168,False,torch.bfloat16,torch.bfloat16,False,False
1485,2112,7168,False,torch.bfloat16,torch.bfloat16,False,False
1487,2112,7168,False,torch.bfloat16,torch.bfloat16,False,False
1489,2112,7168,False,torch.bfloat16,torch.bfloat16,False,False
1497,2112,7168,False,torch.bfloat16,torch.bfloat16,False,False
1498,2112,7168,False,torch.bfloat16,torch.bfloat16,False,False
1499,2112,7168,False,torch.bfloat16,torch.bfloat16,False,False
1500,2112,7168,False,torch.bfloat16,torch.bfloat16,False,False
1501,2112,7168,False,torch.bfloat16,torch.bfloat16,False,False
1502,2112,7168,False,torch.bfloat16,torch.bfloat16,False,False
1504,2112,7168,False,torch.bfloat16,torch.bfloat16,False,False
1506,2112,7168,False,torch.bfloat16,torch.bfloat16,False,False
1509,2112,7168,False,torch.bfloat16,torch.bfloat16,False,False
1510,2112,7168,False,torch.bfloat16,torch.bfloat16,False,False
1513,2112,7168,False,torch.bfloat16,torch.bfloat16,False,False
1518,2112,7168,False,torch.bfloat16,torch.bfloat16,False,False
1522,2112,7168,False,torch.bfloat16,torch.bfloat16,False,False
1525,2112,7168,False,torch.bfloat16,torch.bfloat16,False,False
1532,2112,7168,False,torch.bfloat16,torch.bfloat16,False,False
1534,2112,7168,False,torch.bfloat16,torch.bfloat16,False,False
1536,2112,7168,False,torch.bfloat16,torch.bfloat16,False,False
1537,2112,7168,False,torch.bfloat16,torch.bfloat16,False,False
1538,2112,7168,False,torch.bfloat16,torch.bfloat16,False,False
1539,2112,7168,False,torch.bfloat16,torch.bfloat16,False,False
1540,2112,7168,False,torch.bfloat16,torch.bfloat16,False,False
1541,2112,7168,False,torch.bfloat16,torch.bfloat16,False,False
1542,2112,7168,False,torch.bfloat16,torch.bfloat16,False,False
1543,2112,7168,False,torch.bfloat16,torch.bfloat16,False,False
1544,2112,7168,False,torch.bfloat16,torch.bfloat16,False,False
1545,2112,7168,False,torch.bfloat16,torch.bfloat16,False,False
1546,2112,7168,False,torch.bfloat16,torch.bfloat16,False,False
1547,2112,7168,False,torch.bfloat16,torch.bfloat16,False,False
1548,2112,7168,False,torch.bfloat16,torch.bfloat16,False,False
1733,2112,7168,False,torch.bfloat16,torch.bfloat16,False,False
2003,2112,7168,False,torch.bfloat16,torch.bfloat16,False,False
1025,2304,1536,False,torch.bfloat16,torch.bfloat16,False,False
1026,2304,1536,False,torch.bfloat16,torch.bfloat16,False,False
1029,2304,1536,False,torch.bfloat16,torch.bfloat16,False,False
1052,2304,1536,False,torch.bfloat16,torch.bfloat16,False,False
1053,2304,1536,False,torch.bfloat16,torch.bfloat16,False,False
1059,2304,1536,False,torch.bfloat16,torch.bfloat16,False,False
1060,2304,1536,False,torch.bfloat16,torch.bfloat16,False,False
1069,2304,1536,False,torch.bfloat16,torch.bfloat16,False,False
1073,2304,1536,False,torch.bfloat16,torch.bfloat16,False,False
1076,2304,1536,False,torch.bfloat16,torch.bfloat16,False,False
1081,2304,1536,False,torch.bfloat16,torch.bfloat16,False,False
1082,2304,1536,False,torch.bfloat16,torch.bfloat16,False,False
1083,2304,1536,False,torch.bfloat16,torch.bfloat16,False,False
1084,2304,1536,False,torch.bfloat16,torch.bfloat16,False,False
1085,2304,1536,False,torch.bfloat16,torch.bfloat16,False,False
1086,2304,1536,False,torch.bfloat16,torch.bfloat16,False,False
1089,2304,1536,False,torch.bfloat16,torch.bfloat16,False,False
1097,2304,1536,False,torch.bfloat16,torch.bfloat16,False,False
1100,2304,1536,False,torch.bfloat16,torch.bfloat16,False,False
1126,2304,1536,False,torch.bfloat16,torch.bfloat16,False,False
1127,2304,1536,False,torch.bfloat16,torch.bfloat16,False,False
1128,2304,1536,False,torch.bfloat16,torch.bfloat16,False,False
1133,2304,1536,False,torch.bfloat16,torch.bfloat16,False,False
1134,2304,1536,False,torch.bfloat16,torch.bfloat16,False,False
1140,2304,1536,False,torch.bfloat16,torch.bfloat16,False,False
1141,2304,1536,False,torch.bfloat16,torch.bfloat16,False,False
1143,2304,1536,False,torch.bfloat16,torch.bfloat16,False,False
1150,2304,1536,False,torch.bfloat16,torch.bfloat16,False,False
1151,2304,1536,False,torch.bfloat16,torch.bfloat16,False,False
1155,2304,1536,False,torch.bfloat16,torch.bfloat16,False,False
1156,2304,1536,False,torch.bfloat16,torch.bfloat16,False,False
1164,2304,1536,False,torch.bfloat16,torch.bfloat16,False,False
1166,2304,1536,False,torch.bfloat16,torch.bfloat16,False,False
1175,2304,1536,False,torch.bfloat16,torch.bfloat16,False,False
1177,2304,1536,False,torch.bfloat16,torch.bfloat16,False,False
1180,2304,1536,False,torch.bfloat16,torch.bfloat16,False,False
1181,2304,1536,False,torch.bfloat16,torch.bfloat16,False,False
1191,2304,1536,False,torch.bfloat16,torch.bfloat16,False,False
1193,2304,1536,False,torch.bfloat16,torch.bfloat16,False,False
1208,2304,1536,False,torch.bfloat16,torch.bfloat16,False,False
1209,2304,1536,False,torch.bfloat16,torch.bfloat16,False,False
1213,2304,1536,False,torch.bfloat16,torch.bfloat16,False,False
1215,2304,1536,False,torch.bfloat16,torch.bfloat16,False,False
1216,2304,1536,False,torch.bfloat16,torch.bfloat16,False,False
1217,2304,1536,False,torch.bfloat16,torch.bfloat16,False,False
1221,2304,1536,False,torch.bfloat16,torch.bfloat16,False,False
1228,2304,1536,False,torch.bfloat16,torch.bfloat16,False,False
1234,2304,1536,False,torch.bfloat16,torch.bfloat16,False,False
1236,2304,1536,False,torch.bfloat16,torch.bfloat16,False,False
1251,2304,1536,False,torch.bfloat16,torch.bfloat16,False,False
1252,2304,1536,False,torch.bfloat16,torch.bfloat16,False,False
1253,2304,1536,False,torch.bfloat16,torch.bfloat16,False,False
1259,2304,1536,False,torch.bfloat16,torch.bfloat16,False,False
1262,2304,1536,False,torch.bfloat16,torch.bfloat16,False,False
1270,2304,1536,False,torch.bfloat16,torch.bfloat16,False,False
1276,2304,1536,False,torch.bfloat16,torch.bfloat16,False,False
1279,2304,1536,False,torch.bfloat16,torch.bfloat16,False,False
1284,2304,1536,False,torch.bfloat16,torch.bfloat16,False,False
1288,2304,1536,False,torch.bfloat16,torch.bfloat16,False,False
1291,2304,1536,False,torch.bfloat16,torch.bfloat16,False,False
1293,2304,1536,False,torch.bfloat16,torch.bfloat16,False,False
1302,2304,1536,False,torch.bfloat16,torch.bfloat16,False,False
1304,2304,1536,False,torch.bfloat16,torch.bfloat16,False,False
1305,2304,1536,False,torch.bfloat16,torch.bfloat16,False,False
1308,2304,1536,False,torch.bfloat16,torch.bfloat16,False,False
1311,2304,1536,False,torch.bfloat16,torch.bfloat16,False,False
1314,2304,1536,False,torch.bfloat16,torch.bfloat16,False,False
1315,2304,1536,False,torch.bfloat16,torch.bfloat16,False,False
1316,2304,1536,False,torch.bfloat16,torch.bfloat16,False,False
1321,2304,1536,False,torch.bfloat16,torch.bfloat16,False,False
1323,2304,1536,False,torch.bfloat16,torch.bfloat16,False,False
1327,2304,1536,False,torch.bfloat16,torch.bfloat16,False,False
1335,2304,1536,False,torch.bfloat16,torch.bfloat16,False,False
1337,2304,1536,False,torch.bfloat16,torch.bfloat16,False,False
1339,2304,1536,False,torch.bfloat16,torch.bfloat16,False,False
1345,2304,1536,False,torch.bfloat16,torch.bfloat16,False,False
1346,2304,1536,False,torch.bfloat16,torch.bfloat16,False,False
1350,2304,1536,False,torch.bfloat16,torch.bfloat16,False,False
1356,2304,1536,False,torch.bfloat16,torch.bfloat16,False,False
1360,2304,1536,False,torch.bfloat16,torch.bfloat16,False,False
1370,2304,1536,False,torch.bfloat16,torch.bfloat16,False,False
1371,2304,1536,False,torch.bfloat16,torch.bfloat16,False,False
1374,2304,1536,False,torch.bfloat16,torch.bfloat16,False,False
1376,2304,1536,False,torch.bfloat16,torch.bfloat16,False,False
1377,2304,1536,False,torch.bfloat16,torch.bfloat16,False,False
1390,2304,1536,False,torch.bfloat16,torch.bfloat16,False,False
1407,2304,1536,False,torch.bfloat16,torch.bfloat16,False,False
1417,2304,1536,False,torch.bfloat16,torch.bfloat16,False,False
1422,2304,1536,False,torch.bfloat16,torch.bfloat16,False,False
1423,2304,1536,False,torch.bfloat16,torch.bfloat16,False,False
1426,2304,1536,False,torch.bfloat16,torch.bfloat16,False,False
1434,2304,1536,False,torch.bfloat16,torch.bfloat16,False,False
1437,2304,1536,False,torch.bfloat16,torch.bfloat16,False,False
1444,2304,1536,False,torch.bfloat16,torch.bfloat16,False,False
1445,2304,1536,False,torch.bfloat16,torch.bfloat16,False,False
1446,2304,1536,False,torch.bfloat16,torch.bfloat16,False,False
1448,2304,1536,False,torch.bfloat16,torch.bfloat16,False,False
1450,2304,1536,False,torch.bfloat16,torch.bfloat16,False,False
1451,2304,1536,False,torch.bfloat16,torch.bfloat16,False,False
1454,2304,1536,False,torch.bfloat16,torch.bfloat16,False,False
1459,2304,1536,False,torch.bfloat16,torch.bfloat16,False,False
1461,2304,1536,False,torch.bfloat16,torch.bfloat16,False,False
1462,2304,1536,False,torch.bfloat16,torch.bfloat16,False,False
1463,2304,1536,False,torch.bfloat16,torch.bfloat16,False,False
1466,2304,1536,False,torch.bfloat16,torch.bfloat16,False,False
1478,2304,1536,False,torch.bfloat16,torch.bfloat16,False,False
1485,2304,1536,False,torch.bfloat16,torch.bfloat16,False,False
1487,2304,1536,False,torch.bfloat16,torch.bfloat16,False,False
1489,2304,1536,False,torch.bfloat16,torch.bfloat16,False,False
1497,2304,1536,False,torch.bfloat16,torch.bfloat16,False,False
1498,2304,1536,False,torch.bfloat16,torch.bfloat16,False,False
1499,2304,1536,False,torch.bfloat16,torch.bfloat16,False,False
1500,2304,1536,False,torch.bfloat16,torch.bfloat16,False,False
1501,2304,1536,False,torch.bfloat16,torch.bfloat16,False,False
1502,2304,1536,False,torch.bfloat16,torch.bfloat16,False,False
1504,2304,1536,False,torch.bfloat16,torch.bfloat16,False,False
1506,2304,1536,False,torch.bfloat16,torch.bfloat16,False,False
1509,2304,1536,False,torch.bfloat16,torch.bfloat16,False,False
1510,2304,1536,False,torch.bfloat16,torch.bfloat16,False,False
1513,2304,1536,False,torch.bfloat16,torch.bfloat16,False,False
1518,2304,1536,False,torch.bfloat16,torch.bfloat16,False,False
1522,2304,1536,False,torch.bfloat16,torch.bfloat16,False,False
1525,2304,1536,False,torch.bfloat16,torch.bfloat16,False,False
1532,2304,1536,False,torch.bfloat16,torch.bfloat16,False,False
1534,2304,1536,False,torch.bfloat16,torch.bfloat16,False,False
1536,2304,1536,False,torch.bfloat16,torch.bfloat16,False,False
1537,2304,1536,False,torch.bfloat16,torch.bfloat16,False,False
1538,2304,1536,False,torch.bfloat16,torch.bfloat16,False,False
1539,2304,1536,False,torch.bfloat16,torch.bfloat16,False,False
1540,2304,1536,False,torch.bfloat16,torch.bfloat16,False,False
1541,2304,1536,False,torch.bfloat16,torch.bfloat16,False,False
1542,2304,1536,False,torch.bfloat16,torch.bfloat16,False,False
1543,2304,1536,False,torch.bfloat16,torch.bfloat16,False,False
1544,2304,1536,False,torch.bfloat16,torch.bfloat16,False,False
1545,2304,1536,False,torch.bfloat16,torch.bfloat16,False,False
1546,2304,1536,False,torch.bfloat16,torch.bfloat16,False,False
1547,2304,1536,False,torch.bfloat16,torch.bfloat16,False,False
1548,2304,1536,False,torch.bfloat16,torch.bfloat16,False,False
1733,2304,1536,False,torch.bfloat16,torch.bfloat16,False,False
2003,2304,1536,False,torch.bfloat16,torch.bfloat16,False,False
2131,2304,1536,False,torch.bfloat16,torch.bfloat16,False,False
2149,2304,1536,False,torch.bfloat16,torch.bfloat16,False,False
2328,2304,1536,False,torch.bfloat16,torch.bfloat16,False,False
2420,2304,1536,False,torch.bfloat16,torch.bfloat16,False,False
2563,2304,1536,False,torch.bfloat16,torch.bfloat16,False,False
2593,2304,1536,False,torch.bfloat16,torch.bfloat16,False,False
2625,2304,1536,False,torch.bfloat16,torch.bfloat16,False,False
2633,2304,1536,False,torch.bfloat16,torch.bfloat16,False,False
2641,2304,1536,False,torch.bfloat16,torch.bfloat16,False,False
2645,2304,1536,False,torch.bfloat16,torch.bfloat16,False,False
2682,2304,1536,False,torch.bfloat16,torch.bfloat16,False,False
2711,2304,1536,False,torch.bfloat16,torch.bfloat16,False,False
2723,2304,1536,False,torch.bfloat16,torch.bfloat16,False,False
2733,2304,1536,False,torch.bfloat16,torch.bfloat16,False,False
2738,2304,1536,False,torch.bfloat16,torch.bfloat16,False,False
2741,2304,1536,False,torch.bfloat16,torch.bfloat16,False,False
2745,2304,1536,False,torch.bfloat16,torch.bfloat16,False,False
2747,2304,1536,False,torch.bfloat16,torch.bfloat16,False,False
2761,2304,1536,False,torch.bfloat16,torch.bfloat16,False,False
2765,2304,1536,False,torch.bfloat16,torch.bfloat16,False,False
2773,2304,1536,False,torch.bfloat16,torch.bfloat16,False,False
2778,2304,1536,False,torch.bfloat16,torch.bfloat16,False,False
2810,2304,1536,False,torch.bfloat16,torch.bfloat16,False,False
2814,2304,1536,False,torch.bfloat16,torch.bfloat16,False,False
2825,2304,1536,False,torch.bfloat16,torch.bfloat16,False,False
2826,2304,1536,False,torch.bfloat16,torch.bfloat16,False,False
2852,2304,1536,False,torch.bfloat16,torch.bfloat16,False,False
2855,2304,1536,False,torch.bfloat16,torch.bfloat16,False,False
2856,2304,1536,False,torch.bfloat16,torch.bfloat16,False,False
2867,2304,1536,False,torch.bfloat16,torch.bfloat16,False,False
2870,2304,1536,False,torch.bfloat16,torch.bfloat16,False,False
2873,2304,1536,False,torch.bfloat16,torch.bfloat16,False,False
2874,2304,1536,False,torch.bfloat16,torch.bfloat16,False,False
2877,2304,1536,False,torch.bfloat16,torch.bfloat16,False,False
2883,2304,1536,False,torch.bfloat16,torch.bfloat16,False,False
2898,2304,1536,False,torch.bfloat16,torch.bfloat16,False,False
2921,2304,1536,False,torch.bfloat16,torch.bfloat16,False,False
2926,2304,1536,False,torch.bfloat16,torch.bfloat16,False,False
2930,2304,1536,False,torch.bfloat16,torch.bfloat16,False,False
2934,2304,1536,False,torch.bfloat16,torch.bfloat16,False,False
2937,2304,1536,False,torch.bfloat16,torch.bfloat16,False,False
2938,2304,1536,False,torch.bfloat16,torch.bfloat16,False,False
2943,2304,1536,False,torch.bfloat16,torch.bfloat16,False,False
2955,2304,1536,False,torch.bfloat16,torch.bfloat16,False,False
2958,2304,1536,False,torch.bfloat16,torch.bfloat16,False,False
2965,2304,1536,False,torch.bfloat16,torch.bfloat16,False,False
2969,2304,1536,False,torch.bfloat16,torch.bfloat16,False,False
2970,2304,1536,False,torch.bfloat16,torch.bfloat16,False,False
2973,2304,1536,False,torch.bfloat16,torch.bfloat16,False,False
2986,2304,1536,False,torch.bfloat16,torch.bfloat16,False,False
3005,2304,1536,False,torch.bfloat16,torch.bfloat16,False,False
3006,2304,1536,False,torch.bfloat16,torch.bfloat16,False,False
3010,2304,1536,False,torch.bfloat16,torch.bfloat16,False,False
3013,2304,1536,False,torch.bfloat16,torch.bfloat16,False,False
3017,2304,1536,False,torch.bfloat16,torch.bfloat16,False,False
3038,2304,1536,False,torch.bfloat16,torch.bfloat16,False,False
3049,2304,1536,False,torch.bfloat16,torch.bfloat16,False,False
3050,2304,1536,False,torch.bfloat16,torch.bfloat16,False,False
3052,2304,1536,False,torch.bfloat16,torch.bfloat16,False,False
3055,2304,1536,False,torch.bfloat16,torch.bfloat16,False,False
3070,2304,1536,False,torch.bfloat16,torch.bfloat16,False,False
3072,2304,1536,False,torch.bfloat16,torch.bfloat16,False,False
3073,2304,1536,False,torch.bfloat16,torch.bfloat16,False,False
3074,2304,1536,False,torch.bfloat16,torch.bfloat16,False,False
3075,2304,1536,False,torch.bfloat16,torch.bfloat16,False,False
3076,2304,1536,False,torch.bfloat16,torch.bfloat16,False,False
3077,2304,1536,False,torch.bfloat16,torch.bfloat16,False,False
3078,2304,1536,False,torch.bfloat16,torch.bfloat16,False,False
3079,2304,1536,False,torch.bfloat16,torch.bfloat16,False,False
3080,2304,1536,False,torch.bfloat16,torch.bfloat16,False,False
3081,2304,1536,False,torch.bfloat16,torch.bfloat16,False,False
3082,2304,1536,False,torch.bfloat16,torch.bfloat16,False,False
3083,2304,1536,False,torch.bfloat16,torch.bfloat16,False,False
3084,2304,1536,False,torch.bfloat16,torch.bfloat16,False,False
3102,2304,1536,False,torch.bfloat16,torch.bfloat16,False,False
3110,2304,1536,False,torch.bfloat16,torch.bfloat16,False,False
3125,2304,1536,False,torch.bfloat16,torch.bfloat16,False,False
3127,2304,1536,False,torch.bfloat16,torch.bfloat16,False,False
3128,2304,1536,False,torch.bfloat16,torch.bfloat16,False,False
3129,2304,1536,False,torch.bfloat16,torch.bfloat16,False,False
3130,2304,1536,False,torch.bfloat16,torch.bfloat16,False,False
3133,2304,1536,False,torch.bfloat16,torch.bfloat16,False,False
3150,2304,1536,False,torch.bfloat16,torch.bfloat16,False,False
3166,2304,1536,False,torch.bfloat16,torch.bfloat16,False,False
3185,2304,1536,False,torch.bfloat16,torch.bfloat16,False,False
3188,2304,1536,False,torch.bfloat16,torch.bfloat16,False,False
3207,2304,1536,False,torch.bfloat16,torch.bfloat16,False,False
3218,2304,1536,False,torch.bfloat16,torch.bfloat16,False,False
3225,2304,1536,False,torch.bfloat16,torch.bfloat16,False,False
3228,2304,1536,False,torch.bfloat16,torch.bfloat16,False,False
3229,2304,1536,False,torch.bfloat16,torch.bfloat16,False,False
3232,2304,1536,False,torch.bfloat16,torch.bfloat16,False,False
3245,2304,1536,False,torch.bfloat16,torch.bfloat16,False,False
3247,2304,1536,False,torch.bfloat16,torch.bfloat16,False,False
3255,2304,1536,False,torch.bfloat16,torch.bfloat16,False,False
3260,2304,1536,False,torch.bfloat16,torch.bfloat16,False,False
3265,2304,1536,False,torch.bfloat16,torch.bfloat16,False,False
3276,2304,1536,False,torch.bfloat16,torch.bfloat16,False,False
3295,2304,1536,False,torch.bfloat16,torch.bfloat16,False,False
3311,2304,1536,False,torch.bfloat16,torch.bfloat16,False,False
3323,2304,1536,False,torch.bfloat16,torch.bfloat16,False,False
3328,2304,1536,False,torch.bfloat16,torch.bfloat16,False,False
3344,2304,1536,False,torch.bfloat16,torch.bfloat16,False,False
3346,2304,1536,False,torch.bfloat16,torch.bfloat16,False,False
3349,2304,1536,False,torch.bfloat16,torch.bfloat16,False,False
3351,2304,1536,False,torch.bfloat16,torch.bfloat16,False,False
3372,2304,1536,False,torch.bfloat16,torch.bfloat16,False,False
3382,2304,1536,False,torch.bfloat16,torch.bfloat16,False,False
3398,2304,1536,False,torch.bfloat16,torch.bfloat16,False,False
3404,2304,1536,False,torch.bfloat16,torch.bfloat16,False,False
3420,2304,1536,False,torch.bfloat16,torch.bfloat16,False,False
3424,2304,1536,False,torch.bfloat16,torch.bfloat16,False,False
3426,2304,1536,False,torch.bfloat16,torch.bfloat16,False,False
3438,2304,1536,False,torch.bfloat16,torch.bfloat16,False,False
3444,2304,1536,False,torch.bfloat16,torch.bfloat16,False,False
3446,2304,1536,False,torch.bfloat16,torch.bfloat16,False,False
3449,2304,1536,False,torch.bfloat16,torch.bfloat16,False,False
3456,2304,1536,False,torch.bfloat16,torch.bfloat16,False,False
3469,2304,1536,False,torch.bfloat16,torch.bfloat16,False,False
3470,2304,1536,False,torch.bfloat16,torch.bfloat16,False,False
3478,2304,1536,False,torch.bfloat16,torch.bfloat16,False,False
3479,2304,1536,False,torch.bfloat16,torch.bfloat16,False,False
3496,2304,1536,False,torch.bfloat16,torch.bfloat16,False,False
3497,2304,1536,False,torch.bfloat16,torch.bfloat16,False,False
3510,2304,1536,False,torch.bfloat16,torch.bfloat16,False,False
3515,2304,1536,False,torch.bfloat16,torch.bfloat16,False,False
3520,2304,1536,False,torch.bfloat16,torch.bfloat16,False,False
3525,2304,1536,False,torch.bfloat16,torch.bfloat16,False,False
3553,2304,1536,False,torch.bfloat16,torch.bfloat16,False,False
3558,2304,1536,False,torch.bfloat16,torch.bfloat16,False,False
3561,2304,1536,False,torch.bfloat16,torch.bfloat16,False,False
3589,2304,1536,False,torch.bfloat16,torch.bfloat16,False,False
3592,2304,1536,False,torch.bfloat16,torch.bfloat16,False,False
3600,2304,1536,False,torch.bfloat16,torch.bfloat16,False,False
3611,2304,1536,False,torch.bfloat16,torch.bfloat16,False,False
3612,2304,1536,False,torch.bfloat16,torch.bfloat16,False,False
3630,2304,1536,False,torch.bfloat16,torch.bfloat16,False,False
3635,2304,1536,False,torch.bfloat16,torch.bfloat16,False,False
3642,2304,1536,False,torch.bfloat16,torch.bfloat16,False,False
3643,2304,1536,False,torch.bfloat16,torch.bfloat16,False,False
3672,2304,1536,False,torch.bfloat16,torch.bfloat16,False,False
3680,2304,1536,False,torch.bfloat16,torch.bfloat16,False,False
3689,2304,1536,False,torch.bfloat16,torch.bfloat16,False,False
3691,2304,1536,False,torch.bfloat16,torch.bfloat16,False,False
3693,2304,1536,False,torch.bfloat16,torch.bfloat16,False,False
3701,2304,1536,False,torch.bfloat16,torch.bfloat16,False,False
3704,2304,1536,False,torch.bfloat16,torch.bfloat16,False,False
3711,2304,1536,False,torch.bfloat16,torch.bfloat16,False,False
3715,2304,1536,False,torch.bfloat16,torch.bfloat16,False,False
3718,2304,1536,False,torch.bfloat16,torch.bfloat16,False,False
3724,2304,1536,False,torch.bfloat16,torch.bfloat16,False,False
3737,2304,1536,False,torch.bfloat16,torch.bfloat16,False,False
3740,2304,1536,False,torch.bfloat16,torch.bfloat16,False,False
3741,2304,1536,False,torch.bfloat16,torch.bfloat16,False,False
3742,2304,1536,False,torch.bfloat16,torch.bfloat16,False,False
3762,2304,1536,False,torch.bfloat16,torch.bfloat16,False,False
3766,2304,1536,False,torch.bfloat16,torch.bfloat16,False,False
3767,2304,1536,False,torch.bfloat16,torch.bfloat16,False,False
3768,2304,1536,False,torch.bfloat16,torch.bfloat16,False,False
3770,2304,1536,False,torch.bfloat16,torch.bfloat16,False,False
3774,2304,1536,False,torch.bfloat16,torch.bfloat16,False,False
3777,2304,1536,False,torch.bfloat16,torch.bfloat16,False,False
3781,2304,1536,False,torch.bfloat16,torch.bfloat16,False,False
3807,2304,1536,False,torch.bfloat16,torch.bfloat16,False,False
3808,2304,1536,False,torch.bfloat16,torch.bfloat16,False,False
3810,2304,1536,False,torch.bfloat16,torch.bfloat16,False,False
3816,2304,1536,False,torch.bfloat16,torch.bfloat16,False,False
3818,2304,1536,False,torch.bfloat16,torch.bfloat16,False,False
3848,2304,1536,False,torch.bfloat16,torch.bfloat16,False,False
3849,2304,1536,False,torch.bfloat16,torch.bfloat16,False,False
3853,2304,1536,False,torch.bfloat16,torch.bfloat16,False,False
3863,2304,1536,False,torch.bfloat16,torch.bfloat16,False,False
3882,2304,1536,False,torch.bfloat16,torch.bfloat16,False,False
3897,2304,1536,False,torch.bfloat16,torch.bfloat16,False,False
3904,2304,1536,False,torch.bfloat16,torch.bfloat16,False,False
3908,2304,1536,False,torch.bfloat16,torch.bfloat16,False,False
3928,2304,1536,False,torch.bfloat16,torch.bfloat16,False,False
3935,2304,1536,False,torch.bfloat16,torch.bfloat16,False,False
3938,2304,1536,False,torch.bfloat16,torch.bfloat16,False,False
3945,2304,1536,False,torch.bfloat16,torch.bfloat16,False,False
3955,2304,1536,False,torch.bfloat16,torch.bfloat16,False,False
3965,2304,1536,False,torch.bfloat16,torch.bfloat16,False,False
3966,2304,1536,False,torch.bfloat16,torch.bfloat16,False,False
3967,2304,1536,False,torch.bfloat16,torch.bfloat16,False,False
3968,2304,1536,False,torch.bfloat16,torch.bfloat16,False,False
3988,2304,1536,False,torch.bfloat16,torch.bfloat16,False,False
3990,2304,1536,False,torch.bfloat16,torch.bfloat16,False,False
3999,2304,1536,False,torch.bfloat16,torch.bfloat16,False,False
4000,2304,1536,False,torch.bfloat16,torch.bfloat16,False,False
4014,2304,1536,False,torch.bfloat16,torch.bfloat16,False,False
4017,2304,1536,False,torch.bfloat16,torch.bfloat16,False,False
4019,2304,1536,False,torch.bfloat16,torch.bfloat16,False,False
4031,2304,1536,False,torch.bfloat16,torch.bfloat16,False,False
4047,2304,1536,False,torch.bfloat16,torch.bfloat16,False,False
4054,2304,1536,False,torch.bfloat16,torch.bfloat16,False,False
4061,2304,1536,False,torch.bfloat16,torch.bfloat16,False,False
4070,2304,1536,False,torch.bfloat16,torch.bfloat16,False,False
4087,2304,1536,False,torch.bfloat16,torch.bfloat16,False,False
4096,2304,1536,False,torch.bfloat16,torch.bfloat16,False,False
1029,3072,512,False,torch.bfloat16,torch.bfloat16,False,False
1047,3072,512,False,torch.bfloat16,torch.bfloat16,False,False
1050,3072,512,False,torch.bfloat16,torch.bfloat16,False,False
1054,3072,512,False,torch.bfloat16,torch.bfloat16,False,False
1057,3072,512,False,torch.bfloat16,torch.bfloat16,False,False
1066,3072,512,False,torch.bfloat16,torch.bfloat16,False,False
1068,3072,512,False,torch.bfloat16,torch.bfloat16,False,False
1070,3072,512,False,torch.bfloat16,torch.bfloat16,False,False
1078,3072,512,False,torch.bfloat16,torch.bfloat16,False,False
1080,3072,512,False,torch.bfloat16,torch.bfloat16,False,False
1081,3072,512,False,torch.bfloat16,torch.bfloat16,False,False
1082,3072,512,False,torch.bfloat16,torch.bfloat16,False,False
1083,3072,512,False,torch.bfloat16,torch.bfloat16,False,False
1092,3072,512,False,torch.bfloat16,torch.bfloat16,False,False
1099,3072,512,False,torch.bfloat16,torch.bfloat16,False,False
1117,3072,512,False,torch.bfloat16,torch.bfloat16,False,False
1122,3072,512,False,torch.bfloat16,torch.bfloat16,False,False
1124,3072,512,False,torch.bfloat16,torch.bfloat16,False,False
1127,3072,512,False,torch.bfloat16,torch.bfloat16,False,False
1129,3072,512,False,torch.bfloat16,torch.bfloat16,False,False
1132,3072,512,False,torch.bfloat16,torch.bfloat16,False,False
1137,3072,512,False,torch.bfloat16,torch.bfloat16,False,False
1141,3072,512,False,torch.bfloat16,torch.bfloat16,False,False
1147,3072,512,False,torch.bfloat16,torch.bfloat16,False,False
1149,3072,512,False,torch.bfloat16,torch.bfloat16,False,False
1154,3072,512,False,torch.bfloat16,torch.bfloat16,False,False
1156,3072,512,False,torch.bfloat16,torch.bfloat16,False,False
1159,3072,512,False,torch.bfloat16,torch.bfloat16,False,False
1160,3072,512,False,torch.bfloat16,torch.bfloat16,False,False
1166,3072,512,False,torch.bfloat16,torch.bfloat16,False,False
1176,3072,512,False,torch.bfloat16,torch.bfloat16,False,False
1179,3072,512,False,torch.bfloat16,torch.bfloat16,False,False
1180,3072,512,False,torch.bfloat16,torch.bfloat16,False,False
1191,3072,512,False,torch.bfloat16,torch.bfloat16,False,False
1202,3072,512,False,torch.bfloat16,torch.bfloat16,False,False
1203,3072,512,False,torch.bfloat16,torch.bfloat16,False,False
1206,3072,512,False,torch.bfloat16,torch.bfloat16,False,False
1208,3072,512,False,torch.bfloat16,torch.bfloat16,False,False
1211,3072,512,False,torch.bfloat16,torch.bfloat16,False,False
1212,3072,512,False,torch.bfloat16,torch.bfloat16,False,False
1215,3072,512,False,torch.bfloat16,torch.bfloat16,False,False
1220,3072,512,False,torch.bfloat16,torch.bfloat16,False,False
1226,3072,512,False,torch.bfloat16,torch.bfloat16,False,False
1228,3072,512,False,torch.bfloat16,torch.bfloat16,False,False
1230,3072,512,False,torch.bfloat16,torch.bfloat16,False,False
1232,3072,512,False,torch.bfloat16,torch.bfloat16,False,False
1233,3072,512,False,torch.bfloat16,torch.bfloat16,False,False
1241,3072,512,False,torch.bfloat16,torch.bfloat16,False,False
1244,3072,512,False,torch.bfloat16,torch.bfloat16,False,False
1253,3072,512,False,torch.bfloat16,torch.bfloat16,False,False
1254,3072,512,False,torch.bfloat16,torch.bfloat16,False,False
1261,3072,512,False,torch.bfloat16,torch.bfloat16,False,False
1263,3072,512,False,torch.bfloat16,torch.bfloat16,False,False
1274,3072,512,False,torch.bfloat16,torch.bfloat16,False,False
1276,3072,512,False,torch.bfloat16,torch.bfloat16,False,False
1282,3072,512,False,torch.bfloat16,torch.bfloat16,False,False
1283,3072,512,False,torch.bfloat16,torch.bfloat16,False,False
1285,3072,512,False,torch.bfloat16,torch.bfloat16,False,False
1291,3072,512,False,torch.bfloat16,torch.bfloat16,False,False
1294,3072,512,False,torch.bfloat16,torch.bfloat16,False,False
1298,3072,512,False,torch.bfloat16,torch.bfloat16,False,False
1302,3072,512,False,torch.bfloat16,torch.bfloat16,False,False
1303,3072,512,False,torch.bfloat16,torch.bfloat16,False,False
1307,3072,512,False,torch.bfloat16,torch.bfloat16,False,False
1308,3072,512,False,torch.bfloat16,torch.bfloat16,False,False
1309,3072,512,False,torch.bfloat16,torch.bfloat16,False,False
1310,3072,512,False,torch.bfloat16,torch.bfloat16,False,False
1312,3072,512,False,torch.bfloat16,torch.bfloat16,False,False
1316,3072,512,False,torch.bfloat16,torch.bfloat16,False,False
1317,3072,512,False,torch.bfloat16,torch.bfloat16,False,False
1323,3072,512,False,torch.bfloat16,torch.bfloat16,False,False
1332,3072,512,False,torch.bfloat16,torch.bfloat16,False,False
1333,3072,512,False,torch.bfloat16,torch.bfloat16,False,False
1337,3072,512,False,torch.bfloat16,torch.bfloat16,False,False
1339,3072,512,False,torch.bfloat16,torch.bfloat16,False,False
1346,3072,512,False,torch.bfloat16,torch.bfloat16,False,False
1347,3072,512,False,torch.bfloat16,torch.bfloat16,False,False
1355,3072,512,False,torch.bfloat16,torch.bfloat16,False,False
1356,3072,512,False,torch.bfloat16,torch.bfloat16,False,False
1365,3072,512,False,torch.bfloat16,torch.bfloat16,False,False
1368,3072,512,False,torch.bfloat16,torch.bfloat16,False,False
1371,3072,512,False,torch.bfloat16,torch.bfloat16,False,False
1388,3072,512,False,torch.bfloat16,torch.bfloat16,False,False
1405,3072,512,False,torch.bfloat16,torch.bfloat16,False,False
1411,3072,512,False,torch.bfloat16,torch.bfloat16,False,False
1415,3072,512,False,torch.bfloat16,torch.bfloat16,False,False
1419,3072,512,False,torch.bfloat16,torch.bfloat16,False,False
1426,3072,512,False,torch.bfloat16,torch.bfloat16,False,False
1430,3072,512,False,torch.bfloat16,torch.bfloat16,False,False
1435,3072,512,False,torch.bfloat16,torch.bfloat16,False,False
1436,3072,512,False,torch.bfloat16,torch.bfloat16,False,False
1440,3072,512,False,torch.bfloat16,torch.bfloat16,False,False
1441,3072,512,False,torch.bfloat16,torch.bfloat16,False,False
1442,3072,512,False,torch.bfloat16,torch.bfloat16,False,False
1443,3072,512,False,torch.bfloat16,torch.bfloat16,False,False
1446,3072,512,False,torch.bfloat16,torch.bfloat16,False,False
1448,3072,512,False,torch.bfloat16,torch.bfloat16,False,False
1452,3072,512,False,torch.bfloat16,torch.bfloat16,False,False
1456,3072,512,False,torch.bfloat16,torch.bfloat16,False,False
1457,3072,512,False,torch.bfloat16,torch.bfloat16,False,False
1458,3072,512,False,torch.bfloat16,torch.bfloat16,False,False
1460,3072,512,False,torch.bfloat16,torch.bfloat16,False,False
1470,3072,512,False,torch.bfloat16,torch.bfloat16,False,False
1478,3072,512,False,torch.bfloat16,torch.bfloat16,False,False
1485,3072,512,False,torch.bfloat16,torch.bfloat16,False,False
1492,3072,512,False,torch.bfloat16,torch.bfloat16,False,False
1493,3072,512,False,torch.bfloat16,torch.bfloat16,False,False
1495,3072,512,False,torch.bfloat16,torch.bfloat16,False,False
1496,3072,512,False,torch.bfloat16,torch.bfloat16,False,False
1498,3072,512,False,torch.bfloat16,torch.bfloat16,False,False
1499,3072,512,False,torch.bfloat16,torch.bfloat16,False,False
1502,3072,512,False,torch.bfloat16,torch.bfloat16,False,False
1504,3072,512,False,torch.bfloat16,torch.bfloat16,False,False
1505,3072,512,False,torch.bfloat16,torch.bfloat16,False,False
1506,3072,512,False,torch.bfloat16,torch.bfloat16,False,False
1507,3072,512,False,torch.bfloat16,torch.bfloat16,False,False
1510,3072,512,False,torch.bfloat16,torch.bfloat16,False,False
1514,3072,512,False,torch.bfloat16,torch.bfloat16,False,False
1517,3072,512,False,torch.bfloat16,torch.bfloat16,False,False
1525,3072,512,False,torch.bfloat16,torch.bfloat16,False,False
1526,3072,512,False,torch.bfloat16,torch.bfloat16,False,False
1530,3072,512,False,torch.bfloat16,torch.bfloat16,False,False
1533,3072,512,False,torch.bfloat16,torch.bfloat16,False,False
1536,3072,512,False,torch.bfloat16,torch.bfloat16,False,False
1733,3072,512,False,torch.bfloat16,torch.bfloat16,False,False
1996,3072,512,False,torch.bfloat16,torch.bfloat16,False,False
2120,3072,512,False,torch.bfloat16,torch.bfloat16,False,False
2149,3072,512,False,torch.bfloat16,torch.bfloat16,False,False
2328,3072,512,False,torch.bfloat16,torch.bfloat16,False,False
2417,3072,512,False,torch.bfloat16,torch.bfloat16,False,False
2563,3072,512,False,torch.bfloat16,torch.bfloat16,False,False
2593,3072,512,False,torch.bfloat16,torch.bfloat16,False,False
2625,3072,512,False,torch.bfloat16,torch.bfloat16,False,False
2633,3072,512,False,torch.bfloat16,torch.bfloat16,False,False
2641,3072,512,False,torch.bfloat16,torch.bfloat16,False,False
2642,3072,512,False,torch.bfloat16,torch.bfloat16,False,False
2682,3072,512,False,torch.bfloat16,torch.bfloat16,False,False
2711,3072,512,False,torch.bfloat16,torch.bfloat16,False,False
2723,3072,512,False,torch.bfloat16,torch.bfloat16,False,False
2733,3072,512,False,torch.bfloat16,torch.bfloat16,False,False
2738,3072,512,False,torch.bfloat16,torch.bfloat16,False,False
2741,3072,512,False,torch.bfloat16,torch.bfloat16,False,False
2745,3072,512,False,torch.bfloat16,torch.bfloat16,False,False
2747,3072,512,False,torch.bfloat16,torch.bfloat16,False,False
2757,3072,512,False,torch.bfloat16,torch.bfloat16,False,False
2764,3072,512,False,torch.bfloat16,torch.bfloat16,False,False
2765,3072,512,False,torch.bfloat16,torch.bfloat16,False,False
2775,3072,512,False,torch.bfloat16,torch.bfloat16,False,False
2810,3072,512,False,torch.bfloat16,torch.bfloat16,False,False
2814,3072,512,False,torch.bfloat16,torch.bfloat16,False,False
2825,3072,512,False,torch.bfloat16,torch.bfloat16,False,False
2826,3072,512,False,torch.bfloat16,torch.bfloat16,False,False
2849,3072,512,False,torch.bfloat16,torch.bfloat16,False,False
2852,3072,512,False,torch.bfloat16,torch.bfloat16,False,False
2855,3072,512,False,torch.bfloat16,torch.bfloat16,False,False
2865,3072,512,False,torch.bfloat16,torch.bfloat16,False,False
2870,3072,512,False,torch.bfloat16,torch.bfloat16,False,False
2873,3072,512,False,torch.bfloat16,torch.bfloat16,False,False
2874,3072,512,False,torch.bfloat16,torch.bfloat16,False,False
2877,3072,512,False,torch.bfloat16,torch.bfloat16,False,False
2883,3072,512,False,torch.bfloat16,torch.bfloat16,False,False
2896,3072,512,False,torch.bfloat16,torch.bfloat16,False,False
2921,3072,512,False,torch.bfloat16,torch.bfloat16,False,False
2926,3072,512,False,torch.bfloat16,torch.bfloat16,False,False
2930,3072,512,False,torch.bfloat16,torch.bfloat16,False,False
2934,3072,512,False,torch.bfloat16,torch.bfloat16,False,False
2937,3072,512,False,torch.bfloat16,torch.bfloat16,False,False
2938,3072,512,False,torch.bfloat16,torch.bfloat16,False,False
2943,3072,512,False,torch.bfloat16,torch.bfloat16,False,False
2955,3072,512,False,torch.bfloat16,torch.bfloat16,False,False
2958,3072,512,False,torch.bfloat16,torch.bfloat16,False,False
2965,3072,512,False,torch.bfloat16,torch.bfloat16,False,False
2969,3072,512,False,torch.bfloat16,torch.bfloat16,False,False
2970,3072,512,False,torch.bfloat16,torch.bfloat16,False,False
2973,3072,512,False,torch.bfloat16,torch.bfloat16,False,False
2986,3072,512,False,torch.bfloat16,torch.bfloat16,False,False
3004,3072,512,False,torch.bfloat16,torch.bfloat16,False,False
3005,3072,512,False,torch.bfloat16,torch.bfloat16,False,False
3006,3072,512,False,torch.bfloat16,torch.bfloat16,False,False
3017,3072,512,False,torch.bfloat16,torch.bfloat16,False,False
3038,3072,512,False,torch.bfloat16,torch.bfloat16,False,False
3049,3072,512,False,torch.bfloat16,torch.bfloat16,False,False
3050,3072,512,False,torch.bfloat16,torch.bfloat16,False,False
3052,3072,512,False,torch.bfloat16,torch.bfloat16,False,False
3055,3072,512,False,torch.bfloat16,torch.bfloat16,False,False
3070,3072,512,False,torch.bfloat16,torch.bfloat16,False,False
3072,3072,512,False,torch.bfloat16,torch.bfloat16,False,False
3073,3072,512,False,torch.bfloat16,torch.bfloat16,False,False
3102,3072,512,False,torch.bfloat16,torch.bfloat16,False,False
3110,3072,512,False,torch.bfloat16,torch.bfloat16,False,False
3125,3072,512,False,torch.bfloat16,torch.bfloat16,False,False
3127,3072,512,False,torch.bfloat16,torch.bfloat16,False,False
3128,3072,512,False,torch.bfloat16,torch.bfloat16,False,False
3129,3072,512,False,torch.bfloat16,torch.bfloat16,False,False
3130,3072,512,False,torch.bfloat16,torch.bfloat16,False,False
3133,3072,512,False,torch.bfloat16,torch.bfloat16,False,False
3150,3072,512,False,torch.bfloat16,torch.bfloat16,False,False
3166,3072,512,False,torch.bfloat16,torch.bfloat16,False,False
3185,3072,512,False,torch.bfloat16,torch.bfloat16,False,False
3188,3072,512,False,torch.bfloat16,torch.bfloat16,False,False
3207,3072,512,False,torch.bfloat16,torch.bfloat16,False,False
3210,3072,512,False,torch.bfloat16,torch.bfloat16,False,False
3225,3072,512,False,torch.bfloat16,torch.bfloat16,False,False
3228,3072,512,False,torch.bfloat16,torch.bfloat16,False,False
3229,3072,512,False,torch.bfloat16,torch.bfloat16,False,False
3232,3072,512,False,torch.bfloat16,torch.bfloat16,False,False
3242,3072,512,False,torch.bfloat16,torch.bfloat16,False,False
3245,3072,512,False,torch.bfloat16,torch.bfloat16,False,False
3255,3072,512,False,torch.bfloat16,torch.bfloat16,False,False
3256,3072,512,False,torch.bfloat16,torch.bfloat16,False,False
3265,3072,512,False,torch.bfloat16,torch.bfloat16,False,False
3276,3072,512,False,torch.bfloat16,torch.bfloat16,False,False
3295,3072,512,False,torch.bfloat16,torch.bfloat16,False,False
3311,3072,512,False,torch.bfloat16,torch.bfloat16,False,False
3320,3072,512,False,torch.bfloat16,torch.bfloat16,False,False
3323,3072,512,False,torch.bfloat16,torch.bfloat16,False,False
3344,3072,512,False,torch.bfloat16,torch.bfloat16,False,False
3346,3072,512,False,torch.bfloat16,torch.bfloat16,False,False
3349,3072,512,False,torch.bfloat16,torch.bfloat16,False,False
3351,3072,512,False,torch.bfloat16,torch.bfloat16,False,False
3372,3072,512,False,torch.bfloat16,torch.bfloat16,False,False
3382,3072,512,False,torch.bfloat16,torch.bfloat16,False,False
3398,3072,512,False,torch.bfloat16,torch.bfloat16,False,False
3404,3072,512,False,torch.bfloat16,torch.bfloat16,False,False
3420,3072,512,False,torch.bfloat16,torch.bfloat16,False,False
3424,3072,512,False,torch.bfloat16,torch.bfloat16,False,False
3426,3072,512,False,torch.bfloat16,torch.bfloat16,False,False
3438,3072,512,False,torch.bfloat16,torch.bfloat16,False,False
3444,3072,512,False,torch.bfloat16,torch.bfloat16,False,False
3446,3072,512,False,torch.bfloat16,torch.bfloat16,False,False
3456,3072,512,False,torch.bfloat16,torch.bfloat16,False,False
3469,3072,512,False,torch.bfloat16,torch.bfloat16,False,False
3470,3072,512,False,torch.bfloat16,torch.bfloat16,False,False
3478,3072,512,False,torch.bfloat16,torch.bfloat16,False,False
3479,3072,512,False,torch.bfloat16,torch.bfloat16,False,False
3496,3072,512,False,torch.bfloat16,torch.bfloat16,False,False
3497,3072,512,False,torch.bfloat16,torch.bfloat16,False,False
3504,3072,512,False,torch.bfloat16,torch.bfloat16,False,False
3515,3072,512,False,torch.bfloat16,torch.bfloat16,False,False
3520,3072,512,False,torch.bfloat16,torch.bfloat16,False,False
3525,3072,512,False,torch.bfloat16,torch.bfloat16,False,False
3553,3072,512,False,torch.bfloat16,torch.bfloat16,False,False
3558,3072,512,False,torch.bfloat16,torch.bfloat16,False,False
3561,3072,512,False,torch.bfloat16,torch.bfloat16,False,False
3589,3072,512,False,torch.bfloat16,torch.bfloat16,False,False
3592,3072,512,False,torch.bfloat16,torch.bfloat16,False,False
3600,3072,512,False,torch.bfloat16,torch.bfloat16,False,False
3604,3072,512,False,torch.bfloat16,torch.bfloat16,False,False
3612,3072,512,False,torch.bfloat16,torch.bfloat16,False,False
3623,3072,512,False,torch.bfloat16,torch.bfloat16,False,False
3635,3072,512,False,torch.bfloat16,torch.bfloat16,False,False
3642,3072,512,False,torch.bfloat16,torch.bfloat16,False,False
3643,3072,512,False,torch.bfloat16,torch.bfloat16,False,False
3672,3072,512,False,torch.bfloat16,torch.bfloat16,False,False
3680,3072,512,False,torch.bfloat16,torch.bfloat16,False,False
3682,3072,512,False,torch.bfloat16,torch.bfloat16,False,False
3689,3072,512,False,torch.bfloat16,torch.bfloat16,False,False
3693,3072,512,False,torch.bfloat16,torch.bfloat16,False,False
3701,3072,512,False,torch.bfloat16,torch.bfloat16,False,False
3704,3072,512,False,torch.bfloat16,torch.bfloat16,False,False
3711,3072,512,False,torch.bfloat16,torch.bfloat16,False,False
3715,3072,512,False,torch.bfloat16,torch.bfloat16,False,False
3718,3072,512,False,torch.bfloat16,torch.bfloat16,False,False
3724,3072,512,False,torch.bfloat16,torch.bfloat16,False,False
3730,3072,512,False,torch.bfloat16,torch.bfloat16,False,False
3740,3072,512,False,torch.bfloat16,torch.bfloat16,False,False
3741,3072,512,False,torch.bfloat16,torch.bfloat16,False,False
3742,3072,512,False,torch.bfloat16,torch.bfloat16,False,False
3762,3072,512,False,torch.bfloat16,torch.bfloat16,False,False
3766,3072,512,False,torch.bfloat16,torch.bfloat16,False,False
3767,3072,512,False,torch.bfloat16,torch.bfloat16,False,False
3768,3072,512,False,torch.bfloat16,torch.bfloat16,False,False
3770,3072,512,False,torch.bfloat16,torch.bfloat16,False,False
3774,3072,512,False,torch.bfloat16,torch.bfloat16,False,False
3775,3072,512,False,torch.bfloat16,torch.bfloat16,False,False
3781,3072,512,False,torch.bfloat16,torch.bfloat16,False,False
3807,3072,512,False,torch.bfloat16,torch.bfloat16,False,False
3808,3072,512,False,torch.bfloat16,torch.bfloat16,False,False
3809,3072,512,False,torch.bfloat16,torch.bfloat16,False,False
3813,3072,512,False,torch.bfloat16,torch.bfloat16,False,False
3848,3072,512,False,torch.bfloat16,torch.bfloat16,False,False
3849,3072,512,False,torch.bfloat16,torch.bfloat16,False,False
3853,3072,512,False,torch.bfloat16,torch.bfloat16,False,False
3863,3072,512,False,torch.bfloat16,torch.bfloat16,False,False
3873,3072,512,False,torch.bfloat16,torch.bfloat16,False,False
3897,3072,512,False,torch.bfloat16,torch.bfloat16,False,False
3904,3072,512,False,torch.bfloat16,torch.bfloat16,False,False
3908,3072,512,False,torch.bfloat16,torch.bfloat16,False,False
3928,3072,512,False,torch.bfloat16,torch.bfloat16,False,False
3935,3072,512,False,torch.bfloat16,torch.bfloat16,False,False
3938,3072,512,False,torch.bfloat16,torch.bfloat16,False,False
3945,3072,512,False,torch.bfloat16,torch.bfloat16,False,False
3954,3072,512,False,torch.bfloat16,torch.bfloat16,False,False
3965,3072,512,False,torch.bfloat16,torch.bfloat16,False,False
3966,3072,512,False,torch.bfloat16,torch.bfloat16,False,False
3967,3072,512,False,torch.bfloat16,torch.bfloat16,False,False
3968,3072,512,False,torch.bfloat16,torch.bfloat16,False,False
3988,3072,512,False,torch.bfloat16,torch.bfloat16,False,False
3990,3072,512,False,torch.bfloat16,torch.bfloat16,False,False
3999,3072,512,False,torch.bfloat16,torch.bfloat16,False,False
4000,3072,512,False,torch.bfloat16,torch.bfloat16,False,False
4014,3072,512,False,torch.bfloat16,torch.bfloat16,False,False
4017,3072,512,False,torch.bfloat16,torch.bfloat16,False,False
4019,3072,512,False,torch.bfloat16,torch.bfloat16,False,False
4031,3072,512,False,torch.bfloat16,torch.bfloat16,False,False
4047,3072,512,False,torch.bfloat16,torch.bfloat16,False,False
4054,3072,512,False,torch.bfloat16,torch.bfloat16,False,False
4061,3072,512,False,torch.bfloat16,torch.bfloat16,False,False
4068,3072,512,False,torch.bfloat16,torch.bfloat16,False,False
4086,3072,512,False,torch.bfloat16,torch.bfloat16,False,False
4096,3072,512,False,torch.bfloat16,torch.bfloat16,False,False
4608,3072,512,False,torch.bfloat16,torch.bfloat16,False,False
6144,3072,512,False,torch.bfloat16,torch.bfloat16,False,False
7680,3072,512,False,torch.bfloat16,torch.bfloat16,False,False
9216,3072,512,False,torch.bfloat16,torch.bfloat16,False,False
10752,3072,512,False,torch.bfloat16,torch.bfloat16,False,False
12288,3072,512,False,torch.bfloat16,torch.bfloat16,False,False
13824,3072,512,False,torch.bfloat16,torch.bfloat16,False,False
15360,3072,512,False,torch.bfloat16,torch.bfloat16,False,False
16896,3072,512,False,torch.bfloat16,torch.bfloat16,False,False
18432,3072,512,False,torch.bfloat16,torch.bfloat16,False,False
19219,3072,512,False,torch.bfloat16,torch.bfloat16,False,False
19968,3072,512,False,torch.bfloat16,torch.bfloat16,False,False
20969,3072,512,False,torch.bfloat16,torch.bfloat16,False,False
21504,3072,512,False,torch.bfloat16,torch.bfloat16,False,False
21678,3072,512,False,torch.bfloat16,torch.bfloat16,False,False
22161,3072,512,False,torch.bfloat16,torch.bfloat16,False,False
23040,3072,512,False,torch.bfloat16,torch.bfloat16,False,False
24576,3072,512,False,torch.bfloat16,torch.bfloat16,False,False
25600,3072,512,False,torch.bfloat16,torch.bfloat16,False,False
26112,3072,512,False,torch.bfloat16,torch.bfloat16,False,False
27648,3072,512,False,torch.bfloat16,torch.bfloat16,False,False
29184,3072,512,False,torch.bfloat16,torch.bfloat16,False,False
29554,3072,512,False,torch.bfloat16,torch.bfloat16,False,False
30720,3072,512,False,torch.bfloat16,torch.bfloat16,False,False
31232,3072,512,False,torch.bfloat16,torch.bfloat16,False,False
32256,3072,512,False,torch.bfloat16,torch.bfloat16,False,False
33792,3072,512,False,torch.bfloat16,torch.bfloat16,False,False
34087,3072,512,False,torch.bfloat16,torch.bfloat16,False,False
35328,3072,512,False,torch.bfloat16,torch.bfloat16,False,False
35488,3072,512,False,torch.bfloat16,torch.bfloat16,False,False
36864,3072,512,False,torch.bfloat16,torch.bfloat16,False,False
38400,3072,512,False,torch.bfloat16,torch.bfloat16,False,False
39936,3072,512,False,torch.bfloat16,torch.bfloat16,False,False
41472,3072,512,False,torch.bfloat16,torch.bfloat16,False,False
43008,3072,512,False,torch.bfloat16,torch.bfloat16,False,False
44544,3072,512,False,torch.bfloat16,torch.bfloat16,False,False
46080,3072,512,False,torch.bfloat16,torch.bfloat16,False,False
47616,3072,512,False,torch.bfloat16,torch.bfloat16,False,False
49152,3072,512,False,torch.bfloat16,torch.bfloat16,False,False
49190,3072,512,False,torch.bfloat16,torch.bfloat16,False,False
50688,3072,512,False,torch.bfloat16,torch.bfloat16,False,False
52224,3072,512,False,torch.bfloat16,torch.bfloat16,False,False
53760,3072,512,False,torch.bfloat16,torch.bfloat16,False,False
55296,3072,512,False,torch.bfloat16,torch.bfloat16,False,False
56832,3072,512,False,torch.bfloat16,torch.bfloat16,False,False
58368,3072,512,False,torch.bfloat16,torch.bfloat16,False,False
59904,3072,512,False,torch.bfloat16,torch.bfloat16,False,False
60928,3072,512,False,torch.bfloat16,torch.bfloat16,False,False
61440,3072,512,False,torch.bfloat16,torch.bfloat16,False,False
62279,3072,512,False,torch.bfloat16,torch.bfloat16,False,False
62976,3072,512,False,torch.bfloat16,torch.bfloat16,False,False
64512,3072,512,False,torch.bfloat16,torch.bfloat16,False,False
66048,3072,512,False,torch.bfloat16,torch.bfloat16,False,False
67584,3072,512,False,torch.bfloat16,torch.bfloat16,False,False
69120,3072,512,False,torch.bfloat16,torch.bfloat16,False,False
70656,3072,512,False,torch.bfloat16,torch.bfloat16,False,False
70709,3072,512,False,torch.bfloat16,torch.bfloat16,False,False
71610,3072,512,False,torch.bfloat16,torch.bfloat16,False,False
72192,3072,512,False,torch.bfloat16,torch.bfloat16,False,False
73728,3072,512,False,torch.bfloat16,torch.bfloat16,False,False
73928,3072,512,False,torch.bfloat16,torch.bfloat16,False,False
75264,3072,512,False,torch.bfloat16,torch.bfloat16,False,False
76800,3072,512,False,torch.bfloat16,torch.bfloat16,False,False
78336,3072,512,False,torch.bfloat16,torch.bfloat16,False,False
79872,3072,512,False,torch.bfloat16,torch.bfloat16,False,False
81408,3072,512,False,torch.bfloat16,torch.bfloat16,False,False
82944,3072,512,False,torch.bfloat16,torch.bfloat16,False,False
84480,3072,512,False,torch.bfloat16,torch.bfloat16,False,False
86016,3072,512,False,torch.bfloat16,torch.bfloat16,False,False
87552,3072,512,False,torch.bfloat16,torch.bfloat16,False,False
87883,3072,512,False,torch.bfloat16,torch.bfloat16,False,False
88290,3072,512,False,torch.bfloat16,torch.bfloat16,False,False
89088,3072,512,False,torch.bfloat16,torch.bfloat16,False,False
90624,3072,512,False,torch.bfloat16,torch.bfloat16,False,False
92160,3072,512,False,torch.bfloat16,torch.bfloat16,False,False
93696,3072,512,False,torch.bfloat16,torch.bfloat16,False,False
95232,3072,512,False,torch.bfloat16,torch.bfloat16,False,False
96768,3072,512,False,torch.bfloat16,torch.bfloat16,False,False
98304,3072,512,False,torch.bfloat16,torch.bfloat16,False,False
8,3584,7168,False,torch.bfloat16,torch.bfloat16,False,False
16,3584,7168,False,torch.bfloat16,torch.bfloat16,False,False
24,3584,7168,False,torch.bfloat16,torch.bfloat16,False,False
32,3584,7168,False,torch.bfloat16,torch.bfloat16,False,False
40,3584,7168,False,torch.bfloat16,torch.bfloat16,False,False
48,3584,7168,False,torch.bfloat16,torch.bfloat16,False,False
56,3584,7168,False,torch.bfloat16,torch.bfloat16,False,False
64,3584,7168,False,torch.bfloat16,torch.bfloat16,False,False
72,3584,7168,False,torch.bfloat16,torch.bfloat16,False,False
80,3584,7168,False,torch.bfloat16,torch.bfloat16,False,False
88,3584,7168,False,torch.bfloat16,torch.bfloat16,False,False
96,3584,7168,False,torch.bfloat16,torch.bfloat16,False,False
104,3584,7168,False,torch.bfloat16,torch.bfloat16,False,False
112,3584,7168,False,torch.bfloat16,torch.bfloat16,False,False
120,3584,7168,False,torch.bfloat16,torch.bfloat16,False,False
128,3584,7168,False,torch.bfloat16,torch.bfloat16,False,False
130,3584,7168,False,torch.bfloat16,torch.bfloat16,False,False
132,3584,7168,False,torch.bfloat16,torch.bfloat16,False,False
136,3584,7168,False,torch.bfloat16,torch.bfloat16,False,False
164,3584,7168,False,torch.bfloat16,torch.bfloat16,False,False
165,3584,7168,False,torch.bfloat16,torch.bfloat16,False,False
166,3584,7168,False,torch.bfloat16,torch.bfloat16,False,False
179,3584,7168,False,torch.bfloat16,torch.bfloat16,False,False
181,3584,7168,False,torch.bfloat16,torch.bfloat16,False,False
185,3584,7168,False,torch.bfloat16,torch.bfloat16,False,False
202,3584,7168,False,torch.bfloat16,torch.bfloat16,False,False
208,3584,7168,False,torch.bfloat16,torch.bfloat16,False,False
216,3584,7168,False,torch.bfloat16,torch.bfloat16,False,False
217,3584,7168,False,torch.bfloat16,torch.bfloat16,False,False
220,3584,7168,False,torch.bfloat16,torch.bfloat16,False,False
223,3584,7168,False,torch.bfloat16,torch.bfloat16,False,False
233,3584,7168,False,torch.bfloat16,torch.bfloat16,False,False
236,3584,7168,False,torch.bfloat16,torch.bfloat16,False,False
245,3584,7168,False,torch.bfloat16,torch.bfloat16,False,False
248,3584,7168,False,torch.bfloat16,torch.bfloat16,False,False
249,3584,7168,False,torch.bfloat16,torch.bfloat16,False,False
257,3584,7168,False,torch.bfloat16,torch.bfloat16,False,False
262,3584,7168,False,torch.bfloat16,torch.bfloat16,False,False
263,3584,7168,False,torch.bfloat16,torch.bfloat16,False,False
266,3584,7168,False,torch.bfloat16,torch.bfloat16,False,False
273,3584,7168,False,torch.bfloat16,torch.bfloat16,False,False
276,3584,7168,False,torch.bfloat16,torch.bfloat16,False,False
277,3584,7168,False,torch.bfloat16,torch.bfloat16,False,False
286,3584,7168,False,torch.bfloat16,torch.bfloat16,False,False
326,3584,7168,False,torch.bfloat16,torch.bfloat16,False,False
333,3584,7168,False,torch.bfloat16,torch.bfloat16,False,False
347,3584,7168,False,torch.bfloat16,torch.bfloat16,False,False
348,3584,7168,False,torch.bfloat16,torch.bfloat16,False,False
349,3584,7168,False,torch.bfloat16,torch.bfloat16,False,False
350,3584,7168,False,torch.bfloat16,torch.bfloat16,False,False
353,3584,7168,False,torch.bfloat16,torch.bfloat16,False,False
357,3584,7168,False,torch.bfloat16,torch.bfloat16,False,False
362,3584,7168,False,torch.bfloat16,torch.bfloat16,False,False
365,3584,7168,False,torch.bfloat16,torch.bfloat16,False,False
369,3584,7168,False,torch.bfloat16,torch.bfloat16,False,False
372,3584,7168,False,torch.bfloat16,torch.bfloat16,False,False
378,3584,7168,False,torch.bfloat16,torch.bfloat16,False,False
382,3584,7168,False,torch.bfloat16,torch.bfloat16,False,False
391,3584,7168,False,torch.bfloat16,torch.bfloat16,False,False
394,3584,7168,False,torch.bfloat16,torch.bfloat16,False,False
396,3584,7168,False,torch.bfloat16,torch.bfloat16,False,False
397,3584,7168,False,torch.bfloat16,torch.bfloat16,False,False
408,3584,7168,False,torch.bfloat16,torch.bfloat16,False,False
424,3584,7168,False,torch.bfloat16,torch.bfloat16,False,False
426,3584,7168,False,torch.bfloat16,torch.bfloat16,False,False
428,3584,7168,False,torch.bfloat16,torch.bfloat16,False,False
433,3584,7168,False,torch.bfloat16,torch.bfloat16,False,False
438,3584,7168,False,torch.bfloat16,torch.bfloat16,False,False
444,3584,7168,False,torch.bfloat16,torch.bfloat16,False,False
448,3584,7168,False,torch.bfloat16,torch.bfloat16,False,False
450,3584,7168,False,torch.bfloat16,torch.bfloat16,False,False
453,3584,7168,False,torch.bfloat16,torch.bfloat16,False,False
461,3584,7168,False,torch.bfloat16,torch.bfloat16,False,False
468,3584,7168,False,torch.bfloat16,torch.bfloat16,False,False
469,3584,7168,False,torch.bfloat16,torch.bfloat16,False,False
471,3584,7168,False,torch.bfloat16,torch.bfloat16,False,False
473,3584,7168,False,torch.bfloat16,torch.bfloat16,False,False
487,3584,7168,False,torch.bfloat16,torch.bfloat16,False,False
488,3584,7168,False,torch.bfloat16,torch.bfloat16,False,False
489,3584,7168,False,torch.bfloat16,torch.bfloat16,False,False
498,3584,7168,False,torch.bfloat16,torch.bfloat16,False,False
499,3584,7168,False,torch.bfloat16,torch.bfloat16,False,False
509,3584,7168,False,torch.bfloat16,torch.bfloat16,False,False
513,3584,7168,False,torch.bfloat16,torch.bfloat16,False,False
519,3584,7168,False,torch.bfloat16,torch.bfloat16,False,False
522,3584,7168,False,torch.bfloat16,torch.bfloat16,False,False
530,3584,7168,False,torch.bfloat16,torch.bfloat16,False,False
545,3584,7168,False,torch.bfloat16,torch.bfloat16,False,False
546,3584,7168,False,torch.bfloat16,torch.bfloat16,False,False
547,3584,7168,False,torch.bfloat16,torch.bfloat16,False,False
554,3584,7168,False,torch.bfloat16,torch.bfloat16,False,False
562,3584,7168,False,torch.bfloat16,torch.bfloat16,False,False
569,3584,7168,False,torch.bfloat16,torch.bfloat16,False,False
575,3584,7168,False,torch.bfloat16,torch.bfloat16,False,False
578,3584,7168,False,torch.bfloat16,torch.bfloat16,False,False
579,3584,7168,False,torch.bfloat16,torch.bfloat16,False,False
584,3584,7168,False,torch.bfloat16,torch.bfloat16,False,False
586,3584,7168,False,torch.bfloat16,torch.bfloat16,False,False
605,3584,7168,False,torch.bfloat16,torch.bfloat16,False,False
607,3584,7168,False,torch.bfloat16,torch.bfloat16,False,False
617,3584,7168,False,torch.bfloat16,torch.bfloat16,False,False
621,3584,7168,False,torch.bfloat16,torch.bfloat16,False,False
626,3584,7168,False,torch.bfloat16,torch.bfloat16,False,False
631,3584,7168,False,torch.bfloat16,torch.bfloat16,False,False
633,3584,7168,False,torch.bfloat16,torch.bfloat16,False,False
635,3584,7168,False,torch.bfloat16,torch.bfloat16,False,False
637,3584,7168,False,torch.bfloat16,torch.bfloat16,False,False
643,3584,7168,False,torch.bfloat16,torch.bfloat16,False,False
644,3584,7168,False,torch.bfloat16,torch.bfloat16,False,False
647,3584,7168,False,torch.bfloat16,torch.bfloat16,False,False
649,3584,7168,False,torch.bfloat16,torch.bfloat16,False,False
662,3584,7168,False,torch.bfloat16,torch.bfloat16,False,False
666,3584,7168,False,torch.bfloat16,torch.bfloat16,False,False
679,3584,7168,False,torch.bfloat16,torch.bfloat16,False,False
687,3584,7168,False,torch.bfloat16,torch.bfloat16,False,False
694,3584,7168,False,torch.bfloat16,torch.bfloat16,False,False
712,3584,7168,False,torch.bfloat16,torch.bfloat16,False,False
722,3584,7168,False,torch.bfloat16,torch.bfloat16,False,False
723,3584,7168,False,torch.bfloat16,torch.bfloat16,False,False
727,3584,7168,False,torch.bfloat16,torch.bfloat16,False,False
732,3584,7168,False,torch.bfloat16,torch.bfloat16,False,False
733,3584,7168,False,torch.bfloat16,torch.bfloat16,False,False
734,3584,7168,False,torch.bfloat16,torch.bfloat16,False,False
735,3584,7168,False,torch.bfloat16,torch.bfloat16,False,False
736,3584,7168,False,torch.bfloat16,torch.bfloat16,False,False
738,3584,7168,False,torch.bfloat16,torch.bfloat16,False,False
746,3584,7168,False,torch.bfloat16,torch.bfloat16,False,False
754,3584,7168,False,torch.bfloat16,torch.bfloat16,False,False
765,3584,7168,False,torch.bfloat16,torch.bfloat16,False,False
766,3584,7168,False,torch.bfloat16,torch.bfloat16,False,False
768,3584,7168,False,torch.bfloat16,torch.bfloat16,False,False
772,3584,7168,False,torch.bfloat16,torch.bfloat16,False,False
775,3584,7168,False,torch.bfloat16,torch.bfloat16,False,False
777,3584,7168,False,torch.bfloat16,torch.bfloat16,False,False
779,3584,7168,False,torch.bfloat16,torch.bfloat16,False,False
786,3584,7168,False,torch.bfloat16,torch.bfloat16,False,False
793,3584,7168,False,torch.bfloat16,torch.bfloat16,False,False
794,3584,7168,False,torch.bfloat16,torch.bfloat16,False,False
798,3584,7168,False,torch.bfloat16,torch.bfloat16,False,False
827,3584,7168,False,torch.bfloat16,torch.bfloat16,False,False
828,3584,7168,False,torch.bfloat16,torch.bfloat16,False,False
833,3584,7168,False,torch.bfloat16,torch.bfloat16,False,False
835,3584,7168,False,torch.bfloat16,torch.bfloat16,False,False
836,3584,7168,False,torch.bfloat16,torch.bfloat16,False,False
837,3584,7168,False,torch.bfloat16,torch.bfloat16,False,False
842,3584,7168,False,torch.bfloat16,torch.bfloat16,False,False
843,3584,7168,False,torch.bfloat16,torch.bfloat16,False,False
853,3584,7168,False,torch.bfloat16,torch.bfloat16,False,False
862,3584,7168,False,torch.bfloat16,torch.bfloat16,False,False
863,3584,7168,False,torch.bfloat16,torch.bfloat16,False,False
869,3584,7168,False,torch.bfloat16,torch.bfloat16,False,False
872,3584,7168,False,torch.bfloat16,torch.bfloat16,False,False
873,3584,7168,False,torch.bfloat16,torch.bfloat16,False,False
885,3584,7168,False,torch.bfloat16,torch.bfloat16,False,False
893,3584,7168,False,torch.bfloat16,torch.bfloat16,False,False
897,3584,7168,False,torch.bfloat16,torch.bfloat16,False,False
907,3584,7168,False,torch.bfloat16,torch.bfloat16,False,False
908,3584,7168,False,torch.bfloat16,torch.bfloat16,False,False
909,3584,7168,False,torch.bfloat16,torch.bfloat16,False,False
912,3584,7168,False,torch.bfloat16,torch.bfloat16,False,False
921,3584,7168,False,torch.bfloat16,torch.bfloat16,False,False
922,3584,7168,False,torch.bfloat16,torch.bfloat16,False,False
933,3584,7168,False,torch.bfloat16,torch.bfloat16,False,False
934,3584,7168,False,torch.bfloat16,torch.bfloat16,False,False
937,3584,7168,False,torch.bfloat16,torch.bfloat16,False,False
939,3584,7168,False,torch.bfloat16,torch.bfloat16,False,False
942,3584,7168,False,torch.bfloat16,torch.bfloat16,False,False
948,3584,7168,False,torch.bfloat16,torch.bfloat16,False,False
950,3584,7168,False,torch.bfloat16,torch.bfloat16,False,False
953,3584,7168,False,torch.bfloat16,torch.bfloat16,False,False
957,3584,7168,False,torch.bfloat16,torch.bfloat16,False,False
962,3584,7168,False,torch.bfloat16,torch.bfloat16,False,False
965,3584,7168,False,torch.bfloat16,torch.bfloat16,False,False
968,3584,7168,False,torch.bfloat16,torch.bfloat16,False,False
969,3584,7168,False,torch.bfloat16,torch.bfloat16,False,False
971,3584,7168,False,torch.bfloat16,torch.bfloat16,False,False
972,3584,7168,False,torch.bfloat16,torch.bfloat16,False,False
977,3584,7168,False,torch.bfloat16,torch.bfloat16,False,False
978,3584,7168,False,torch.bfloat16,torch.bfloat16,False,False
980,3584,7168,False,torch.bfloat16,torch.bfloat16,False,False
986,3584,7168,False,torch.bfloat16,torch.bfloat16,False,False
996,3584,7168,False,torch.bfloat16,torch.bfloat16,False,False
997,3584,7168,False,torch.bfloat16,torch.bfloat16,False,False
1008,3584,7168,False,torch.bfloat16,torch.bfloat16,False,False
1020,3584,7168,False,torch.bfloat16,torch.bfloat16,False,False
1022,3584,7168,False,torch.bfloat16,torch.bfloat16,False,False
1023,3584,7168,False,torch.bfloat16,torch.bfloat16,False,False
1025,3584,7168,False,torch.bfloat16,torch.bfloat16,False,False
1026,3584,7168,False,torch.bfloat16,torch.bfloat16,False,False
1029,3584,7168,False,torch.bfloat16,torch.bfloat16,False,False
1052,3584,7168,False,torch.bfloat16,torch.bfloat16,False,False
1053,3584,7168,False,torch.bfloat16,torch.bfloat16,False,False
1059,3584,7168,False,torch.bfloat16,torch.bfloat16,False,False
1060,3584,7168,False,torch.bfloat16,torch.bfloat16,False,False
1069,3584,7168,False,torch.bfloat16,torch.bfloat16,False,False
1073,3584,7168,False,torch.bfloat16,torch.bfloat16,False,False
1076,3584,7168,False,torch.bfloat16,torch.bfloat16,False,False
1081,3584,7168,False,torch.bfloat16,torch.bfloat16,False,False
1082,3584,7168,False,torch.bfloat16,torch.bfloat16,False,False
1083,3584,7168,False,torch.bfloat16,torch.bfloat16,False,False
1084,3584,7168,False,torch.bfloat16,torch.bfloat16,False,False
1085,3584,7168,False,torch.bfloat16,torch.bfloat16,False,False
1086,3584,7168,False,torch.bfloat16,torch.bfloat16,False,False
1089,3584,7168,False,torch.bfloat16,torch.bfloat16,False,False
1097,3584,7168,False,torch.bfloat16,torch.bfloat16,False,False
1100,3584,7168,False,torch.bfloat16,torch.bfloat16,False,False
1126,3584,7168,False,torch.bfloat16,torch.bfloat16,False,False
1127,3584,7168,False,torch.bfloat16,torch.bfloat16,False,False
1128,3584,7168,False,torch.bfloat16,torch.bfloat16,False,False
1133,3584,7168,False,torch.bfloat16,torch.bfloat16,False,False
1134,3584,7168,False,torch.bfloat16,torch.bfloat16,False,False
1140,3584,7168,False,torch.bfloat16,torch.bfloat16,False,False
1141,3584,7168,False,torch.bfloat16,torch.bfloat16,False,False
1143,3584,7168,False,torch.bfloat16,torch.bfloat16,False,False
1150,3584,7168,False,torch.bfloat16,torch.bfloat16,False,False
1151,3584,7168,False,torch.bfloat16,torch.bfloat16,False,False
1155,3584,7168,False,torch.bfloat16,torch.bfloat16,False,False
1156,3584,7168,False,torch.bfloat16,torch.bfloat16,False,False
1164,3584,7168,False,torch.bfloat16,torch.bfloat16,False,False
1166,3584,7168,False,torch.bfloat16,torch.bfloat16,False,False
1175,3584,7168,False,torch.bfloat16,torch.bfloat16,False,False
1177,3584,7168,False,torch.bfloat16,torch.bfloat16,False,False
1180,3584,7168,False,torch.bfloat16,torch.bfloat16,False,False
1181,3584,7168,False,torch.bfloat16,torch.bfloat16,False,False
1191,3584,7168,False,torch.bfloat16,torch.bfloat16,False,False
1193,3584,7168,False,torch.bfloat16,torch.bfloat16,False,False
1208,3584,7168,False,torch.bfloat16,torch.bfloat16,False,False
1209,3584,7168,False,torch.bfloat16,torch.bfloat16,False,False
1213,3584,7168,False,torch.bfloat16,torch.bfloat16,False,False
1215,3584,7168,False,torch.bfloat16,torch.bfloat16,False,False
1216,3584,7168,False,torch.bfloat16,torch.bfloat16,False,False
1217,3584,7168,False,torch.bfloat16,torch.bfloat16,False,False
1221,3584,7168,False,torch.bfloat16,torch.bfloat16,False,False
1228,3584,7168,False,torch.bfloat16,torch.bfloat16,False,False
1234,3584,7168,False,torch.bfloat16,torch.bfloat16,False,False
1236,3584,7168,False,torch.bfloat16,torch.bfloat16,False,False
1251,3584,7168,False,torch.bfloat16,torch.bfloat16,False,False
1252,3584,7168,False,torch.bfloat16,torch.bfloat16,False,False
1253,3584,7168,False,torch.bfloat16,torch.bfloat16,False,False
1259,3584,7168,False,torch.bfloat16,torch.bfloat16,False,False
1262,3584,7168,False,torch.bfloat16,torch.bfloat16,False,False
1270,3584,7168,False,torch.bfloat16,torch.bfloat16,False,False
1276,3584,7168,False,torch.bfloat16,torch.bfloat16,False,False
1279,3584,7168,False,torch.bfloat16,torch.bfloat16,False,False
1284,3584,7168,False,torch.bfloat16,torch.bfloat16,False,False
1288,3584,7168,False,torch.bfloat16,torch.bfloat16,False,False
1291,3584,7168,False,torch.bfloat16,torch.bfloat16,False,False
1293,3584,7168,False,torch.bfloat16,torch.bfloat16,False,False
1302,3584,7168,False,torch.bfloat16,torch.bfloat16,False,False
1304,3584,7168,False,torch.bfloat16,torch.bfloat16,False,False
1305,3584,7168,False,torch.bfloat16,torch.bfloat16,False,False
1308,3584,7168,False,torch.bfloat16,torch.bfloat16,False,False
1311,3584,7168,False,torch.bfloat16,torch.bfloat16,False,False
1314,3584,7168,False,torch.bfloat16,torch.bfloat16,False,False
1315,3584,7168,False,torch.bfloat16,torch.bfloat16,False,False
1316,3584,7168,False,torch.bfloat16,torch.bfloat16,False,False
1321,3584,7168,False,torch.bfloat16,torch.bfloat16,False,False
1323,3584,7168,False,torch.bfloat16,torch.bfloat16,False,False
1327,3584,7168,False,torch.bfloat16,torch.bfloat16,False,False
1335,3584,7168,False,torch.bfloat16,torch.bfloat16,False,False
1337,3584,7168,False,torch.bfloat16,torch.bfloat16,False,False
1339,3584,7168,False,torch.bfloat16,torch.bfloat16,False,False
1345,3584,7168,False,torch.bfloat16,torch.bfloat16,False,False
1346,3584,7168,False,torch.bfloat16,torch.bfloat16,False,False
1350,3584,7168,False,torch.bfloat16,torch.bfloat16,False,False
1356,3584,7168,False,torch.bfloat16,torch.bfloat16,False,False
1360,3584,7168,False,torch.bfloat16,torch.bfloat16,False,False
1370,3584,7168,False,torch.bfloat16,torch.bfloat16,False,False
1371,3584,7168,False,torch.bfloat16,torch.bfloat16,False,False
1374,3584,7168,False,torch.bfloat16,torch.bfloat16,False,False
1376,3584,7168,False,torch.bfloat16,torch.bfloat16,False,False
1377,3584,7168,False,torch.bfloat16,torch.bfloat16,False,False
1390,3584,7168,False,torch.bfloat16,torch.bfloat16,False,False
1407,3584,7168,False,torch.bfloat16,torch.bfloat16,False,False
1417,3584,7168,False,torch.bfloat16,torch.bfloat16,False,False
1422,3584,7168,False,torch.bfloat16,torch.bfloat16,False,False
1423,3584,7168,False,torch.bfloat16,torch.bfloat16,False,False
1426,3584,7168,False,torch.bfloat16,torch.bfloat16,False,False
1434,3584,7168,False,torch.bfloat16,torch.bfloat16,False,False
1437,3584,7168,False,torch.bfloat16,torch.bfloat16,False,False
1444,3584,7168,False,torch.bfloat16,torch.bfloat16,False,False
1445,3584,7168,False,torch.bfloat16,torch.bfloat16,False,False
1446,3584,7168,False,torch.bfloat16,torch.bfloat16,False,False
1448,3584,7168,False,torch.bfloat16,torch.bfloat16,False,False
1450,3584,7168,False,torch.bfloat16,torch.bfloat16,False,False
1451,3584,7168,False,torch.bfloat16,torch.bfloat16,False,False
1454,3584,7168,False,torch.bfloat16,torch.bfloat16,False,False
1459,3584,7168,False,torch.bfloat16,torch.bfloat16,False,False
1461,3584,7168,False,torch.bfloat16,torch.bfloat16,False,False
1462,3584,7168,False,torch.bfloat16,torch.bfloat16,False,False
1463,3584,7168,False,torch.bfloat16,torch.bfloat16,False,False
1466,3584,7168,False,torch.bfloat16,torch.bfloat16,False,False
1478,3584,7168,False,torch.bfloat16,torch.bfloat16,False,False
1485,3584,7168,False,torch.bfloat16,torch.bfloat16,False,False
1487,3584,7168,False,torch.bfloat16,torch.bfloat16,False,False
1489,3584,7168,False,torch.bfloat16,torch.bfloat16,False,False
1497,3584,7168,False,torch.bfloat16,torch.bfloat16,False,False
1498,3584,7168,False,torch.bfloat16,torch.bfloat16,False,False
1499,3584,7168,False,torch.bfloat16,torch.bfloat16,False,False
1500,3584,7168,False,torch.bfloat16,torch.bfloat16,False,False
1501,3584,7168,False,torch.bfloat16,torch.bfloat16,False,False
1502,3584,7168,False,torch.bfloat16,torch.bfloat16,False,False
1504,3584,7168,False,torch.bfloat16,torch.bfloat16,False,False
1506,3584,7168,False,torch.bfloat16,torch.bfloat16,False,False
1509,3584,7168,False,torch.bfloat16,torch.bfloat16,False,False
1510,3584,7168,False,torch.bfloat16,torch.bfloat16,False,False
1513,3584,7168,False,torch.bfloat16,torch.bfloat16,False,False
1518,3584,7168,False,torch.bfloat16,torch.bfloat16,False,False
1522,3584,7168,False,torch.bfloat16,torch.bfloat16,False,False
1525,3584,7168,False,torch.bfloat16,torch.bfloat16,False,False
1532,3584,7168,False,torch.bfloat16,torch.bfloat16,False,False
1534,3584,7168,False,torch.bfloat16,torch.bfloat16,False,False
1536,3584,7168,False,torch.bfloat16,torch.bfloat16,False,False
1537,3584,7168,False,torch.bfloat16,torch.bfloat16,False,False
1538,3584,7168,False,torch.bfloat16,torch.bfloat16,False,False
1539,3584,7168,False,torch.bfloat16,torch.bfloat16,False,False
1540,3584,7168,False,torch.bfloat16,torch.bfloat16,False,False
1541,3584,7168,False,torch.bfloat16,torch.bfloat16,False,False
1542,3584,7168,False,torch.bfloat16,torch.bfloat16,False,False
1543,3584,7168,False,torch.bfloat16,torch.bfloat16,False,False
1544,3584,7168,False,torch.bfloat16,torch.bfloat16,False,False
1545,3584,7168,False,torch.bfloat16,torch.bfloat16,False,False
1546,3584,7168,False,torch.bfloat16,torch.bfloat16,False,False
1547,3584,7168,False,torch.bfloat16,torch.bfloat16,False,False
1548,3584,7168,False,torch.bfloat16,torch.bfloat16,False,False
1733,3584,7168,False,torch.bfloat16,torch.bfloat16,False,False
2003,3584,7168,False,torch.bfloat16,torch.bfloat16,False,False
2131,3584,7168,False,torch.bfloat16,torch.bfloat16,False,False
2149,3584,7168,False,torch.bfloat16,torch.bfloat16,False,False
2328,3584,7168,False,torch.bfloat16,torch.bfloat16,False,False
2420,3584,7168,False,torch.bfloat16,torch.bfloat16,False,False
2563,3584,7168,False,torch.bfloat16,torch.bfloat16,False,False
2593,3584,7168,False,torch.bfloat16,torch.bfloat16,False,False
2625,3584,7168,False,torch.bfloat16,torch.bfloat16,False,False
2633,3584,7168,False,torch.bfloat16,torch.bfloat16,False,False
2641,3584,7168,False,torch.bfloat16,torch.bfloat16,False,False
2645,3584,7168,False,torch.bfloat16,torch.bfloat16,False,False
2682,3584,7168,False,torch.bfloat16,torch.bfloat16,False,False
2711,3584,7168,False,torch.bfloat16,torch.bfloat16,False,False
2723,3584,7168,False,torch.bfloat16,torch.bfloat16,False,False
2733,3584,7168,False,torch.bfloat16,torch.bfloat16,False,False
2738,3584,7168,False,torch.bfloat16,torch.bfloat16,False,False
2741,3584,7168,False,torch.bfloat16,torch.bfloat16,False,False
2745,3584,7168,False,torch.bfloat16,torch.bfloat16,False,False
2747,3584,7168,False,torch.bfloat16,torch.bfloat16,False,False
2761,3584,7168,False,torch.bfloat16,torch.bfloat16,False,False
2765,3584,7168,False,torch.bfloat16,torch.bfloat16,False,False
2773,3584,7168,False,torch.bfloat16,torch.bfloat16,False,False
2778,3584,7168,False,torch.bfloat16,torch.bfloat16,False,False
2810,3584,7168,False,torch.bfloat16,torch.bfloat16,False,False
2814,3584,7168,False,torch.bfloat16,torch.bfloat16,False,False
2825,3584,7168,False,torch.bfloat16,torch.bfloat16,False,False
2826,3584,7168,False,torch.bfloat16,torch.bfloat16,False,False
2852,3584,7168,False,torch.bfloat16,torch.bfloat16,False,False
2855,3584,7168,False,torch.bfloat16,torch.bfloat16,False,False
2856,3584,7168,False,torch.bfloat16,torch.bfloat16,False,False
2867,3584,7168,False,torch.bfloat16,torch.bfloat16,False,False
2870,3584,7168,False,torch.bfloat16,torch.bfloat16,False,False
2873,3584,7168,False,torch.bfloat16,torch.bfloat16,False,False
2874,3584,7168,False,torch.bfloat16,torch.bfloat16,False,False
2877,3584,7168,False,torch.bfloat16,torch.bfloat16,False,False
2883,3584,7168,False,torch.bfloat16,torch.bfloat16,False,False
2898,3584,7168,False,torch.bfloat16,torch.bfloat16,False,False
2921,3584,7168,False,torch.bfloat16,torch.bfloat16,False,False
2926,3584,7168,False,torch.bfloat16,torch.bfloat16,False,False
2930,3584,7168,False,torch.bfloat16,torch.bfloat16,False,False
2934,3584,7168,False,torch.bfloat16,torch.bfloat16,False,False
2937,3584,7168,False,torch.bfloat16,torch.bfloat16,False,False
2938,3584,7168,False,torch.bfloat16,torch.bfloat16,False,False
2943,3584,7168,False,torch.bfloat16,torch.bfloat16,False,False
2955,3584,7168,False,torch.bfloat16,torch.bfloat16,False,False
2958,3584,7168,False,torch.bfloat16,torch.bfloat16,False,False
2965,3584,7168,False,torch.bfloat16,torch.bfloat16,False,False
2969,3584,7168,False,torch.bfloat16,torch.bfloat16,False,False
2970,3584,7168,False,torch.bfloat16,torch.bfloat16,False,False
2973,3584,7168,False,torch.bfloat16,torch.bfloat16,False,False
2986,3584,7168,False,torch.bfloat16,torch.bfloat16,False,False
3005,3584,7168,False,torch.bfloat16,torch.bfloat16,False,False
3006,3584,7168,False,torch.bfloat16,torch.bfloat16,False,False
3010,3584,7168,False,torch.bfloat16,torch.bfloat16,False,False
3013,3584,7168,False,torch.bfloat16,torch.bfloat16,False,False
3017,3584,7168,False,torch.bfloat16,torch.bfloat16,False,False
3038,3584,7168,False,torch.bfloat16,torch.bfloat16,False,False
3049,3584,7168,False,torch.bfloat16,torch.bfloat16,False,False
3050,3584,7168,False,torch.bfloat16,torch.bfloat16,False,False
3052,3584,7168,False,torch.bfloat16,torch.bfloat16,False,False
3055,3584,7168,False,torch.bfloat16,torch.bfloat16,False,False
3070,3584,7168,False,torch.bfloat16,torch.bfloat16,False,False
3072,3584,7168,False,torch.bfloat16,torch.bfloat16,False,False
3073,3584,7168,False,torch.bfloat16,torch.bfloat16,False,False
3074,3584,7168,False,torch.bfloat16,torch.bfloat16,False,False
3075,3584,7168,False,torch.bfloat16,torch.bfloat16,False,False
3076,3584,7168,False,torch.bfloat16,torch.bfloat16,False,False
3077,3584,7168,False,torch.bfloat16,torch.bfloat16,False,False
3078,3584,7168,False,torch.bfloat16,torch.bfloat16,False,False
3079,3584,7168,False,torch.bfloat16,torch.bfloat16,False,False
3080,3584,7168,False,torch.bfloat16,torch.bfloat16,False,False
3081,3584,7168,False,torch.bfloat16,torch.bfloat16,False,False
3082,3584,7168,False,torch.bfloat16,torch.bfloat16,False,False
3083,3584,7168,False,torch.bfloat16,torch.bfloat16,False,False
3084,3584,7168,False,torch.bfloat16,torch.bfloat16,False,False
3102,3584,7168,False,torch.bfloat16,torch.bfloat16,False,False
3110,3584,7168,False,torch.bfloat16,torch.bfloat16,False,False
3125,3584,7168,False,torch.bfloat16,torch.bfloat16,False,False
3127,3584,7168,False,torch.bfloat16,torch.bfloat16,False,False
3128,3584,7168,False,torch.bfloat16,torch.bfloat16,False,False
3129,3584,7168,False,torch.bfloat16,torch.bfloat16,False,False
3130,3584,7168,False,torch.bfloat16,torch.bfloat16,False,False
3133,3584,7168,False,torch.bfloat16,torch.bfloat16,False,False
3150,3584,7168,False,torch.bfloat16,torch.bfloat16,False,False
3166,3584,7168,False,torch.bfloat16,torch.bfloat16,False,False
3185,3584,7168,False,torch.bfloat16,torch.bfloat16,False,False
3188,3584,7168,False,torch.bfloat16,torch.bfloat16,False,False
3207,3584,7168,False,torch.bfloat16,torch.bfloat16,False,False
3218,3584,7168,False,torch.bfloat16,torch.bfloat16,False,False
3225,3584,7168,False,torch.bfloat16,torch.bfloat16,False,False
3228,3584,7168,False,torch.bfloat16,torch.bfloat16,False,False
3229,3584,7168,False,torch.bfloat16,torch.bfloat16,False,False
3232,3584,7168,False,torch.bfloat16,torch.bfloat16,False,False
3245,3584,7168,False,torch.bfloat16,torch.bfloat16,False,False
3247,3584,7168,False,torch.bfloat16,torch.bfloat16,False,False
3255,3584,7168,False,torch.bfloat16,torch.bfloat16,False,False
3260,3584,7168,False,torch.bfloat16,torch.bfloat16,False,False
3265,3584,7168,False,torch.bfloat16,torch.bfloat16,False,False
3276,3584,7168,False,torch.bfloat16,torch.bfloat16,False,False
3295,3584,7168,False,torch.bfloat16,torch.bfloat16,False,False
3311,3584,7168,False,torch.bfloat16,torch.bfloat16,False,False
3323,3584,7168,False,torch.bfloat16,torch.bfloat16,False,False
3328,3584,7168,False,torch.bfloat16,torch.bfloat16,False,False
3344,3584,7168,False,torch.bfloat16,torch.bfloat16,False,False
3346,3584,7168,False,torch.bfloat16,torch.bfloat16,False,False
3349,3584,7168,False,torch.bfloat16,torch.bfloat16,False,False
3351,3584,7168,False,torch.bfloat16,torch.bfloat16,False,False
3372,3584,7168,False,torch.bfloat16,torch.bfloat16,False,False
3382,3584,7168,False,torch.bfloat16,torch.bfloat16,False,False
3398,3584,7168,False,torch.bfloat16,torch.bfloat16,False,False
3404,3584,7168,False,torch.bfloat16,torch.bfloat16,False,False
3420,3584,7168,False,torch.bfloat16,torch.bfloat16,False,False
3424,3584,7168,False,torch.bfloat16,torch.bfloat16,False,False
3426,3584,7168,False,torch.bfloat16,torch.bfloat16,False,False
3438,3584,7168,False,torch.bfloat16,torch.bfloat16,False,False
3444,3584,7168,False,torch.bfloat16,torch.bfloat16,False,False
3446,3584,7168,False,torch.bfloat16,torch.bfloat16,False,False
3449,3584,7168,False,torch.bfloat16,torch.bfloat16,False,False
3456,3584,7168,False,torch.bfloat16,torch.bfloat16,False,False
3469,3584,7168,False,torch.bfloat16,torch.bfloat16,False,False
3470,3584,7168,False,torch.bfloat16,torch.bfloat16,False,False
3478,3584,7168,False,torch.bfloat16,torch.bfloat16,False,False
3479,3584,7168,False,torch.bfloat16,torch.bfloat16,False,False
3496,3584,7168,False,torch.bfloat16,torch.bfloat16,False,False
3497,3584,7168,False,torch.bfloat16,torch.bfloat16,False,False
3510,3584,7168,False,torch.bfloat16,torch.bfloat16,False,False
3515,3584,7168,False,torch.bfloat16,torch.bfloat16,False,False
3520,3584,7168,False,torch.bfloat16,torch.bfloat16,False,False
3525,3584,7168,False,torch.bfloat16,torch.bfloat16,False,False
3553,3584,7168,False,torch.bfloat16,torch.bfloat16,False,False
3558,3584,7168,False,torch.bfloat16,torch.bfloat16,False,False
3561,3584,7168,False,torch.bfloat16,torch.bfloat16,False,False
3589,3584,7168,False,torch.bfloat16,torch.bfloat16,False,False
3592,3584,7168,False,torch.bfloat16,torch.bfloat16,False,False
3600,3584,7168,False,torch.bfloat16,torch.bfloat16,False,False
3611,3584,7168,False,torch.bfloat16,torch.bfloat16,False,False
3612,3584,7168,False,torch.bfloat16,torch.bfloat16,False,False
3630,3584,7168,False,torch.bfloat16,torch.bfloat16,False,False
3635,3584,7168,False,torch.bfloat16,torch.bfloat16,False,False
3642,3584,7168,False,torch.bfloat16,torch.bfloat16,False,False
3643,3584,7168,False,torch.bfloat16,torch.bfloat16,False,False
3672,3584,7168,False,torch.bfloat16,torch.bfloat16,False,False
3680,3584,7168,False,torch.bfloat16,torch.bfloat16,False,False
3689,3584,7168,False,torch.bfloat16,torch.bfloat16,False,False
3691,3584,7168,False,torch.bfloat16,torch.bfloat16,False,False
3693,3584,7168,False,torch.bfloat16,torch.bfloat16,False,False
3701,3584,7168,False,torch.bfloat16,torch.bfloat16,False,False
3704,3584,7168,False,torch.bfloat16,torch.bfloat16,False,False
3711,3584,7168,False,torch.bfloat16,torch.bfloat16,False,False
3715,3584,7168,False,torch.bfloat16,torch.bfloat16,False,False
3718,3584,7168,False,torch.bfloat16,torch.bfloat16,False,False
3724,3584,7168,False,torch.bfloat16,torch.bfloat16,False,False
3737,3584,7168,False,torch.bfloat16,torch.bfloat16,False,False
3740,3584,7168,False,torch.bfloat16,torch.bfloat16,False,False
3741,3584,7168,False,torch.bfloat16,torch.bfloat16,False,False
3742,3584,7168,False,torch.bfloat16,torch.bfloat16,False,False
3762,3584,7168,False,torch.bfloat16,torch.bfloat16,False,False
3766,3584,7168,False,torch.bfloat16,torch.bfloat16,False,False
3767,3584,7168,False,torch.bfloat16,torch.bfloat16,False,False
3768,3584,7168,False,torch.bfloat16,torch.bfloat16,False,False
3770,3584,7168,False,torch.bfloat16,torch.bfloat16,False,False
3774,3584,7168,False,torch.bfloat16,torch.bfloat16,False,False
3777,3584,7168,False,torch.bfloat16,torch.bfloat16,False,False
3781,3584,7168,False,torch.bfloat16,torch.bfloat16,False,False
3807,3584,7168,False,torch.bfloat16,torch.bfloat16,False,False
3808,3584,7168,False,torch.bfloat16,torch.bfloat16,False,False
3810,3584,7168,False,torch.bfloat16,torch.bfloat16,False,False
3816,3584,7168,False,torch.bfloat16,torch.bfloat16,False,False
3818,3584,7168,False,torch.bfloat16,torch.bfloat16,False,False
3848,3584,7168,False,torch.bfloat16,torch.bfloat16,False,False
3849,3584,7168,False,torch.bfloat16,torch.bfloat16,False,False
3853,3584,7168,False,torch.bfloat16,torch.bfloat16,False,False
3863,3584,7168,False,torch.bfloat16,torch.bfloat16,False,False
3882,3584,7168,False,torch.bfloat16,torch.bfloat16,False,False
3897,3584,7168,False,torch.bfloat16,torch.bfloat16,False,False
3904,3584,7168,False,torch.bfloat16,torch.bfloat16,False,False
3908,3584,7168,False,torch.bfloat16,torch.bfloat16,False,False
3928,3584,7168,False,torch.bfloat16,torch.bfloat16,False,False
3935,3584,7168,False,torch.bfloat16,torch.bfloat16,False,False
3938,3584,7168,False,torch.bfloat16,torch.bfloat16,False,False
3945,3584,7168,False,torch.bfloat16,torch.bfloat16,False,False
3955,3584,7168,False,torch.bfloat16,torch.bfloat16,False,False
3965,3584,7168,False,torch.bfloat16,torch.bfloat16,False,False
3966,3584,7168,False,torch.bfloat16,torch.bfloat16,False,False
3967,3584,7168,False,torch.bfloat16,torch.bfloat16,False,False
3968,3584,7168,False,torch.bfloat16,torch.bfloat16,False,False
3988,3584,7168,False,torch.bfloat16,torch.bfloat16,False,False
3990,3584,7168,False,torch.bfloat16,torch.bfloat16,False,False
3999,3584,7168,False,torch.bfloat16,torch.bfloat16,False,False
4000,3584,7168,False,torch.bfloat16,torch.bfloat16,False,False
4014,3584,7168,False,torch.bfloat16,torch.bfloat16,False,False
4017,3584,7168,False,torch.bfloat16,torch.bfloat16,False,False
4019,3584,7168,False,torch.bfloat16,torch.bfloat16,False,False
4031,3584,7168,False,torch.bfloat16,torch.bfloat16,False,False
4047,3584,7168,False,torch.bfloat16,torch.bfloat16,False,False
4054,3584,7168,False,torch.bfloat16,torch.bfloat16,False,False
4061,3584,7168,False,torch.bfloat16,torch.bfloat16,False,False
4070,3584,7168,False,torch.bfloat16,torch.bfloat16,False,False
4087,3584,7168,False,torch.bfloat16,torch.bfloat16,False,False
4096,3584,7168,False,torch.bfloat16,torch.bfloat16,False,False
67268,4096,1024,False,torch.bfloat16,torch.bfloat16,False,False
16817,4096,4096,False,torch.bfloat16,torch.bfloat16,False,False
67268,4608,1024,False,torch.bfloat16,torch.bfloat16,False,False
8,6288,7168,False,torch.bfloat16,torch.bfloat16,False,False
16,6288,7168,False,torch.bfloat16,torch.bfloat16,False,False
24,6288,7168,False,torch.bfloat16,torch.bfloat16,False,False
32,6288,7168,False,torch.bfloat16,torch.bfloat16,False,False
40,6288,7168,False,torch.bfloat16,torch.bfloat16,False,False
48,6288,7168,False,torch.bfloat16,torch.bfloat16,False,False
56,6288,7168,False,torch.bfloat16,torch.bfloat16,False,False
64,6288,7168,False,torch.bfloat16,torch.bfloat16,False,False
72,6288,7168,False,torch.bfloat16,torch.bfloat16,False,False
80,6288,7168,False,torch.bfloat16,torch.bfloat16,False,False
88,6288,7168,False,torch.bfloat16,torch.bfloat16,False,False
96,6288,7168,False,torch.bfloat16,torch.bfloat16,False,False
104,6288,7168,False,torch.bfloat16,torch.bfloat16,False,False
112,6288,7168,False,torch.bfloat16,torch.bfloat16,False,False
120,6288,7168,False,torch.bfloat16,torch.bfloat16,False,False
128,6288,7168,False,torch.bfloat16,torch.bfloat16,False,False
130,6288,7168,False,torch.bfloat16,torch.bfloat16,False,False
132,6288,7168,False,torch.bfloat16,torch.bfloat16,False,False
136,6288,7168,False,torch.bfloat16,torch.bfloat16,False,False
164,6288,7168,False,torch.bfloat16,torch.bfloat16,False,False
165,6288,7168,False,torch.bfloat16,torch.bfloat16,False,False
166,6288,7168,False,torch.bfloat16,torch.bfloat16,False,False
179,6288,7168,False,torch.bfloat16,torch.bfloat16,False,False
181,6288,7168,False,torch.bfloat16,torch.bfloat16,False,False
185,6288,7168,False,torch.bfloat16,torch.bfloat16,False,False
202,6288,7168,False,torch.bfloat16,torch.bfloat16,False,False
208,6288,7168,False,torch.bfloat16,torch.bfloat16,False,False
216,6288,7168,False,torch.bfloat16,torch.bfloat16,False,False
217,6288,7168,False,torch.bfloat16,torch.bfloat16,False,False
220,6288,7168,False,torch.bfloat16,torch.bfloat16,False,False
223,6288,7168,False,torch.bfloat16,torch.bfloat16,False,False
233,6288,7168,False,torch.bfloat16,torch.bfloat16,False,False
236,6288,7168,False,torch.bfloat16,torch.bfloat16,False,False
245,6288,7168,False,torch.bfloat16,torch.bfloat16,False,False
248,6288,7168,False,torch.bfloat16,torch.bfloat16,False,False
249,6288,7168,False,torch.bfloat16,torch.bfloat16,False,False
257,6288,7168,False,torch.bfloat16,torch.bfloat16,False,False
262,6288,7168,False,torch.bfloat16,torch.bfloat16,False,False
263,6288,7168,False,torch.bfloat16,torch.bfloat16,False,False
266,6288,7168,False,torch.bfloat16,torch.bfloat16,False,False
273,6288,7168,False,torch.bfloat16,torch.bfloat16,False,False
276,6288,7168,False,torch.bfloat16,torch.bfloat16,False,False
277,6288,7168,False,torch.bfloat16,torch.bfloat16,False,False
286,6288,7168,False,torch.bfloat16,torch.bfloat16,False,False
326,6288,7168,False,torch.bfloat16,torch.bfloat16,False,False
333,6288,7168,False,torch.bfloat16,torch.bfloat16,False,False
347,6288,7168,False,torch.bfloat16,torch.bfloat16,False,False
348,6288,7168,False,torch.bfloat16,torch.bfloat16,False,False
349,6288,7168,False,torch.bfloat16,torch.bfloat16,False,False
350,6288,7168,False,torch.bfloat16,torch.bfloat16,False,False
353,6288,7168,False,torch.bfloat16,torch.bfloat16,False,False
357,6288,7168,False,torch.bfloat16,torch.bfloat16,False,False
362,6288,7168,False,torch.bfloat16,torch.bfloat16,False,False
365,6288,7168,False,torch.bfloat16,torch.bfloat16,False,False
369,6288,7168,False,torch.bfloat16,torch.bfloat16,False,False
372,6288,7168,False,torch.bfloat16,torch.bfloat16,False,False
378,6288,7168,False,torch.bfloat16,torch.bfloat16,False,False
382,6288,7168,False,torch.bfloat16,torch.bfloat16,False,False
391,6288,7168,False,torch.bfloat16,torch.bfloat16,False,False
394,6288,7168,False,torch.bfloat16,torch.bfloat16,False,False
396,6288,7168,False,torch.bfloat16,torch.bfloat16,False,False
397,6288,7168,False,torch.bfloat16,torch.bfloat16,False,False
408,6288,7168,False,torch.bfloat16,torch.bfloat16,False,False
424,6288,7168,False,torch.bfloat16,torch.bfloat16,False,False
426,6288,7168,False,torch.bfloat16,torch.bfloat16,False,False
428,6288,7168,False,torch.bfloat16,torch.bfloat16,False,False
433,6288,7168,False,torch.bfloat16,torch.bfloat16,False,False
438,6288,7168,False,torch.bfloat16,torch.bfloat16,False,False
444,6288,7168,False,torch.bfloat16,torch.bfloat16,False,False
448,6288,7168,False,torch.bfloat16,torch.bfloat16,False,False
450,6288,7168,False,torch.bfloat16,torch.bfloat16,False,False
453,6288,7168,False,torch.bfloat16,torch.bfloat16,False,False
461,6288,7168,False,torch.bfloat16,torch.bfloat16,False,False
468,6288,7168,False,torch.bfloat16,torch.bfloat16,False,False
469,6288,7168,False,torch.bfloat16,torch.bfloat16,False,False
471,6288,7168,False,torch.bfloat16,torch.bfloat16,False,False
473,6288,7168,False,torch.bfloat16,torch.bfloat16,False,False
487,6288,7168,False,torch.bfloat16,torch.bfloat16,False,False
488,6288,7168,False,torch.bfloat16,torch.bfloat16,False,False
489,6288,7168,False,torch.bfloat16,torch.bfloat16,False,False
498,6288,7168,False,torch.bfloat16,torch.bfloat16,False,False
499,6288,7168,False,torch.bfloat16,torch.bfloat16,False,False
509,6288,7168,False,torch.bfloat16,torch.bfloat16,False,False
513,6288,7168,False,torch.bfloat16,torch.bfloat16,False,False
519,6288,7168,False,torch.bfloat16,torch.bfloat16,False,False
522,6288,7168,False,torch.bfloat16,torch.bfloat16,False,False
530,6288,7168,False,torch.bfloat16,torch.bfloat16,False,False
545,6288,7168,False,torch.bfloat16,torch.bfloat16,False,False
546,6288,7168,False,torch.bfloat16,torch.bfloat16,False,False
547,6288,7168,False,torch.bfloat16,torch.bfloat16,False,False
554,6288,7168,False,torch.bfloat16,torch.bfloat16,False,False
562,6288,7168,False,torch.bfloat16,torch.bfloat16,False,False
569,6288,7168,False,torch.bfloat16,torch.bfloat16,False,False
575,6288,7168,False,torch.bfloat16,torch.bfloat16,False,False
578,6288,7168,False,torch.bfloat16,torch.bfloat16,False,False
579,6288,7168,False,torch.bfloat16,torch.bfloat16,False,False
584,6288,7168,False,torch.bfloat16,torch.bfloat16,False,False
586,6288,7168,False,torch.bfloat16,torch.bfloat16,False,False
605,6288,7168,False,torch.bfloat16,torch.bfloat16,False,False
607,6288,7168,False,torch.bfloat16,torch.bfloat16,False,False
617,6288,7168,False,torch.bfloat16,torch.bfloat16,False,False
621,6288,7168,False,torch.bfloat16,torch.bfloat16,False,False
626,6288,7168,False,torch.bfloat16,torch.bfloat16,False,False
631,6288,7168,False,torch.bfloat16,torch.bfloat16,False,False
633,6288,7168,False,torch.bfloat16,torch.bfloat16,False,False
635,6288,7168,False,torch.bfloat16,torch.bfloat16,False,False
637,6288,7168,False,torch.bfloat16,torch.bfloat16,False,False
643,6288,7168,False,torch.bfloat16,torch.bfloat16,False,False
644,6288,7168,False,torch.bfloat16,torch.bfloat16,False,False
647,6288,7168,False,torch.bfloat16,torch.bfloat16,False,False
649,6288,7168,False,torch.bfloat16,torch.bfloat16,False,False
662,6288,7168,False,torch.bfloat16,torch.bfloat16,False,False
666,6288,7168,False,torch.bfloat16,torch.bfloat16,False,False
679,6288,7168,False,torch.bfloat16,torch.bfloat16,False,False
687,6288,7168,False,torch.bfloat16,torch.bfloat16,False,False
694,6288,7168,False,torch.bfloat16,torch.bfloat16,False,False
712,6288,7168,False,torch.bfloat16,torch.bfloat16,False,False
722,6288,7168,False,torch.bfloat16,torch.bfloat16,False,False
723,6288,7168,False,torch.bfloat16,torch.bfloat16,False,False
727,6288,7168,False,torch.bfloat16,torch.bfloat16,False,False
732,6288,7168,False,torch.bfloat16,torch.bfloat16,False,False
733,6288,7168,False,torch.bfloat16,torch.bfloat16,False,False
734,6288,7168,False,torch.bfloat16,torch.bfloat16,False,False
735,6288,7168,False,torch.bfloat16,torch.bfloat16,False,False
736,6288,7168,False,torch.bfloat16,torch.bfloat16,False,False
738,6288,7168,False,torch.bfloat16,torch.bfloat16,False,False
746,6288,7168,False,torch.bfloat16,torch.bfloat16,False,False
754,6288,7168,False,torch.bfloat16,torch.bfloat16,False,False
765,6288,7168,False,torch.bfloat16,torch.bfloat16,False,False
766,6288,7168,False,torch.bfloat16,torch.bfloat16,False,False
768,6288,7168,False,torch.bfloat16,torch.bfloat16,False,False
772,6288,7168,False,torch.bfloat16,torch.bfloat16,False,False
775,6288,7168,False,torch.bfloat16,torch.bfloat16,False,False
777,6288,7168,False,torch.bfloat16,torch.bfloat16,False,False
779,6288,7168,False,torch.bfloat16,torch.bfloat16,False,False
786,6288,7168,False,torch.bfloat16,torch.bfloat16,False,False
793,6288,7168,False,torch.bfloat16,torch.bfloat16,False,False
794,6288,7168,False,torch.bfloat16,torch.bfloat16,False,False
798,6288,7168,False,torch.bfloat16,torch.bfloat16,False,False
827,6288,7168,False,torch.bfloat16,torch.bfloat16,False,False
828,6288,7168,False,torch.bfloat16,torch.bfloat16,False,False
833,6288,7168,False,torch.bfloat16,torch.bfloat16,False,False
835,6288,7168,False,torch.bfloat16,torch.bfloat16,False,False
836,6288,7168,False,torch.bfloat16,torch.bfloat16,False,False
837,6288,7168,False,torch.bfloat16,torch.bfloat16,False,False
842,6288,7168,False,torch.bfloat16,torch.bfloat16,False,False
843,6288,7168,False,torch.bfloat16,torch.bfloat16,False,False
853,6288,7168,False,torch.bfloat16,torch.bfloat16,False,False
862,6288,7168,False,torch.bfloat16,torch.bfloat16,False,False
863,6288,7168,False,torch.bfloat16,torch.bfloat16,False,False
869,6288,7168,False,torch.bfloat16,torch.bfloat16,False,False
872,6288,7168,False,torch.bfloat16,torch.bfloat16,False,False
873,6288,7168,False,torch.bfloat16,torch.bfloat16,False,False
885,6288,7168,False,torch.bfloat16,torch.bfloat16,False,False
893,6288,7168,False,torch.bfloat16,torch.bfloat16,False,False
897,6288,7168,False,torch.bfloat16,torch.bfloat16,False,False
907,6288,7168,False,torch.bfloat16,torch.bfloat16,False,False
908,6288,7168,False,torch.bfloat16,torch.bfloat16,False,False
909,6288,7168,False,torch.bfloat16,torch.bfloat16,False,False
912,6288,7168,False,torch.bfloat16,torch.bfloat16,False,False
921,6288,7168,False,torch.bfloat16,torch.bfloat16,False,False
922,6288,7168,False,torch.bfloat16,torch.bfloat16,False,False
933,6288,7168,False,torch.bfloat16,torch.bfloat16,False,False
934,6288,7168,False,torch.bfloat16,torch.bfloat16,False,False
937,6288,7168,False,torch.bfloat16,torch.bfloat16,False,False
939,6288,7168,False,torch.bfloat16,torch.bfloat16,False,False
942,6288,7168,False,torch.bfloat16,torch.bfloat16,False,False
948,6288,7168,False,torch.bfloat16,torch.bfloat16,False,False
950,6288,7168,False,torch.bfloat16,torch.bfloat16,False,False
953,6288,7168,False,torch.bfloat16,torch.bfloat16,False,False
957,6288,7168,False,torch.bfloat16,torch.bfloat16,False,False
962,6288,7168,False,torch.bfloat16,torch.bfloat16,False,False
965,6288,7168,False,torch.bfloat16,torch.bfloat16,False,False
968,6288,7168,False,torch.bfloat16,torch.bfloat16,False,False
969,6288,7168,False,torch.bfloat16,torch.bfloat16,False,False
971,6288,7168,False,torch.bfloat16,torch.bfloat16,False,False
972,6288,7168,False,torch.bfloat16,torch.bfloat16,False,False
977,6288,7168,False,torch.bfloat16,torch.bfloat16,False,False
978,6288,7168,False,torch.bfloat16,torch.bfloat16,False,False
980,6288,7168,False,torch.bfloat16,torch.bfloat16,False,False
986,6288,7168,False,torch.bfloat16,torch.bfloat16,False,False
996,6288,7168,False,torch.bfloat16,torch.bfloat16,False,False
997,6288,7168,False,torch.bfloat16,torch.bfloat16,False,False
1008,6288,7168,False,torch.bfloat16,torch.bfloat16,False,False
1020,6288,7168,False,torch.bfloat16,torch.bfloat16,False,False
1022,6288,7168,False,torch.bfloat16,torch.bfloat16,False,False
1023,6288,7168,False,torch.bfloat16,torch.bfloat16,False,False
1025,6288,7168,False,torch.bfloat16,torch.bfloat16,False,False
1026,6288,7168,False,torch.bfloat16,torch.bfloat16,False,False
1029,6288,7168,False,torch.bfloat16,torch.bfloat16,False,False
1052,6288,7168,False,torch.bfloat16,torch.bfloat16,False,False
1053,6288,7168,False,torch.bfloat16,torch.bfloat16,False,False
1059,6288,7168,False,torch.bfloat16,torch.bfloat16,False,False
1060,6288,7168,False,torch.bfloat16,torch.bfloat16,False,False
1069,6288,7168,False,torch.bfloat16,torch.bfloat16,False,False
1073,6288,7168,False,torch.bfloat16,torch.bfloat16,False,False
1076,6288,7168,False,torch.bfloat16,torch.bfloat16,False,False
1081,6288,7168,False,torch.bfloat16,torch.bfloat16,False,False
1082,6288,7168,False,torch.bfloat16,torch.bfloat16,False,False
1083,6288,7168,False,torch.bfloat16,torch.bfloat16,False,False
1084,6288,7168,False,torch.bfloat16,torch.bfloat16,False,False
1085,6288,7168,False,torch.bfloat16,torch.bfloat16,False,False
1086,6288,7168,False,torch.bfloat16,torch.bfloat16,False,False
1089,6288,7168,False,torch.bfloat16,torch.bfloat16,False,False
1097,6288,7168,False,torch.bfloat16,torch.bfloat16,False,False
1100,6288,7168,False,torch.bfloat16,torch.bfloat16,False,False
1126,6288,7168,False,torch.bfloat16,torch.bfloat16,False,False
1127,6288,7168,False,torch.bfloat16,torch.bfloat16,False,False
1128,6288,7168,False,torch.bfloat16,torch.bfloat16,False,False
1133,6288,7168,False,torch.bfloat16,torch.bfloat16,False,False
1134,6288,7168,False,torch.bfloat16,torch.bfloat16,False,False
1140,6288,7168,False,torch.bfloat16,torch.bfloat16,False,False
1141,6288,7168,False,torch.bfloat16,torch.bfloat16,False,False
1143,6288,7168,False,torch.bfloat16,torch.bfloat16,False,False
1150,6288,7168,False,torch.bfloat16,torch.bfloat16,False,False
1151,6288,7168,False,torch.bfloat16,torch.bfloat16,False,False
1155,6288,7168,False,torch.bfloat16,torch.bfloat16,False,False
1156,6288,7168,False,torch.bfloat16,torch.bfloat16,False,False
1164,6288,7168,False,torch.bfloat16,torch.bfloat16,False,False
1166,6288,7168,False,torch.bfloat16,torch.bfloat16,False,False
1175,6288,7168,False,torch.bfloat16,torch.bfloat16,False,False
1177,6288,7168,False,torch.bfloat16,torch.bfloat16,False,False
1180,6288,7168,False,torch.bfloat16,torch.bfloat16,False,False
1181,6288,7168,False,torch.bfloat16,torch.bfloat16,False,False
1191,6288,7168,False,torch.bfloat16,torch.bfloat16,False,False
1193,6288,7168,False,torch.bfloat16,torch.bfloat16,False,False
1208,6288,7168,False,torch.bfloat16,torch.bfloat16,False,False
1209,6288,7168,False,torch.bfloat16,torch.bfloat16,False,False
1213,6288,7168,False,torch.bfloat16,torch.bfloat16,False,False
1215,6288,7168,False,torch.bfloat16,torch.bfloat16,False,False
1216,6288,7168,False,torch.bfloat16,torch.bfloat16,False,False
1217,6288,7168,False,torch.bfloat16,torch.bfloat16,False,False
1221,6288,7168,False,torch.bfloat16,torch.bfloat16,False,False
1228,6288,7168,False,torch.bfloat16,torch.bfloat16,False,False
1234,6288,7168,False,torch.bfloat16,torch.bfloat16,False,False
1236,6288,7168,False,torch.bfloat16,torch.bfloat16,False,False
1251,6288,7168,False,torch.bfloat16,torch.bfloat16,False,False
1252,6288,7168,False,torch.bfloat16,torch.bfloat16,False,False
1253,6288,7168,False,torch.bfloat16,torch.bfloat16,False,False
1259,6288,7168,False,torch.bfloat16,torch.bfloat16,False,False
1262,6288,7168,False,torch.bfloat16,torch.bfloat16,False,False
1270,6288,7168,False,torch.bfloat16,torch.bfloat16,False,False
1276,6288,7168,False,torch.bfloat16,torch.bfloat16,False,False
1279,6288,7168,False,torch.bfloat16,torch.bfloat16,False,False
1284,6288,7168,False,torch.bfloat16,torch.bfloat16,False,False
1288,6288,7168,False,torch.bfloat16,torch.bfloat16,False,False
1291,6288,7168,False,torch.bfloat16,torch.bfloat16,False,False
1293,6288,7168,False,torch.bfloat16,torch.bfloat16,False,False
1302,6288,7168,False,torch.bfloat16,torch.bfloat16,False,False
1304,6288,7168,False,torch.bfloat16,torch.bfloat16,False,False
1305,6288,7168,False,torch.bfloat16,torch.bfloat16,False,False
1308,6288,7168,False,torch.bfloat16,torch.bfloat16,False,False
1311,6288,7168,False,torch.bfloat16,torch.bfloat16,False,False
1314,6288,7168,False,torch.bfloat16,torch.bfloat16,False,False
1315,6288,7168,False,torch.bfloat16,torch.bfloat16,False,False
1316,6288,7168,False,torch.bfloat16,torch.bfloat16,False,False
1321,6288,7168,False,torch.bfloat16,torch.bfloat16,False,False
1323,6288,7168,False,torch.bfloat16,torch.bfloat16,False,False
1327,6288,7168,False,torch.bfloat16,torch.bfloat16,False,False
1335,6288,7168,False,torch.bfloat16,torch.bfloat16,False,False
1337,6288,7168,False,torch.bfloat16,torch.bfloat16,False,False
1339,6288,7168,False,torch.bfloat16,torch.bfloat16,False,False
1345,6288,7168,False,torch.bfloat16,torch.bfloat16,False,False
1346,6288,7168,False,torch.bfloat16,torch.bfloat16,False,False
1350,6288,7168,False,torch.bfloat16,torch.bfloat16,False,False
1356,6288,7168,False,torch.bfloat16,torch.bfloat16,False,False
1360,6288,7168,False,torch.bfloat16,torch.bfloat16,False,False
1370,6288,7168,False,torch.bfloat16,torch.bfloat16,False,False
1371,6288,7168,False,torch.bfloat16,torch.bfloat16,False,False
1374,6288,7168,False,torch.bfloat16,torch.bfloat16,False,False
1376,6288,7168,False,torch.bfloat16,torch.bfloat16,False,False
1377,6288,7168,False,torch.bfloat16,torch.bfloat16,False,False
1390,6288,7168,False,torch.bfloat16,torch.bfloat16,False,False
1407,6288,7168,False,torch.bfloat16,torch.bfloat16,False,False
1417,6288,7168,False,torch.bfloat16,torch.bfloat16,False,False
1422,6288,7168,False,torch.bfloat16,torch.bfloat16,False,False
1423,6288,7168,False,torch.bfloat16,torch.bfloat16,False,False
1426,6288,7168,False,torch.bfloat16,torch.bfloat16,False,False
1434,6288,7168,False,torch.bfloat16,torch.bfloat16,False,False
1437,6288,7168,False,torch.bfloat16,torch.bfloat16,False,False
1444,6288,7168,False,torch.bfloat16,torch.bfloat16,False,False
1445,6288,7168,False,torch.bfloat16,torch.bfloat16,False,False
1446,6288,7168,False,torch.bfloat16,torch.bfloat16,False,False
1448,6288,7168,False,torch.bfloat16,torch.bfloat16,False,False
1450,6288,7168,False,torch.bfloat16,torch.bfloat16,False,False
1451,6288,7168,False,torch.bfloat16,torch.bfloat16,False,False
1454,6288,7168,False,torch.bfloat16,torch.bfloat16,False,False
1459,6288,7168,False,torch.bfloat16,torch.bfloat16,False,False
1461,6288,7168,False,torch.bfloat16,torch.bfloat16,False,False
1462,6288,7168,False,torch.bfloat16,torch.bfloat16,False,False
1463,6288,7168,False,torch.bfloat16,torch.bfloat16,False,False
1466,6288,7168,False,torch.bfloat16,torch.bfloat16,False,False
1478,6288,7168,False,torch.bfloat16,torch.bfloat16,False,False
1485,6288,7168,False,torch.bfloat16,torch.bfloat16,False,False
1487,6288,7168,False,torch.bfloat16,torch.bfloat16,False,False
1489,6288,7168,False,torch.bfloat16,torch.bfloat16,False,False
1497,6288,7168,False,torch.bfloat16,torch.bfloat16,False,False
1498,6288,7168,False,torch.bfloat16,torch.bfloat16,False,False
1499,6288,7168,False,torch.bfloat16,torch.bfloat16,False,False
1500,6288,7168,False,torch.bfloat16,torch.bfloat16,False,False
1501,6288,7168,False,torch.bfloat16,torch.bfloat16,False,False
1502,6288,7168,False,torch.bfloat16,torch.bfloat16,False,False
1504,6288,7168,False,torch.bfloat16,torch.bfloat16,False,False
1506,6288,7168,False,torch.bfloat16,torch.bfloat16,False,False
1509,6288,7168,False,torch.bfloat16,torch.bfloat16,False,False
1510,6288,7168,False,torch.bfloat16,torch.bfloat16,False,False
1513,6288,7168,False,torch.bfloat16,torch.bfloat16,False,False
1518,6288,7168,False,torch.bfloat16,torch.bfloat16,False,False
1522,6288,7168,False,torch.bfloat16,torch.bfloat16,False,False
1525,6288,7168,False,torch.bfloat16,torch.bfloat16,False,False
1532,6288,7168,False,torch.bfloat16,torch.bfloat16,False,False
1534,6288,7168,False,torch.bfloat16,torch.bfloat16,False,False
1536,6288,7168,False,torch.bfloat16,torch.bfloat16,False,False
1537,6288,7168,False,torch.bfloat16,torch.bfloat16,False,False
1538,6288,7168,False,torch.bfloat16,torch.bfloat16,False,False
1539,6288,7168,False,torch.bfloat16,torch.bfloat16,False,False
1540,6288,7168,False,torch.bfloat16,torch.bfloat16,False,False
1541,6288,7168,False,torch.bfloat16,torch.bfloat16,False,False
1542,6288,7168,False,torch.bfloat16,torch.bfloat16,False,False
1543,6288,7168,False,torch.bfloat16,torch.bfloat16,False,False
1544,6288,7168,False,torch.bfloat16,torch.bfloat16,False,False
1545,6288,7168,False,torch.bfloat16,torch.bfloat16,False,False
1546,6288,7168,False,torch.bfloat16,torch.bfloat16,False,False
1547,6288,7168,False,torch.bfloat16,torch.bfloat16,False,False
1548,6288,7168,False,torch.bfloat16,torch.bfloat16,False,False
1733,6288,7168,False,torch.bfloat16,torch.bfloat16,False,False
2003,6288,7168,False,torch.bfloat16,torch.bfloat16,False,False
2131,6288,7168,False,torch.bfloat16,torch.bfloat16,False,False
2149,6288,7168,False,torch.bfloat16,torch.bfloat16,False,False
2328,6288,7168,False,torch.bfloat16,torch.bfloat16,False,False
2420,6288,7168,False,torch.bfloat16,torch.bfloat16,False,False
2563,6288,7168,False,torch.bfloat16,torch.bfloat16,False,False
2593,6288,7168,False,torch.bfloat16,torch.bfloat16,False,False
2625,6288,7168,False,torch.bfloat16,torch.bfloat16,False,False
2633,6288,7168,False,torch.bfloat16,torch.bfloat16,False,False
2641,6288,7168,False,torch.bfloat16,torch.bfloat16,False,False
2645,6288,7168,False,torch.bfloat16,torch.bfloat16,False,False
2682,6288,7168,False,torch.bfloat16,torch.bfloat16,False,False
2711,6288,7168,False,torch.bfloat16,torch.bfloat16,False,False
2723,6288,7168,False,torch.bfloat16,torch.bfloat16,False,False
2733,6288,7168,False,torch.bfloat16,torch.bfloat16,False,False
2738,6288,7168,False,torch.bfloat16,torch.bfloat16,False,False
2741,6288,7168,False,torch.bfloat16,torch.bfloat16,False,False
2745,6288,7168,False,torch.bfloat16,torch.bfloat16,False,False
2747,6288,7168,False,torch.bfloat16,torch.bfloat16,False,False
2761,6288,7168,False,torch.bfloat16,torch.bfloat16,False,False
2765,6288,7168,False,torch.bfloat16,torch.bfloat16,False,False
2773,6288,7168,False,torch.bfloat16,torch.bfloat16,False,False
2778,6288,7168,False,torch.bfloat16,torch.bfloat16,False,False
2810,6288,7168,False,torch.bfloat16,torch.bfloat16,False,False
2814,6288,7168,False,torch.bfloat16,torch.bfloat16,False,False
2825,6288,7168,False,torch.bfloat16,torch.bfloat16,False,False
2826,6288,7168,False,torch.bfloat16,torch.bfloat16,False,False
2852,6288,7168,False,torch.bfloat16,torch.bfloat16,False,False
2855,6288,7168,False,torch.bfloat16,torch.bfloat16,False,False
2856,6288,7168,False,torch.bfloat16,torch.bfloat16,False,False
2867,6288,7168,False,torch.bfloat16,torch.bfloat16,False,False
2870,6288,7168,False,torch.bfloat16,torch.bfloat16,False,False
2873,6288,7168,False,torch.bfloat16,torch.bfloat16,False,False
2874,6288,7168,False,torch.bfloat16,torch.bfloat16,False,False
2877,6288,7168,False,torch.bfloat16,torch.bfloat16,False,False
2883,6288,7168,False,torch.bfloat16,torch.bfloat16,False,False
2898,6288,7168,False,torch.bfloat16,torch.bfloat16,False,False
2921,6288,7168,False,torch.bfloat16,torch.bfloat16,False,False
2926,6288,7168,False,torch.bfloat16,torch.bfloat16,False,False
2930,6288,7168,False,torch.bfloat16,torch.bfloat16,False,False
2934,6288,7168,False,torch.bfloat16,torch.bfloat16,False,False
2937,6288,7168,False,torch.bfloat16,torch.bfloat16,False,False
2938,6288,7168,False,torch.bfloat16,torch.bfloat16,False,False
2943,6288,7168,False,torch.bfloat16,torch.bfloat16,False,False
2955,6288,7168,False,torch.bfloat16,torch.bfloat16,False,False
2958,6288,7168,False,torch.bfloat16,torch.bfloat16,False,False
2965,6288,7168,False,torch.bfloat16,torch.bfloat16,False,False
2969,6288,7168,False,torch.bfloat16,torch.bfloat16,False,False
2970,6288,7168,False,torch.bfloat16,torch.bfloat16,False,False
2973,6288,7168,False,torch.bfloat16,torch.bfloat16,False,False
2986,6288,7168,False,torch.bfloat16,torch.bfloat16,False,False
3005,6288,7168,False,torch.bfloat16,torch.bfloat16,False,False
3006,6288,7168,False,torch.bfloat16,torch.bfloat16,False,False
3010,6288,7168,False,torch.bfloat16,torch.bfloat16,False,False
3013,6288,7168,False,torch.bfloat16,torch.bfloat16,False,False
3017,6288,7168,False,torch.bfloat16,torch.bfloat16,False,False
3038,6288,7168,False,torch.bfloat16,torch.bfloat16,False,False
3049,6288,7168,False,torch.bfloat16,torch.bfloat16,False,False
3050,6288,7168,False,torch.bfloat16,torch.bfloat16,False,False
3052,6288,7168,False,torch.bfloat16,torch.bfloat16,False,False
3055,6288,7168,False,torch.bfloat16,torch.bfloat16,False,False
3070,6288,7168,False,torch.bfloat16,torch.bfloat16,False,False
3072,6288,7168,False,torch.bfloat16,torch.bfloat16,False,False
3073,6288,7168,False,torch.bfloat16,torch.bfloat16,False,False
3074,6288,7168,False,torch.bfloat16,torch.bfloat16,False,False
3075,6288,7168,False,torch.bfloat16,torch.bfloat16,False,False
3076,6288,7168,False,torch.bfloat16,torch.bfloat16,False,False
3077,6288,7168,False,torch.bfloat16,torch.bfloat16,False,False
3078,6288,7168,False,torch.bfloat16,torch.bfloat16,False,False
3079,6288,7168,False,torch.bfloat16,torch.bfloat16,False,False
3080,6288,7168,False,torch.bfloat16,torch.bfloat16,False,False
3081,6288,7168,False,torch.bfloat16,torch.bfloat16,False,False
3082,6288,7168,False,torch.bfloat16,torch.bfloat16,False,False
3083,6288,7168,False,torch.bfloat16,torch.bfloat16,False,False
3084,6288,7168,False,torch.bfloat16,torch.bfloat16,False,False
3102,6288,7168,False,torch.bfloat16,torch.bfloat16,False,False
3110,6288,7168,False,torch.bfloat16,torch.bfloat16,False,False
3125,6288,7168,False,torch.bfloat16,torch.bfloat16,False,False
3127,6288,7168,False,torch.bfloat16,torch.bfloat16,False,False
3128,6288,7168,False,torch.bfloat16,torch.bfloat16,False,False
3129,6288,7168,False,torch.bfloat16,torch.bfloat16,False,False
3130,6288,7168,False,torch.bfloat16,torch.bfloat16,False,False
3133,6288,7168,False,torch.bfloat16,torch.bfloat16,False,False
3150,6288,7168,False,torch.bfloat16,torch.bfloat16,False,False
3166,6288,7168,False,torch.bfloat16,torch.bfloat16,False,False
3185,6288,7168,False,torch.bfloat16,torch.bfloat16,False,False
3188,6288,7168,False,torch.bfloat16,torch.bfloat16,False,False
3207,6288,7168,False,torch.bfloat16,torch.bfloat16,False,False
3218,6288,7168,False,torch.bfloat16,torch.bfloat16,False,False
3225,6288,7168,False,torch.bfloat16,torch.bfloat16,False,False
3228,6288,7168,False,torch.bfloat16,torch.bfloat16,False,False
3229,6288,7168,False,torch.bfloat16,torch.bfloat16,False,False
3232,6288,7168,False,torch.bfloat16,torch.bfloat16,False,False
3245,6288,7168,False,torch.bfloat16,torch.bfloat16,False,False
3247,6288,7168,False,torch.bfloat16,torch.bfloat16,False,False
3255,6288,7168,False,torch.bfloat16,torch.bfloat16,False,False
3260,6288,7168,False,torch.bfloat16,torch.bfloat16,False,False
3265,6288,7168,False,torch.bfloat16,torch.bfloat16,False,False
3276,6288,7168,False,torch.bfloat16,torch.bfloat16,False,False
3295,6288,7168,False,torch.bfloat16,torch.bfloat16,False,False
3311,6288,7168,False,torch.bfloat16,torch.bfloat16,False,False
3323,6288,7168,False,torch.bfloat16,torch.bfloat16,False,False
3328,6288,7168,False,torch.bfloat16,torch.bfloat16,False,False
3344,6288,7168,False,torch.bfloat16,torch.bfloat16,False,False
3346,6288,7168,False,torch.bfloat16,torch.bfloat16,False,False
3349,6288,7168,False,torch.bfloat16,torch.bfloat16,False,False
3351,6288,7168,False,torch.bfloat16,torch.bfloat16,False,False
3372,6288,7168,False,torch.bfloat16,torch.bfloat16,False,False
3382,6288,7168,False,torch.bfloat16,torch.bfloat16,False,False
3398,6288,7168,False,torch.bfloat16,torch.bfloat16,False,False
3404,6288,7168,False,torch.bfloat16,torch.bfloat16,False,False
3420,6288,7168,False,torch.bfloat16,torch.bfloat16,False,False
3424,6288,7168,False,torch.bfloat16,torch.bfloat16,False,False
3426,6288,7168,False,torch.bfloat16,torch.bfloat16,False,False
3438,6288,7168,False,torch.bfloat16,torch.bfloat16,False,False
3444,6288,7168,False,torch.bfloat16,torch.bfloat16,False,False
3446,6288,7168,False,torch.bfloat16,torch.bfloat16,False,False
3449,6288,7168,False,torch.bfloat16,torch.bfloat16,False,False
3456,6288,7168,False,torch.bfloat16,torch.bfloat16,False,False
3469,6288,7168,False,torch.bfloat16,torch.bfloat16,False,False
3470,6288,7168,False,torch.bfloat16,torch.bfloat16,False,False
3478,6288,7168,False,torch.bfloat16,torch.bfloat16,False,False
3479,6288,7168,False,torch.bfloat16,torch.bfloat16,False,False
3496,6288,7168,False,torch.bfloat16,torch.bfloat16,False,False
3497,6288,7168,False,torch.bfloat16,torch.bfloat16,False,False
3510,6288,7168,False,torch.bfloat16,torch.bfloat16,False,False
3515,6288,7168,False,torch.bfloat16,torch.bfloat16,False,False
3520,6288,7168,False,torch.bfloat16,torch.bfloat16,False,False
3525,6288,7168,False,torch.bfloat16,torch.bfloat16,False,False
3553,6288,7168,False,torch.bfloat16,torch.bfloat16,False,False
3558,6288,7168,False,torch.bfloat16,torch.bfloat16,False,False
3561,6288,7168,False,torch.bfloat16,torch.bfloat16,False,False
3589,6288,7168,False,torch.bfloat16,torch.bfloat16,False,False
3592,6288,7168,False,torch.bfloat16,torch.bfloat16,False,False
3600,6288,7168,False,torch.bfloat16,torch.bfloat16,False,False
3611,6288,7168,False,torch.bfloat16,torch.bfloat16,False,False
3612,6288,7168,False,torch.bfloat16,torch.bfloat16,False,False
3630,6288,7168,False,torch.bfloat16,torch.bfloat16,False,False
3635,6288,7168,False,torch.bfloat16,torch.bfloat16,False,False
3642,6288,7168,False,torch.bfloat16,torch.bfloat16,False,False
3643,6288,7168,False,torch.bfloat16,torch.bfloat16,False,False
3672,6288,7168,False,torch.bfloat16,torch.bfloat16,False,False
3680,6288,7168,False,torch.bfloat16,torch.bfloat16,False,False
3689,6288,7168,False,torch.bfloat16,torch.bfloat16,False,False
3691,6288,7168,False,torch.bfloat16,torch.bfloat16,False,False
3693,6288,7168,False,torch.bfloat16,torch.bfloat16,False,False
3701,6288,7168,False,torch.bfloat16,torch.bfloat16,False,False
3704,6288,7168,False,torch.bfloat16,torch.bfloat16,False,False
3711,6288,7168,False,torch.bfloat16,torch.bfloat16,False,False
3715,6288,7168,False,torch.bfloat16,torch.bfloat16,False,False
3718,6288,7168,False,torch.bfloat16,torch.bfloat16,False,False
3724,6288,7168,False,torch.bfloat16,torch.bfloat16,False,False
3737,6288,7168,False,torch.bfloat16,torch.bfloat16,False,False
3740,6288,7168,False,torch.bfloat16,torch.bfloat16,False,False
3741,6288,7168,False,torch.bfloat16,torch.bfloat16,False,False
3742,6288,7168,False,torch.bfloat16,torch.bfloat16,False,False
3762,6288,7168,False,torch.bfloat16,torch.bfloat16,False,False
3766,6288,7168,False,torch.bfloat16,torch.bfloat16,False,False
3767,6288,7168,False,torch.bfloat16,torch.bfloat16,False,False
3768,6288,7168,False,torch.bfloat16,torch.bfloat16,False,False
3770,6288,7168,False,torch.bfloat16,torch.bfloat16,False,False
3774,6288,7168,False,torch.bfloat16,torch.bfloat16,False,False
3777,6288,7168,False,torch.bfloat16,torch.bfloat16,False,False
3781,6288,7168,False,torch.bfloat16,torch.bfloat16,False,False
3807,6288,7168,False,torch.bfloat16,torch.bfloat16,False,False
3808,6288,7168,False,torch.bfloat16,torch.bfloat16,False,False
3810,6288,7168,False,torch.bfloat16,torch.bfloat16,False,False
3816,6288,7168,False,torch.bfloat16,torch.bfloat16,False,False
3818,6288,7168,False,torch.bfloat16,torch.bfloat16,False,False
3848,6288,7168,False,torch.bfloat16,torch.bfloat16,False,False
3849,6288,7168,False,torch.bfloat16,torch.bfloat16,False,False
3853,6288,7168,False,torch.bfloat16,torch.bfloat16,False,False
3863,6288,7168,False,torch.bfloat16,torch.bfloat16,False,False
3882,6288,7168,False,torch.bfloat16,torch.bfloat16,False,False
3897,6288,7168,False,torch.bfloat16,torch.bfloat16,False,False
3904,6288,7168,False,torch.bfloat16,torch.bfloat16,False,False
3908,6288,7168,False,torch.bfloat16,torch.bfloat16,False,False
3928,6288,7168,False,torch.bfloat16,torch.bfloat16,False,False
3935,6288,7168,False,torch.bfloat16,torch.bfloat16,False,False
3938,6288,7168,False,torch.bfloat16,torch.bfloat16,False,False
3945,6288,7168,False,torch.bfloat16,torch.bfloat16,False,False
3955,6288,7168,False,torch.bfloat16,torch.bfloat16,False,False
3965,6288,7168,False,torch.bfloat16,torch.bfloat16,False,False
3966,6288,7168,False,torch.bfloat16,torch.bfloat16,False,False
3967,6288,7168,False,torch.bfloat16,torch.bfloat16,False,False
3968,6288,7168,False,torch.bfloat16,torch.bfloat16,False,False
3988,6288,7168,False,torch.bfloat16,torch.bfloat16,False,False
3990,6288,7168,False,torch.bfloat16,torch.bfloat16,False,False
3999,6288,7168,False,torch.bfloat16,torch.bfloat16,False,False
4000,6288,7168,False,torch.bfloat16,torch.bfloat16,False,False
4014,6288,7168,False,torch.bfloat16,torch.bfloat16,False,False
4017,6288,7168,False,torch.bfloat16,torch.bfloat16,False,False
4019,6288,7168,False,torch.bfloat16,torch.bfloat16,False,False
4031,6288,7168,False,torch.bfloat16,torch.bfloat16,False,False
4047,6288,7168,False,torch.bfloat16,torch.bfloat16,False,False
4054,6288,7168,False,torch.bfloat16,torch.bfloat16,False,False
4061,6288,7168,False,torch.bfloat16,torch.bfloat16,False,False
4070,6288,7168,False,torch.bfloat16,torch.bfloat16,False,False
4087,6288,7168,False,torch.bfloat16,torch.bfloat16,False,False
4096,6288,7168,False,torch.bfloat16,torch.bfloat16,False,False
1025,7168,768,False,torch.bfloat16,torch.bfloat16,False,False
1026,7168,768,False,torch.bfloat16,torch.bfloat16,False,False
1029,7168,768,False,torch.bfloat16,torch.bfloat16,False,False
1052,7168,768,False,torch.bfloat16,torch.bfloat16,False,False
1053,7168,768,False,torch.bfloat16,torch.bfloat16,False,False
1059,7168,768,False,torch.bfloat16,torch.bfloat16,False,False
1060,7168,768,False,torch.bfloat16,torch.bfloat16,False,False
1069,7168,768,False,torch.bfloat16,torch.bfloat16,False,False
1073,7168,768,False,torch.bfloat16,torch.bfloat16,False,False
1076,7168,768,False,torch.bfloat16,torch.bfloat16,False,False
1081,7168,768,False,torch.bfloat16,torch.bfloat16,False,False
1082,7168,768,False,torch.bfloat16,torch.bfloat16,False,False
1083,7168,768,False,torch.bfloat16,torch.bfloat16,False,False
1084,7168,768,False,torch.bfloat16,torch.bfloat16,False,False
1085,7168,768,False,torch.bfloat16,torch.bfloat16,False,False
1086,7168,768,False,torch.bfloat16,torch.bfloat16,False,False
1089,7168,768,False,torch.bfloat16,torch.bfloat16,False,False
1097,7168,768,False,torch.bfloat16,torch.bfloat16,False,False
1100,7168,768,False,torch.bfloat16,torch.bfloat16,False,False
1126,7168,768,False,torch.bfloat16,torch.bfloat16,False,False
1127,7168,768,False,torch.bfloat16,torch.bfloat16,False,False
1128,7168,768,False,torch.bfloat16,torch.bfloat16,False,False
1133,7168,768,False,torch.bfloat16,torch.bfloat16,False,False
1134,7168,768,False,torch.bfloat16,torch.bfloat16,False,False
1140,7168,768,False,torch.bfloat16,torch.bfloat16,False,False
1141,7168,768,False,torch.bfloat16,torch.bfloat16,False,False
1143,7168,768,False,torch.bfloat16,torch.bfloat16,False,False
1150,7168,768,False,torch.bfloat16,torch.bfloat16,False,False
1151,7168,768,False,torch.bfloat16,torch.bfloat16,False,False
1155,7168,768,False,torch.bfloat16,torch.bfloat16,False,False
1156,7168,768,False,torch.bfloat16,torch.bfloat16,False,False
1164,7168,768,False,torch.bfloat16,torch.bfloat16,False,False
1166,7168,768,False,torch.bfloat16,torch.bfloat16,False,False
1175,7168,768,False,torch.bfloat16,torch.bfloat16,False,False
1177,7168,768,False,torch.bfloat16,torch.bfloat16,False,False
1180,7168,768,False,torch.bfloat16,torch.bfloat16,False,False
1181,7168,768,False,torch.bfloat16,torch.bfloat16,False,False
1191,7168,768,False,torch.bfloat16,torch.bfloat16,False,False
1193,7168,768,False,torch.bfloat16,torch.bfloat16,False,False
1208,7168,768,False,torch.bfloat16,torch.bfloat16,False,False
1209,7168,768,False,torch.bfloat16,torch.bfloat16,False,False
1213,7168,768,False,torch.bfloat16,torch.bfloat16,False,False
1215,7168,768,False,torch.bfloat16,torch.bfloat16,False,False
1216,7168,768,False,torch.bfloat16,torch.bfloat16,False,False
1217,7168,768,False,torch.bfloat16,torch.bfloat16,False,False
1221,7168,768,False,torch.bfloat16,torch.bfloat16,False,False
1228,7168,768,False,torch.bfloat16,torch.bfloat16,False,False
1234,7168,768,False,torch.bfloat16,torch.bfloat16,False,False
1236,7168,768,False,torch.bfloat16,torch.bfloat16,False,False
1251,7168,768,False,torch.bfloat16,torch.bfloat16,False,False
1252,7168,768,False,torch.bfloat16,torch.bfloat16,False,False
1253,7168,768,False,torch.bfloat16,torch.bfloat16,False,False
1259,7168,768,False,torch.bfloat16,torch.bfloat16,False,False
1262,7168,768,False,torch.bfloat16,torch.bfloat16,False,False
1270,7168,768,False,torch.bfloat16,torch.bfloat16,False,False
1276,7168,768,False,torch.bfloat16,torch.bfloat16,False,False
1279,7168,768,False,torch.bfloat16,torch.bfloat16,False,False
1284,7168,768,False,torch.bfloat16,torch.bfloat16,False,False
1288,7168,768,False,torch.bfloat16,torch.bfloat16,False,False
1291,7168,768,False,torch.bfloat16,torch.bfloat16,False,False
1293,7168,768,False,torch.bfloat16,torch.bfloat16,False,False
1302,7168,768,False,torch.bfloat16,torch.bfloat16,False,False
1304,7168,768,False,torch.bfloat16,torch.bfloat16,False,False
1305,7168,768,False,torch.bfloat16,torch.bfloat16,False,False
1308,7168,768,False,torch.bfloat16,torch.bfloat16,False,False
1311,7168,768,False,torch.bfloat16,torch.bfloat16,False,False
1314,7168,768,False,torch.bfloat16,torch.bfloat16,False,False
1315,7168,768,False,torch.bfloat16,torch.bfloat16,False,False
1316,7168,768,False,torch.bfloat16,torch.bfloat16,False,False
1321,7168,768,False,torch.bfloat16,torch.bfloat16,False,False
1323,7168,768,False,torch.bfloat16,torch.bfloat16,False,False
1327,7168,768,False,torch.bfloat16,torch.bfloat16,False,False
1335,7168,768,False,torch.bfloat16,torch.bfloat16,False,False
1337,7168,768,False,torch.bfloat16,torch.bfloat16,False,False
1339,7168,768,False,torch.bfloat16,torch.bfloat16,False,False
1345,7168,768,False,torch.bfloat16,torch.bfloat16,False,False
1346,7168,768,False,torch.bfloat16,torch.bfloat16,False,False
1350,7168,768,False,torch.bfloat16,torch.bfloat16,False,False
1356,7168,768,False,torch.bfloat16,torch.bfloat16,False,False
1360,7168,768,False,torch.bfloat16,torch.bfloat16,False,False
1370,7168,768,False,torch.bfloat16,torch.bfloat16,False,False
1371,7168,768,False,torch.bfloat16,torch.bfloat16,False,False
1374,7168,768,False,torch.bfloat16,torch.bfloat16,False,False
1376,7168,768,False,torch.bfloat16,torch.bfloat16,False,False
1377,7168,768,False,torch.bfloat16,torch.bfloat16,False,False
1390,7168,768,False,torch.bfloat16,torch.bfloat16,False,False
1407,7168,768,False,torch.bfloat16,torch.bfloat16,False,False
1417,7168,768,False,torch.bfloat16,torch.bfloat16,False,False
1422,7168,768,False,torch.bfloat16,torch.bfloat16,False,False
1423,7168,768,False,torch.bfloat16,torch.bfloat16,False,False
1426,7168,768,False,torch.bfloat16,torch.bfloat16,False,False
1434,7168,768,False,torch.bfloat16,torch.bfloat16,False,False
1437,7168,768,False,torch.bfloat16,torch.bfloat16,False,False
1444,7168,768,False,torch.bfloat16,torch.bfloat16,False,False
1445,7168,768,False,torch.bfloat16,torch.bfloat16,False,False
1446,7168,768,False,torch.bfloat16,torch.bfloat16,False,False
1448,7168,768,False,torch.bfloat16,torch.bfloat16,False,False
1450,7168,768,False,torch.bfloat16,torch.bfloat16,False,False
1451,7168,768,False,torch.bfloat16,torch.bfloat16,False,False
1454,7168,768,False,torch.bfloat16,torch.bfloat16,False,False
1459,7168,768,False,torch.bfloat16,torch.bfloat16,False,False
1461,7168,768,False,torch.bfloat16,torch.bfloat16,False,False
1462,7168,768,False,torch.bfloat16,torch.bfloat16,False,False
1463,7168,768,False,torch.bfloat16,torch.bfloat16,False,False
1466,7168,768,False,torch.bfloat16,torch.bfloat16,False,False
1478,7168,768,False,torch.bfloat16,torch.bfloat16,False,False
1485,7168,768,False,torch.bfloat16,torch.bfloat16,False,False
1487,7168,768,False,torch.bfloat16,torch.bfloat16,False,False
1489,7168,768,False,torch.bfloat16,torch.bfloat16,False,False
1497,7168,768,False,torch.bfloat16,torch.bfloat16,False,False
1498,7168,768,False,torch.bfloat16,torch.bfloat16,False,False
1499,7168,768,False,torch.bfloat16,torch.bfloat16,False,False
1500,7168,768,False,torch.bfloat16,torch.bfloat16,False,False
1501,7168,768,False,torch.bfloat16,torch.bfloat16,False,False
1502,7168,768,False,torch.bfloat16,torch.bfloat16,False,False
1504,7168,768,False,torch.bfloat16,torch.bfloat16,False,False
1506,7168,768,False,torch.bfloat16,torch.bfloat16,False,False
1509,7168,768,False,torch.bfloat16,torch.bfloat16,False,False
1510,7168,768,False,torch.bfloat16,torch.bfloat16,False,False
1513,7168,768,False,torch.bfloat16,torch.bfloat16,False,False
1518,7168,768,False,torch.bfloat16,torch.bfloat16,False,False
1522,7168,768,False,torch.bfloat16,torch.bfloat16,False,False
1525,7168,768,False,torch.bfloat16,torch.bfloat16,False,False
1532,7168,768,False,torch.bfloat16,torch.bfloat16,False,False
1534,7168,768,False,torch.bfloat16,torch.bfloat16,False,False
1536,7168,768,False,torch.bfloat16,torch.bfloat16,False,False
1537,7168,768,False,torch.bfloat16,torch.bfloat16,False,False
1538,7168,768,False,torch.bfloat16,torch.bfloat16,False,False
1539,7168,768,False,torch.bfloat16,torch.bfloat16,False,False
1540,7168,768,False,torch.bfloat16,torch.bfloat16,False,False
1541,7168,768,False,torch.bfloat16,torch.bfloat16,False,False
1542,7168,768,False,torch.bfloat16,torch.bfloat16,False,False
1543,7168,768,False,torch.bfloat16,torch.bfloat16,False,False
1544,7168,768,False,torch.bfloat16,torch.bfloat16,False,False
1545,7168,768,False,torch.bfloat16,torch.bfloat16,False,False
1546,7168,768,False,torch.bfloat16,torch.bfloat16,False,False
1547,7168,768,False,torch.bfloat16,torch.bfloat16,False,False
1548,7168,768,False,torch.bfloat16,torch.bfloat16,False,False
1733,7168,768,False,torch.bfloat16,torch.bfloat16,False,False
2003,7168,768,False,torch.bfloat16,torch.bfloat16,False,False
2131,7168,768,False,torch.bfloat16,torch.bfloat16,False,False
2149,7168,768,False,torch.bfloat16,torch.bfloat16,False,False
2328,7168,768,False,torch.bfloat16,torch.bfloat16,False,False
2420,7168,768,False,torch.bfloat16,torch.bfloat16,False,False
2563,7168,768,False,torch.bfloat16,torch.bfloat16,False,False
2593,7168,768,False,torch.bfloat16,torch.bfloat16,False,False
2625,7168,768,False,torch.bfloat16,torch.bfloat16,False,False
2633,7168,768,False,torch.bfloat16,torch.bfloat16,False,False
2641,7168,768,False,torch.bfloat16,torch.bfloat16,False,False
2645,7168,768,False,torch.bfloat16,torch.bfloat16,False,False
2682,7168,768,False,torch.bfloat16,torch.bfloat16,False,False
2711,7168,768,False,torch.bfloat16,torch.bfloat16,False,False
2723,7168,768,False,torch.bfloat16,torch.bfloat16,False,False
2733,7168,768,False,torch.bfloat16,torch.bfloat16,False,False
2738,7168,768,False,torch.bfloat16,torch.bfloat16,False,False
2741,7168,768,False,torch.bfloat16,torch.bfloat16,False,False
2745,7168,768,False,torch.bfloat16,torch.bfloat16,False,False
2747,7168,768,False,torch.bfloat16,torch.bfloat16,False,False
2761,7168,768,False,torch.bfloat16,torch.bfloat16,False,False
2765,7168,768,False,torch.bfloat16,torch.bfloat16,False,False
2773,7168,768,False,torch.bfloat16,torch.bfloat16,False,False
2778,7168,768,False,torch.bfloat16,torch.bfloat16,False,False
2810,7168,768,False,torch.bfloat16,torch.bfloat16,False,False
2814,7168,768,False,torch.bfloat16,torch.bfloat16,False,False
2825,7168,768,False,torch.bfloat16,torch.bfloat16,False,False
2826,7168,768,False,torch.bfloat16,torch.bfloat16,False,False
2852,7168,768,False,torch.bfloat16,torch.bfloat16,False,False
2855,7168,768,False,torch.bfloat16,torch.bfloat16,False,False
2856,7168,768,False,torch.bfloat16,torch.bfloat16,False,False
2867,7168,768,False,torch.bfloat16,torch.bfloat16,False,False
2870,7168,768,False,torch.bfloat16,torch.bfloat16,False,False
2873,7168,768,False,torch.bfloat16,torch.bfloat16,False,False
2874,7168,768,False,torch.bfloat16,torch.bfloat16,False,False
2877,7168,768,False,torch.bfloat16,torch.bfloat16,False,False
2883,7168,768,False,torch.bfloat16,torch.bfloat16,False,False
2898,7168,768,False,torch.bfloat16,torch.bfloat16,False,False
2921,7168,768,False,torch.bfloat16,torch.bfloat16,False,False
2926,7168,768,False,torch.bfloat16,torch.bfloat16,False,False
2930,7168,768,False,torch.bfloat16,torch.bfloat16,False,False
2934,7168,768,False,torch.bfloat16,torch.bfloat16,False,False
2937,7168,768,False,torch.bfloat16,torch.bfloat16,False,False
2938,7168,768,False,torch.bfloat16,torch.bfloat16,False,False
2943,7168,768,False,torch.bfloat16,torch.bfloat16,False,False
2955,7168,768,False,torch.bfloat16,torch.bfloat16,False,False
2958,7168,768,False,torch.bfloat16,torch.bfloat16,False,False
2965,7168,768,False,torch.bfloat16,torch.bfloat16,False,False
2969,7168,768,False,torch.bfloat16,torch.bfloat16,False,False
2970,7168,768,False,torch.bfloat16,torch.bfloat16,False,False
2973,7168,768,False,torch.bfloat16,torch.bfloat16,False,False
2986,7168,768,False,torch.bfloat16,torch.bfloat16,False,False
3005,7168,768,False,torch.bfloat16,torch.bfloat16,False,False
3006,7168,768,False,torch.bfloat16,torch.bfloat16,False,False
3010,7168,768,False,torch.bfloat16,torch.bfloat16,False,False
3013,7168,768,False,torch.bfloat16,torch.bfloat16,False,False
3017,7168,768,False,torch.bfloat16,torch.bfloat16,False,False
3038,7168,768,False,torch.bfloat16,torch.bfloat16,False,False
3049,7168,768,False,torch.bfloat16,torch.bfloat16,False,False
3050,7168,768,False,torch.bfloat16,torch.bfloat16,False,False
3052,7168,768,False,torch.bfloat16,torch.bfloat16,False,False
3055,7168,768,False,torch.bfloat16,torch.bfloat16,False,False
3070,7168,768,False,torch.bfloat16,torch.bfloat16,False,False
3072,7168,768,False,torch.bfloat16,torch.bfloat16,False,False
3073,7168,768,False,torch.bfloat16,torch.bfloat16,False,False
3074,7168,768,False,torch.bfloat16,torch.bfloat16,False,False
3075,7168,768,False,torch.bfloat16,torch.bfloat16,False,False
3076,7168,768,False,torch.bfloat16,torch.bfloat16,False,False
3077,7168,768,False,torch.bfloat16,torch.bfloat16,False,False
3078,7168,768,False,torch.bfloat16,torch.bfloat16,False,False
3079,7168,768,False,torch.bfloat16,torch.bfloat16,False,False
3080,7168,768,False,torch.bfloat16,torch.bfloat16,False,False
3081,7168,768,False,torch.bfloat16,torch.bfloat16,False,False
3082,7168,768,False,torch.bfloat16,torch.bfloat16,False,False
3083,7168,768,False,torch.bfloat16,torch.bfloat16,False,False
3084,7168,768,False,torch.bfloat16,torch.bfloat16,False,False
3102,7168,768,False,torch.bfloat16,torch.bfloat16,False,False
3110,7168,768,False,torch.bfloat16,torch.bfloat16,False,False
3125,7168,768,False,torch.bfloat16,torch.bfloat16,False,False
3127,7168,768,False,torch.bfloat16,torch.bfloat16,False,False
3128,7168,768,False,torch.bfloat16,torch.bfloat16,False,False
3129,7168,768,False,torch.bfloat16,torch.bfloat16,False,False
3130,7168,768,False,torch.bfloat16,torch.bfloat16,False,False
3133,7168,768,False,torch.bfloat16,torch.bfloat16,False,False
3150,7168,768,False,torch.bfloat16,torch.bfloat16,False,False
3166,7168,768,False,torch.bfloat16,torch.bfloat16,False,False
3185,7168,768,False,torch.bfloat16,torch.bfloat16,False,False
3188,7168,768,False,torch.bfloat16,torch.bfloat16,False,False
3207,7168,768,False,torch.bfloat16,torch.bfloat16,False,False
3218,7168,768,False,torch.bfloat16,torch.bfloat16,False,False
3225,7168,768,False,torch.bfloat16,torch.bfloat16,False,False
3228,7168,768,False,torch.bfloat16,torch.bfloat16,False,False
3229,7168,768,False,torch.bfloat16,torch.bfloat16,False,False
3232,7168,768,False,torch.bfloat16,torch.bfloat16,False,False
3245,7168,768,False,torch.bfloat16,torch.bfloat16,False,False
3247,7168,768,False,torch.bfloat16,torch.bfloat16,False,False
3255,7168,768,False,torch.bfloat16,torch.bfloat16,False,False
3260,7168,768,False,torch.bfloat16,torch.bfloat16,False,False
3265,7168,768,False,torch.bfloat16,torch.bfloat16,False,False
3276,7168,768,False,torch.bfloat16,torch.bfloat16,False,False
3295,7168,768,False,torch.bfloat16,torch.bfloat16,False,False
3311,7168,768,False,torch.bfloat16,torch.bfloat16,False,False
3323,7168,768,False,torch.bfloat16,torch.bfloat16,False,False
3328,7168,768,False,torch.bfloat16,torch.bfloat16,False,False
3344,7168,768,False,torch.bfloat16,torch.bfloat16,False,False
3346,7168,768,False,torch.bfloat16,torch.bfloat16,False,False
3349,7168,768,False,torch.bfloat16,torch.bfloat16,False,False
3351,7168,768,False,torch.bfloat16,torch.bfloat16,False,False
3372,7168,768,False,torch.bfloat16,torch.bfloat16,False,False
3382,7168,768,False,torch.bfloat16,torch.bfloat16,False,False
3398,7168,768,False,torch.bfloat16,torch.bfloat16,False,False
3404,7168,768,False,torch.bfloat16,torch.bfloat16,False,False
3420,7168,768,False,torch.bfloat16,torch.bfloat16,False,False
3424,7168,768,False,torch.bfloat16,torch.bfloat16,False,False
3426,7168,768,False,torch.bfloat16,torch.bfloat16,False,False
3438,7168,768,False,torch.bfloat16,torch.bfloat16,False,False
3444,7168,768,False,torch.bfloat16,torch.bfloat16,False,False
3446,7168,768,False,torch.bfloat16,torch.bfloat16,False,False
3449,7168,768,False,torch.bfloat16,torch.bfloat16,False,False
3456,7168,768,False,torch.bfloat16,torch.bfloat16,False,False
3469,7168,768,False,torch.bfloat16,torch.bfloat16,False,False
3470,7168,768,False,torch.bfloat16,torch.bfloat16,False,False
3478,7168,768,False,torch.bfloat16,torch.bfloat16,False,False
3479,7168,768,False,torch.bfloat16,torch.bfloat16,False,False
3496,7168,768,False,torch.bfloat16,torch.bfloat16,False,False
3497,7168,768,False,torch.bfloat16,torch.bfloat16,False,False
3510,7168,768,False,torch.bfloat16,torch.bfloat16,False,False
3515,7168,768,False,torch.bfloat16,torch.bfloat16,False,False
3520,7168,768,False,torch.bfloat16,torch.bfloat16,False,False
3525,7168,768,False,torch.bfloat16,torch.bfloat16,False,False
3553,7168,768,False,torch.bfloat16,torch.bfloat16,False,False
3558,7168,768,False,torch.bfloat16,torch.bfloat16,False,False
3561,7168,768,False,torch.bfloat16,torch.bfloat16,False,False
3589,7168,768,False,torch.bfloat16,torch.bfloat16,False,False
3592,7168,768,False,torch.bfloat16,torch.bfloat16,False,False
3600,7168,768,False,torch.bfloat16,torch.bfloat16,False,False
3611,7168,768,False,torch.bfloat16,torch.bfloat16,False,False
3612,7168,768,False,torch.bfloat16,torch.bfloat16,False,False
3630,7168,768,False,torch.bfloat16,torch.bfloat16,False,False
3635,7168,768,False,torch.bfloat16,torch.bfloat16,False,False
3642,7168,768,False,torch.bfloat16,torch.bfloat16,False,False
3643,7168,768,False,torch.bfloat16,torch.bfloat16,False,False
3672,7168,768,False,torch.bfloat16,torch.bfloat16,False,False
3680,7168,768,False,torch.bfloat16,torch.bfloat16,False,False
3689,7168,768,False,torch.bfloat16,torch.bfloat16,False,False
3691,7168,768,False,torch.bfloat16,torch.bfloat16,False,False
3693,7168,768,False,torch.bfloat16,torch.bfloat16,False,False
3701,7168,768,False,torch.bfloat16,torch.bfloat16,False,False
3704,7168,768,False,torch.bfloat16,torch.bfloat16,False,False
3711,7168,768,False,torch.bfloat16,torch.bfloat16,False,False
3715,7168,768,False,torch.bfloat16,torch.bfloat16,False,False
3718,7168,768,False,torch.bfloat16,torch.bfloat16,False,False
3724,7168,768,False,torch.bfloat16,torch.bfloat16,False,False
3737,7168,768,False,torch.bfloat16,torch.bfloat16,False,False
3740,7168,768,False,torch.bfloat16,torch.bfloat16,False,False
3741,7168,768,False,torch.bfloat16,torch.bfloat16,False,False
3742,7168,768,False,torch.bfloat16,torch.bfloat16,False,False
3762,7168,768,False,torch.bfloat16,torch.bfloat16,False,False
3766,7168,768,False,torch.bfloat16,torch.bfloat16,False,False
3767,7168,768,False,torch.bfloat16,torch.bfloat16,False,False
3768,7168,768,False,torch.bfloat16,torch.bfloat16,False,False
3770,7168,768,False,torch.bfloat16,torch.bfloat16,False,False
3774,7168,768,False,torch.bfloat16,torch.bfloat16,False,False
3777,7168,768,False,torch.bfloat16,torch.bfloat16,False,False
3781,7168,768,False,torch.bfloat16,torch.bfloat16,False,False
3807,7168,768,False,torch.bfloat16,torch.bfloat16,False,False
3808,7168,768,False,torch.bfloat16,torch.bfloat16,False,False
3810,7168,768,False,torch.bfloat16,torch.bfloat16,False,False
3816,7168,768,False,torch.bfloat16,torch.bfloat16,False,False
3818,7168,768,False,torch.bfloat16,torch.bfloat16,False,False
3848,7168,768,False,torch.bfloat16,torch.bfloat16,False,False
3849,7168,768,False,torch.bfloat16,torch.bfloat16,False,False
3853,7168,768,False,torch.bfloat16,torch.bfloat16,False,False
3863,7168,768,False,torch.bfloat16,torch.bfloat16,False,False
3882,7168,768,False,torch.bfloat16,torch.bfloat16,False,False
3897,7168,768,False,torch.bfloat16,torch.bfloat16,False,False
3904,7168,768,False,torch.bfloat16,torch.bfloat16,False,False
3908,7168,768,False,torch.bfloat16,torch.bfloat16,False,False
3928,7168,768,False,torch.bfloat16,torch.bfloat16,False,False
3935,7168,768,False,torch.bfloat16,torch.bfloat16,False,False
3938,7168,768,False,torch.bfloat16,torch.bfloat16,False,False
3945,7168,768,False,torch.bfloat16,torch.bfloat16,False,False
3955,7168,768,False,torch.bfloat16,torch.bfloat16,False,False
3965,7168,768,False,torch.bfloat16,torch.bfloat16,False,False
3966,7168,768,False,torch.bfloat16,torch.bfloat16,False,False
3967,7168,768,False,torch.bfloat16,torch.bfloat16,False,False
3968,7168,768,False,torch.bfloat16,torch.bfloat16,False,False
3988,7168,768,False,torch.bfloat16,torch.bfloat16,False,False
3990,7168,768,False,torch.bfloat16,torch.bfloat16,False,False
3999,7168,768,False,torch.bfloat16,torch.bfloat16,False,False
4000,7168,768,False,torch.bfloat16,torch.bfloat16,False,False
4014,7168,768,False,torch.bfloat16,torch.bfloat16,False,False
4017,7168,768,False,torch.bfloat16,torch.bfloat16,False,False
4019,7168,768,False,torch.bfloat16,torch.bfloat16,False,False
4031,7168,768,False,torch.bfloat16,torch.bfloat16,False,False
4047,7168,768,False,torch.bfloat16,torch.bfloat16,False,False
4054,7168,768,False,torch.bfloat16,torch.bfloat16,False,False
4061,7168,768,False,torch.bfloat16,torch.bfloat16,False,False
4070,7168,768,False,torch.bfloat16,torch.bfloat16,False,False
4087,7168,768,False,torch.bfloat16,torch.bfloat16,False,False
4096,7168,768,False,torch.bfloat16,torch.bfloat16,False,False
1025,7168,1536,False,torch.bfloat16,torch.bfloat16,False,False
1026,7168,1536,False,torch.bfloat16,torch.bfloat16,False,False
1029,7168,1536,False,torch.bfloat16,torch.bfloat16,False,False
1052,7168,1536,False,torch.bfloat16,torch.bfloat16,False,False
1053,7168,1536,False,torch.bfloat16,torch.bfloat16,False,False
1059,7168,1536,False,torch.bfloat16,torch.bfloat16,False,False
1060,7168,1536,False,torch.bfloat16,torch.bfloat16,False,False
1069,7168,1536,False,torch.bfloat16,torch.bfloat16,False,False
1073,7168,1536,False,torch.bfloat16,torch.bfloat16,False,False
1076,7168,1536,False,torch.bfloat16,torch.bfloat16,False,False
1081,7168,1536,False,torch.bfloat16,torch.bfloat16,False,False
1082,7168,1536,False,torch.bfloat16,torch.bfloat16,False,False
1083,7168,1536,False,torch.bfloat16,torch.bfloat16,False,False
1084,7168,1536,False,torch.bfloat16,torch.bfloat16,False,False
1085,7168,1536,False,torch.bfloat16,torch.bfloat16,False,False
1086,7168,1536,False,torch.bfloat16,torch.bfloat16,False,False
1089,7168,1536,False,torch.bfloat16,torch.bfloat16,False,False
1097,7168,1536,False,torch.bfloat16,torch.bfloat16,False,False
1100,7168,1536,False,torch.bfloat16,torch.bfloat16,False,False
1126,7168,1536,False,torch.bfloat16,torch.bfloat16,False,False
1127,7168,1536,False,torch.bfloat16,torch.bfloat16,False,False
1128,7168,1536,False,torch.bfloat16,torch.bfloat16,False,False
1133,7168,1536,False,torch.bfloat16,torch.bfloat16,False,False
1134,7168,1536,False,torch.bfloat16,torch.bfloat16,False,False
1140,7168,1536,False,torch.bfloat16,torch.bfloat16,False,False
1141,7168,1536,False,torch.bfloat16,torch.bfloat16,False,False
1143,7168,1536,False,torch.bfloat16,torch.bfloat16,False,False
1150,7168,1536,False,torch.bfloat16,torch.bfloat16,False,False
1151,7168,1536,False,torch.bfloat16,torch.bfloat16,False,False
1155,7168,1536,False,torch.bfloat16,torch.bfloat16,False,False
1156,7168,1536,False,torch.bfloat16,torch.bfloat16,False,False
1164,7168,1536,False,torch.bfloat16,torch.bfloat16,False,False
1166,7168,1536,False,torch.bfloat16,torch.bfloat16,False,False
1175,7168,1536,False,torch.bfloat16,torch.bfloat16,False,False
1177,7168,1536,False,torch.bfloat16,torch.bfloat16,False,False
1180,7168,1536,False,torch.bfloat16,torch.bfloat16,False,False
1181,7168,1536,False,torch.bfloat16,torch.bfloat16,False,False
1191,7168,1536,False,torch.bfloat16,torch.bfloat16,False,False
1193,7168,1536,False,torch.bfloat16,torch.bfloat16,False,False
1208,7168,1536,False,torch.bfloat16,torch.bfloat16,False,False
1209,7168,1536,False,torch.bfloat16,torch.bfloat16,False,False
1213,7168,1536,False,torch.bfloat16,torch.bfloat16,False,False
1215,7168,1536,False,torch.bfloat16,torch.bfloat16,False,False
1216,7168,1536,False,torch.bfloat16,torch.bfloat16,False,False
1217,7168,1536,False,torch.bfloat16,torch.bfloat16,False,False
1221,7168,1536,False,torch.bfloat16,torch.bfloat16,False,False
1228,7168,1536,False,torch.bfloat16,torch.bfloat16,False,False
1234,7168,1536,False,torch.bfloat16,torch.bfloat16,False,False
1236,7168,1536,False,torch.bfloat16,torch.bfloat16,False,False
1251,7168,1536,False,torch.bfloat16,torch.bfloat16,False,False
1252,7168,1536,False,torch.bfloat16,torch.bfloat16,False,False
1253,7168,1536,False,torch.bfloat16,torch.bfloat16,False,False
1259,7168,1536,False,torch.bfloat16,torch.bfloat16,False,False
1262,7168,1536,False,torch.bfloat16,torch.bfloat16,False,False
1270,7168,1536,False,torch.bfloat16,torch.bfloat16,False,False
1276,7168,1536,False,torch.bfloat16,torch.bfloat16,False,False
1279,7168,1536,False,torch.bfloat16,torch.bfloat16,False,False
1284,7168,1536,False,torch.bfloat16,torch.bfloat16,False,False
1288,7168,1536,False,torch.bfloat16,torch.bfloat16,False,False
1291,7168,1536,False,torch.bfloat16,torch.bfloat16,False,False
1293,7168,1536,False,torch.bfloat16,torch.bfloat16,False,False
1302,7168,1536,False,torch.bfloat16,torch.bfloat16,False,False
1304,7168,1536,False,torch.bfloat16,torch.bfloat16,False,False
1305,7168,1536,False,torch.bfloat16,torch.bfloat16,False,False
1308,7168,1536,False,torch.bfloat16,torch.bfloat16,False,False
1311,7168,1536,False,torch.bfloat16,torch.bfloat16,False,False
1314,7168,1536,False,torch.bfloat16,torch.bfloat16,False,False
1315,7168,1536,False,torch.bfloat16,torch.bfloat16,False,False
1316,7168,1536,False,torch.bfloat16,torch.bfloat16,False,False
1321,7168,1536,False,torch.bfloat16,torch.bfloat16,False,False
1323,7168,1536,False,torch.bfloat16,torch.bfloat16,False,False
1327,7168,1536,False,torch.bfloat16,torch.bfloat16,False,False
1335,7168,1536,False,torch.bfloat16,torch.bfloat16,False,False
1337,7168,1536,False,torch.bfloat16,torch.bfloat16,False,False
1339,7168,1536,False,torch.bfloat16,torch.bfloat16,False,False
1345,7168,1536,False,torch.bfloat16,torch.bfloat16,False,False
1346,7168,1536,False,torch.bfloat16,torch.bfloat16,False,False
1350,7168,1536,False,torch.bfloat16,torch.bfloat16,False,False
1356,7168,1536,False,torch.bfloat16,torch.bfloat16,False,False
1360,7168,1536,False,torch.bfloat16,torch.bfloat16,False,False
1370,7168,1536,False,torch.bfloat16,torch.bfloat16,False,False
1371,7168,1536,False,torch.bfloat16,torch.bfloat16,False,False
1374,7168,1536,False,torch.bfloat16,torch.bfloat16,False,False
1376,7168,1536,False,torch.bfloat16,torch.bfloat16,False,False
1377,7168,1536,False,torch.bfloat16,torch.bfloat16,False,False
1390,7168,1536,False,torch.bfloat16,torch.bfloat16,False,False
1407,7168,1536,False,torch.bfloat16,torch.bfloat16,False,False
1417,7168,1536,False,torch.bfloat16,torch.bfloat16,False,False
1422,7168,1536,False,torch.bfloat16,torch.bfloat16,False,False
1423,7168,1536,False,torch.bfloat16,torch.bfloat16,False,False
1426,7168,1536,False,torch.bfloat16,torch.bfloat16,False,False
1434,7168,1536,False,torch.bfloat16,torch.bfloat16,False,False
1437,7168,1536,False,torch.bfloat16,torch.bfloat16,False,False
1444,7168,1536,False,torch.bfloat16,torch.bfloat16,False,False
1445,7168,1536,False,torch.bfloat16,torch.bfloat16,False,False
1446,7168,1536,False,torch.bfloat16,torch.bfloat16,False,False
1448,7168,1536,False,torch.bfloat16,torch.bfloat16,False,False
1450,7168,1536,False,torch.bfloat16,torch.bfloat16,False,False
1451,7168,1536,False,torch.bfloat16,torch.bfloat16,False,False
1454,7168,1536,False,torch.bfloat16,torch.bfloat16,False,False
1459,7168,1536,False,torch.bfloat16,torch.bfloat16,False,False
1461,7168,1536,False,torch.bfloat16,torch.bfloat16,False,False
1462,7168,1536,False,torch.bfloat16,torch.bfloat16,False,False
1463,7168,1536,False,torch.bfloat16,torch.bfloat16,False,False
1466,7168,1536,False,torch.bfloat16,torch.bfloat16,False,False
1478,7168,1536,False,torch.bfloat16,torch.bfloat16,False,False
1485,7168,1536,False,torch.bfloat16,torch.bfloat16,False,False
1487,7168,1536,False,torch.bfloat16,torch.bfloat16,False,False
1489,7168,1536,False,torch.bfloat16,torch.bfloat16,False,False
1497,7168,1536,False,torch.bfloat16,torch.bfloat16,False,False
1498,7168,1536,False,torch.bfloat16,torch.bfloat16,False,False
1499,7168,1536,False,torch.bfloat16,torch.bfloat16,False,False
1500,7168,1536,False,torch.bfloat16,torch.bfloat16,False,False
1501,7168,1536,False,torch.bfloat16,torch.bfloat16,False,False
1502,7168,1536,False,torch.bfloat16,torch.bfloat16,False,False
1504,7168,1536,False,torch.bfloat16,torch.bfloat16,False,False
1506,7168,1536,False,torch.bfloat16,torch.bfloat16,False,False
1509,7168,1536,False,torch.bfloat16,torch.bfloat16,False,False
1510,7168,1536,False,torch.bfloat16,torch.bfloat16,False,False
1513,7168,1536,False,torch.bfloat16,torch.bfloat16,False,False
1518,7168,1536,False,torch.bfloat16,torch.bfloat16,False,False
1522,7168,1536,False,torch.bfloat16,torch.bfloat16,False,False
1525,7168,1536,False,torch.bfloat16,torch.bfloat16,False,False
1532,7168,1536,False,torch.bfloat16,torch.bfloat16,False,False
1534,7168,1536,False,torch.bfloat16,torch.bfloat16,False,False
1536,7168,1536,False,torch.bfloat16,torch.bfloat16,False,False
1537,7168,1536,False,torch.bfloat16,torch.bfloat16,False,False
1538,7168,1536,False,torch.bfloat16,torch.bfloat16,False,False
1539,7168,1536,False,torch.bfloat16,torch.bfloat16,False,False
1540,7168,1536,False,torch.bfloat16,torch.bfloat16,False,False
1541,7168,1536,False,torch.bfloat16,torch.bfloat16,False,False
1542,7168,1536,False,torch.bfloat16,torch.bfloat16,False,False
1543,7168,1536,False,torch.bfloat16,torch.bfloat16,False,False
1544,7168,1536,False,torch.bfloat16,torch.bfloat16,False,False
1545,7168,1536,False,torch.bfloat16,torch.bfloat16,False,False
1546,7168,1536,False,torch.bfloat16,torch.bfloat16,False,False
1547,7168,1536,False,torch.bfloat16,torch.bfloat16,False,False
1548,7168,1536,False,torch.bfloat16,torch.bfloat16,False,False
1733,7168,1536,False,torch.bfloat16,torch.bfloat16,False,False
2003,7168,1536,False,torch.bfloat16,torch.bfloat16,False,False
2131,7168,1536,False,torch.bfloat16,torch.bfloat16,False,False
2149,7168,1536,False,torch.bfloat16,torch.bfloat16,False,False
2328,7168,1536,False,torch.bfloat16,torch.bfloat16,False,False
2420,7168,1536,False,torch.bfloat16,torch.bfloat16,False,False
2563,7168,1536,False,torch.bfloat16,torch.bfloat16,False,False
2593,7168,1536,False,torch.bfloat16,torch.bfloat16,False,False
2625,7168,1536,False,torch.bfloat16,torch.bfloat16,False,False
2633,7168,1536,False,torch.bfloat16,torch.bfloat16,False,False
2641,7168,1536,False,torch.bfloat16,torch.bfloat16,False,False
2645,7168,1536,False,torch.bfloat16,torch.bfloat16,False,False
2682,7168,1536,False,torch.bfloat16,torch.bfloat16,False,False
2711,7168,1536,False,torch.bfloat16,torch.bfloat16,False,False
2723,7168,1536,False,torch.bfloat16,torch.bfloat16,False,False
2733,7168,1536,False,torch.bfloat16,torch.bfloat16,False,False
2738,7168,1536,False,torch.bfloat16,torch.bfloat16,False,False
2741,7168,1536,False,torch.bfloat16,torch.bfloat16,False,False
2745,7168,1536,False,torch.bfloat16,torch.bfloat16,False,False
2747,7168,1536,False,torch.bfloat16,torch.bfloat16,False,False
2761,7168,1536,False,torch.bfloat16,torch.bfloat16,False,False
2765,7168,1536,False,torch.bfloat16,torch.bfloat16,False,False
2773,7168,1536,False,torch.bfloat16,torch.bfloat16,False,False
2778,7168,1536,False,torch.bfloat16,torch.bfloat16,False,False
2810,7168,1536,False,torch.bfloat16,torch.bfloat16,False,False
2814,7168,1536,False,torch.bfloat16,torch.bfloat16,False,False
2825,7168,1536,False,torch.bfloat16,torch.bfloat16,False,False
2826,7168,1536,False,torch.bfloat16,torch.bfloat16,False,False
2852,7168,1536,False,torch.bfloat16,torch.bfloat16,False,False
2855,7168,1536,False,torch.bfloat16,torch.bfloat16,False,False
2856,7168,1536,False,torch.bfloat16,torch.bfloat16,False,False
2867,7168,1536,False,torch.bfloat16,torch.bfloat16,False,False
2870,7168,1536,False,torch.bfloat16,torch.bfloat16,False,False
2873,7168,1536,False,torch.bfloat16,torch.bfloat16,False,False
2874,7168,1536,False,torch.bfloat16,torch.bfloat16,False,False
2877,7168,1536,False,torch.bfloat16,torch.bfloat16,False,False
2883,7168,1536,False,torch.bfloat16,torch.bfloat16,False,False
2898,7168,1536,False,torch.bfloat16,torch.bfloat16,False,False
2921,7168,1536,False,torch.bfloat16,torch.bfloat16,False,False
2926,7168,1536,False,torch.bfloat16,torch.bfloat16,False,False
2930,7168,1536,False,torch.bfloat16,torch.bfloat16,False,False
2934,7168,1536,False,torch.bfloat16,torch.bfloat16,False,False
2937,7168,1536,False,torch.bfloat16,torch.bfloat16,False,False
2938,7168,1536,False,torch.bfloat16,torch.bfloat16,False,False
2943,7168,1536,False,torch.bfloat16,torch.bfloat16,False,False
2955,7168,1536,False,torch.bfloat16,torch.bfloat16,False,False
2958,7168,1536,False,torch.bfloat16,torch.bfloat16,False,False
2965,7168,1536,False,torch.bfloat16,torch.bfloat16,False,False
2969,7168,1536,False,torch.bfloat16,torch.bfloat16,False,False
2970,7168,1536,False,torch.bfloat16,torch.bfloat16,False,False
2973,7168,1536,False,torch.bfloat16,torch.bfloat16,False,False
2986,7168,1536,False,torch.bfloat16,torch.bfloat16,False,False
3005,7168,1536,False,torch.bfloat16,torch.bfloat16,False,False
3006,7168,1536,False,torch.bfloat16,torch.bfloat16,False,False
3010,7168,1536,False,torch.bfloat16,torch.bfloat16,False,False
3013,7168,1536,False,torch.bfloat16,torch.bfloat16,False,False
3017,7168,1536,False,torch.bfloat16,torch.bfloat16,False,False
3038,7168,1536,False,torch.bfloat16,torch.bfloat16,False,False
3049,7168,1536,False,torch.bfloat16,torch.bfloat16,False,False
3050,7168,1536,False,torch.bfloat16,torch.bfloat16,False,False
3052,7168,1536,False,torch.bfloat16,torch.bfloat16,False,False
3055,7168,1536,False,torch.bfloat16,torch.bfloat16,False,False
3070,7168,1536,False,torch.bfloat16,torch.bfloat16,False,False
3072,7168,1536,False,torch.bfloat16,torch.bfloat16,False,False
3073,7168,1536,False,torch.bfloat16,torch.bfloat16,False,False
3074,7168,1536,False,torch.bfloat16,torch.bfloat16,False,False
3075,7168,1536,False,torch.bfloat16,torch.bfloat16,False,False
3076,7168,1536,False,torch.bfloat16,torch.bfloat16,False,False
3077,7168,1536,False,torch.bfloat16,torch.bfloat16,False,False
3078,7168,1536,False,torch.bfloat16,torch.bfloat16,False,False
3079,7168,1536,False,torch.bfloat16,torch.bfloat16,False,False
3080,7168,1536,False,torch.bfloat16,torch.bfloat16,False,False
3081,7168,1536,False,torch.bfloat16,torch.bfloat16,False,False
3082,7168,1536,False,torch.bfloat16,torch.bfloat16,False,False
3083,7168,1536,False,torch.bfloat16,torch.bfloat16,False,False
3084,7168,1536,False,torch.bfloat16,torch.bfloat16,False,False
3102,7168,1536,False,torch.bfloat16,torch.bfloat16,False,False
3110,7168,1536,False,torch.bfloat16,torch.bfloat16,False,False
3125,7168,1536,False,torch.bfloat16,torch.bfloat16,False,False
3127,7168,1536,False,torch.bfloat16,torch.bfloat16,False,False
3128,7168,1536,False,torch.bfloat16,torch.bfloat16,False,False
3129,7168,1536,False,torch.bfloat16,torch.bfloat16,False,False
3130,7168,1536,False,torch.bfloat16,torch.bfloat16,False,False
3133,7168,1536,False,torch.bfloat16,torch.bfloat16,False,False
3150,7168,1536,False,torch.bfloat16,torch.bfloat16,False,False
3166,7168,1536,False,torch.bfloat16,torch.bfloat16,False,False
3185,7168,1536,False,torch.bfloat16,torch.bfloat16,False,False
3188,7168,1536,False,torch.bfloat16,torch.bfloat16,False,False
3207,7168,1536,False,torch.bfloat16,torch.bfloat16,False,False
3218,7168,1536,False,torch.bfloat16,torch.bfloat16,False,False
3225,7168,1536,False,torch.bfloat16,torch.bfloat16,False,False
3228,7168,1536,False,torch.bfloat16,torch.bfloat16,False,False
3229,7168,1536,False,torch.bfloat16,torch.bfloat16,False,False
3232,7168,1536,False,torch.bfloat16,torch.bfloat16,False,False
3245,7168,1536,False,torch.bfloat16,torch.bfloat16,False,False
3247,7168,1536,False,torch.bfloat16,torch.bfloat16,False,False
3255,7168,1536,False,torch.bfloat16,torch.bfloat16,False,False
3260,7168,1536,False,torch.bfloat16,torch.bfloat16,False,False
3265,7168,1536,False,torch.bfloat16,torch.bfloat16,False,False
3276,7168,1536,False,torch.bfloat16,torch.bfloat16,False,False
3295,7168,1536,False,torch.bfloat16,torch.bfloat16,False,False
3311,7168,1536,False,torch.bfloat16,torch.bfloat16,False,False
3323,7168,1536,False,torch.bfloat16,torch.bfloat16,False,False
3328,7168,1536,False,torch.bfloat16,torch.bfloat16,False,False
3344,7168,1536,False,torch.bfloat16,torch.bfloat16,False,False
3346,7168,1536,False,torch.bfloat16,torch.bfloat16,False,False
3349,7168,1536,False,torch.bfloat16,torch.bfloat16,False,False
3351,7168,1536,False,torch.bfloat16,torch.bfloat16,False,False
3372,7168,1536,False,torch.bfloat16,torch.bfloat16,False,False
3382,7168,1536,False,torch.bfloat16,torch.bfloat16,False,False
3398,7168,1536,False,torch.bfloat16,torch.bfloat16,False,False
3404,7168,1536,False,torch.bfloat16,torch.bfloat16,False,False
3420,7168,1536,False,torch.bfloat16,torch.bfloat16,False,False
3424,7168,1536,False,torch.bfloat16,torch.bfloat16,False,False
3426,7168,1536,False,torch.bfloat16,torch.bfloat16,False,False
3438,7168,1536,False,torch.bfloat16,torch.bfloat16,False,False
3444,7168,1536,False,torch.bfloat16,torch.bfloat16,False,False
3446,7168,1536,False,torch.bfloat16,torch.bfloat16,False,False
3449,7168,1536,False,torch.bfloat16,torch.bfloat16,False,False
3456,7168,1536,False,torch.bfloat16,torch.bfloat16,False,False
3469,7168,1536,False,torch.bfloat16,torch.bfloat16,False,False
3470,7168,1536,False,torch.bfloat16,torch.bfloat16,False,False
3478,7168,1536,False,torch.bfloat16,torch.bfloat16,False,False
3479,7168,1536,False,torch.bfloat16,torch.bfloat16,False,False
3496,7168,1536,False,torch.bfloat16,torch.bfloat16,False,False
3497,7168,1536,False,torch.bfloat16,torch.bfloat16,False,False
3510,7168,1536,False,torch.bfloat16,torch.bfloat16,False,False
3515,7168,1536,False,torch.bfloat16,torch.bfloat16,False,False
3520,7168,1536,False,torch.bfloat16,torch.bfloat16,False,False
3525,7168,1536,False,torch.bfloat16,torch.bfloat16,False,False
3553,7168,1536,False,torch.bfloat16,torch.bfloat16,False,False
3558,7168,1536,False,torch.bfloat16,torch.bfloat16,False,False
3561,7168,1536,False,torch.bfloat16,torch.bfloat16,False,False
3589,7168,1536,False,torch.bfloat16,torch.bfloat16,False,False
3592,7168,1536,False,torch.bfloat16,torch.bfloat16,False,False
3600,7168,1536,False,torch.bfloat16,torch.bfloat16,False,False
3611,7168,1536,False,torch.bfloat16,torch.bfloat16,False,False
3612,7168,1536,False,torch.bfloat16,torch.bfloat16,False,False
3630,7168,1536,False,torch.bfloat16,torch.bfloat16,False,False
3635,7168,1536,False,torch.bfloat16,torch.bfloat16,False,False
3642,7168,1536,False,torch.bfloat16,torch.bfloat16,False,False
3643,7168,1536,False,torch.bfloat16,torch.bfloat16,False,False
3672,7168,1536,False,torch.bfloat16,torch.bfloat16,False,False
3680,7168,1536,False,torch.bfloat16,torch.bfloat16,False,False
3689,7168,1536,False,torch.bfloat16,torch.bfloat16,False,False
3691,7168,1536,False,torch.bfloat16,torch.bfloat16,False,False
3693,7168,1536,False,torch.bfloat16,torch.bfloat16,False,False
3701,7168,1536,False,torch.bfloat16,torch.bfloat16,False,False
3704,7168,1536,False,torch.bfloat16,torch.bfloat16,False,False
3711,7168,1536,False,torch.bfloat16,torch.bfloat16,False,False
3715,7168,1536,False,torch.bfloat16,torch.bfloat16,False,False
3718,7168,1536,False,torch.bfloat16,torch.bfloat16,False,False
3724,7168,1536,False,torch.bfloat16,torch.bfloat16,False,False
3737,7168,1536,False,torch.bfloat16,torch.bfloat16,False,False
3740,7168,1536,False,torch.bfloat16,torch.bfloat16,False,False
3741,7168,1536,False,torch.bfloat16,torch.bfloat16,False,False
3742,7168,1536,False,torch.bfloat16,torch.bfloat16,False,False
3762,7168,1536,False,torch.bfloat16,torch.bfloat16,False,False
3766,7168,1536,False,torch.bfloat16,torch.bfloat16,False,False
3767,7168,1536,False,torch.bfloat16,torch.bfloat16,False,False
3768,7168,1536,False,torch.bfloat16,torch.bfloat16,False,False
3770,7168,1536,False,torch.bfloat16,torch.bfloat16,False,False
3774,7168,1536,False,torch.bfloat16,torch.bfloat16,False,False
3777,7168,1536,False,torch.bfloat16,torch.bfloat16,False,False
3781,7168,1536,False,torch.bfloat16,torch.bfloat16,False,False
3807,7168,1536,False,torch.bfloat16,torch.bfloat16,False,False
3808,7168,1536,False,torch.bfloat16,torch.bfloat16,False,False
3810,7168,1536,False,torch.bfloat16,torch.bfloat16,False,False
3816,7168,1536,False,torch.bfloat16,torch.bfloat16,False,False
3818,7168,1536,False,torch.bfloat16,torch.bfloat16,False,False
3848,7168,1536,False,torch.bfloat16,torch.bfloat16,False,False
3849,7168,1536,False,torch.bfloat16,torch.bfloat16,False,False
3853,7168,1536,False,torch.bfloat16,torch.bfloat16,False,False
3863,7168,1536,False,torch.bfloat16,torch.bfloat16,False,False
3882,7168,1536,False,torch.bfloat16,torch.bfloat16,False,False
3897,7168,1536,False,torch.bfloat16,torch.bfloat16,False,False
3904,7168,1536,False,torch.bfloat16,torch.bfloat16,False,False
3908,7168,1536,False,torch.bfloat16,torch.bfloat16,False,False
3928,7168,1536,False,torch.bfloat16,torch.bfloat16,False,False
3935,7168,1536,False,torch.bfloat16,torch.bfloat16,False,False
3938,7168,1536,False,torch.bfloat16,torch.bfloat16,False,False
3945,7168,1536,False,torch.bfloat16,torch.bfloat16,False,False
3955,7168,1536,False,torch.bfloat16,torch.bfloat16,False,False
3965,7168,1536,False,torch.bfloat16,torch.bfloat16,False,False
3966,7168,1536,False,torch.bfloat16,torch.bfloat16,False,False
3967,7168,1536,False,torch.bfloat16,torch.bfloat16,False,False
3968,7168,1536,False,torch.bfloat16,torch.bfloat16,False,False
3988,7168,1536,False,torch.bfloat16,torch.bfloat16,False,False
3990,7168,1536,False,torch.bfloat16,torch.bfloat16,False,False
3999,7168,1536,False,torch.bfloat16,torch.bfloat16,False,False
4000,7168,1536,False,torch.bfloat16,torch.bfloat16,False,False
4014,7168,1536,False,torch.bfloat16,torch.bfloat16,False,False
4017,7168,1536,False,torch.bfloat16,torch.bfloat16,False,False
4019,7168,1536,False,torch.bfloat16,torch.bfloat16,False,False
4031,7168,1536,False,torch.bfloat16,torch.bfloat16,False,False
4047,7168,1536,False,torch.bfloat16,torch.bfloat16,False,False
4054,7168,1536,False,torch.bfloat16,torch.bfloat16,False,False
4061,7168,1536,False,torch.bfloat16,torch.bfloat16,False,False
4070,7168,1536,False,torch.bfloat16,torch.bfloat16,False,False
4087,7168,1536,False,torch.bfloat16,torch.bfloat16,False,False
4096,7168,1536,False,torch.bfloat16,torch.bfloat16,False,False
1025,7168,3584,False,torch.bfloat16,torch.bfloat16,False,False
1026,7168,3584,False,torch.bfloat16,torch.bfloat16,False,False
1029,7168,3584,False,torch.bfloat16,torch.bfloat16,False,False
1052,7168,3584,False,torch.bfloat16,torch.bfloat16,False,False
1053,7168,3584,False,torch.bfloat16,torch.bfloat16,False,False
1059,7168,3584,False,torch.bfloat16,torch.bfloat16,False,False
1060,7168,3584,False,torch.bfloat16,torch.bfloat16,False,False
1069,7168,3584,False,torch.bfloat16,torch.bfloat16,False,False
1073,7168,3584,False,torch.bfloat16,torch.bfloat16,False,False
1076,7168,3584,False,torch.bfloat16,torch.bfloat16,False,False
1081,7168,3584,False,torch.bfloat16,torch.bfloat16,False,False
1082,7168,3584,False,torch.bfloat16,torch.bfloat16,False,False
1083,7168,3584,False,torch.bfloat16,torch.bfloat16,False,False
1084,7168,3584,False,torch.bfloat16,torch.bfloat16,False,False
1085,7168,3584,False,torch.bfloat16,torch.bfloat16,False,False
1086,7168,3584,False,torch.bfloat16,torch.bfloat16,False,False
1089,7168,3584,False,torch.bfloat16,torch.bfloat16,False,False
1097,7168,3584,False,torch.bfloat16,torch.bfloat16,False,False
1100,7168,3584,False,torch.bfloat16,torch.bfloat16,False,False
1126,7168,3584,False,torch.bfloat16,torch.bfloat16,False,False
1127,7168,3584,False,torch.bfloat16,torch.bfloat16,False,False
1128,7168,3584,False,torch.bfloat16,torch.bfloat16,False,False
1133,7168,3584,False,torch.bfloat16,torch.bfloat16,False,False
1134,7168,3584,False,torch.bfloat16,torch.bfloat16,False,False
1140,7168,3584,False,torch.bfloat16,torch.bfloat16,False,False
1141,7168,3584,False,torch.bfloat16,torch.bfloat16,False,False
1143,7168,3584,False,torch.bfloat16,torch.bfloat16,False,False
1150,7168,3584,False,torch.bfloat16,torch.bfloat16,False,False
1151,7168,3584,False,torch.bfloat16,torch.bfloat16,False,False
1155,7168,3584,False,torch.bfloat16,torch.bfloat16,False,False
1156,7168,3584,False,torch.bfloat16,torch.bfloat16,False,False
1164,7168,3584,False,torch.bfloat16,torch.bfloat16,False,False
1166,7168,3584,False,torch.bfloat16,torch.bfloat16,False,False
1175,7168,3584,False,torch.bfloat16,torch.bfloat16,False,False
1177,7168,3584,False,torch.bfloat16,torch.bfloat16,False,False
1180,7168,3584,False,torch.bfloat16,torch.bfloat16,False,False
1181,7168,3584,False,torch.bfloat16,torch.bfloat16,False,False
1191,7168,3584,False,torch.bfloat16,torch.bfloat16,False,False
1193,7168,3584,False,torch.bfloat16,torch.bfloat16,False,False
1208,7168,3584,False,torch.bfloat16,torch.bfloat16,False,False
1209,7168,3584,False,torch.bfloat16,torch.bfloat16,False,False
1213,7168,3584,False,torch.bfloat16,torch.bfloat16,False,False
1215,7168,3584,False,torch.bfloat16,torch.bfloat16,False,False
1216,7168,3584,False,torch.bfloat16,torch.bfloat16,False,False
1217,7168,3584,False,torch.bfloat16,torch.bfloat16,False,False
1221,7168,3584,False,torch.bfloat16,torch.bfloat16,False,False
1228,7168,3584,False,torch.bfloat16,torch.bfloat16,False,False
1234,7168,3584,False,torch.bfloat16,torch.bfloat16,False,False
1236,7168,3584,False,torch.bfloat16,torch.bfloat16,False,False
1251,7168,3584,False,torch.bfloat16,torch.bfloat16,False,False
1252,7168,3584,False,torch.bfloat16,torch.bfloat16,False,False
1253,7168,3584,False,torch.bfloat16,torch.bfloat16,False,False
1259,7168,3584,False,torch.bfloat16,torch.bfloat16,False,False
1262,7168,3584,False,torch.bfloat16,torch.bfloat16,False,False
1270,7168,3584,False,torch.bfloat16,torch.bfloat16,False,False
1276,7168,3584,False,torch.bfloat16,torch.bfloat16,False,False
1279,7168,3584,False,torch.bfloat16,torch.bfloat16,False,False
1284,7168,3584,False,torch.bfloat16,torch.bfloat16,False,False
1288,7168,3584,False,torch.bfloat16,torch.bfloat16,False,False
1291,7168,3584,False,torch.bfloat16,torch.bfloat16,False,False
1293,7168,3584,False,torch.bfloat16,torch.bfloat16,False,False
1302,7168,3584,False,torch.bfloat16,torch.bfloat16,False,False
1304,7168,3584,False,torch.bfloat16,torch.bfloat16,False,False
1305,7168,3584,False,torch.bfloat16,torch.bfloat16,False,False
1308,7168,3584,False,torch.bfloat16,torch.bfloat16,False,False
1311,7168,3584,False,torch.bfloat16,torch.bfloat16,False,False
1314,7168,3584,False,torch.bfloat16,torch.bfloat16,False,False
1315,7168,3584,False,torch.bfloat16,torch.bfloat16,False,False
1316,7168,3584,False,torch.bfloat16,torch.bfloat16,False,False
1321,7168,3584,False,torch.bfloat16,torch.bfloat16,False,False
1323,7168,3584,False,torch.bfloat16,torch.bfloat16,False,False
1327,7168,3584,False,torch.bfloat16,torch.bfloat16,False,False
1335,7168,3584,False,torch.bfloat16,torch.bfloat16,False,False
1337,7168,3584,False,torch.bfloat16,torch.bfloat16,False,False
1339,7168,3584,False,torch.bfloat16,torch.bfloat16,False,False
1345,7168,3584,False,torch.bfloat16,torch.bfloat16,False,False
1346,7168,3584,False,torch.bfloat16,torch.bfloat16,False,False
1350,7168,3584,False,torch.bfloat16,torch.bfloat16,False,False
1356,7168,3584,False,torch.bfloat16,torch.bfloat16,False,False
1360,7168,3584,False,torch.bfloat16,torch.bfloat16,False,False
1370,7168,3584,False,torch.bfloat16,torch.bfloat16,False,False
1371,7168,3584,False,torch.bfloat16,torch.bfloat16,False,False
1374,7168,3584,False,torch.bfloat16,torch.bfloat16,False,False
1376,7168,3584,False,torch.bfloat16,torch.bfloat16,False,False
1377,7168,3584,False,torch.bfloat16,torch.bfloat16,False,False
1390,7168,3584,False,torch.bfloat16,torch.bfloat16,False,False
1407,7168,3584,False,torch.bfloat16,torch.bfloat16,False,False
1417,7168,3584,False,torch.bfloat16,torch.bfloat16,False,False
1422,7168,3584,False,torch.bfloat16,torch.bfloat16,False,False
1423,7168,3584,False,torch.bfloat16,torch.bfloat16,False,False
1426,7168,3584,False,torch.bfloat16,torch.bfloat16,False,False
1434,7168,3584,False,torch.bfloat16,torch.bfloat16,False,False
1437,7168,3584,False,torch.bfloat16,torch.bfloat16,False,False
1444,7168,3584,False,torch.bfloat16,torch.bfloat16,False,False
1445,7168,3584,False,torch.bfloat16,torch.bfloat16,False,False
1446,7168,3584,False,torch.bfloat16,torch.bfloat16,False,False
1448,7168,3584,False,torch.bfloat16,torch.bfloat16,False,False
1450,7168,3584,False,torch.bfloat16,torch.bfloat16,False,False
1451,7168,3584,False,torch.bfloat16,torch.bfloat16,False,False
1454,7168,3584,False,torch.bfloat16,torch.bfloat16,False,False
1459,7168,3584,False,torch.bfloat16,torch.bfloat16,False,False
1461,7168,3584,False,torch.bfloat16,torch.bfloat16,False,False
1462,7168,3584,False,torch.bfloat16,torch.bfloat16,False,False
1463,7168,3584,False,torch.bfloat16,torch.bfloat16,False,False
1466,7168,3584,False,torch.bfloat16,torch.bfloat16,False,False
1478,7168,3584,False,torch.bfloat16,torch.bfloat16,False,False
1485,7168,3584,False,torch.bfloat16,torch.bfloat16,False,False
1487,7168,3584,False,torch.bfloat16,torch.bfloat16,False,False
1489,7168,3584,False,torch.bfloat16,torch.bfloat16,False,False
1497,7168,3584,False,torch.bfloat16,torch.bfloat16,False,False
1498,7168,3584,False,torch.bfloat16,torch.bfloat16,False,False
1499,7168,3584,False,torch.bfloat16,torch.bfloat16,False,False
1500,7168,3584,False,torch.bfloat16,torch.bfloat16,False,False
1501,7168,3584,False,torch.bfloat16,torch.bfloat16,False,False
1502,7168,3584,False,torch.bfloat16,torch.bfloat16,False,False
1504,7168,3584,False,torch.bfloat16,torch.bfloat16,False,False
1506,7168,3584,False,torch.bfloat16,torch.bfloat16,False,False
1509,7168,3584,False,torch.bfloat16,torch.bfloat16,False,False
1510,7168,3584,False,torch.bfloat16,torch.bfloat16,False,False
1513,7168,3584,False,torch.bfloat16,torch.bfloat16,False,False
1518,7168,3584,False,torch.bfloat16,torch.bfloat16,False,False
1522,7168,3584,False,torch.bfloat16,torch.bfloat16,False,False
1525,7168,3584,False,torch.bfloat16,torch.bfloat16,False,False
1532,7168,3584,False,torch.bfloat16,torch.bfloat16,False,False
1534,7168,3584,False,torch.bfloat16,torch.bfloat16,False,False
1536,7168,3584,False,torch.bfloat16,torch.bfloat16,False,False
1537,7168,3584,False,torch.bfloat16,torch.bfloat16,False,False
1538,7168,3584,False,torch.bfloat16,torch.bfloat16,False,False
1539,7168,3584,False,torch.bfloat16,torch.bfloat16,False,False
1540,7168,3584,False,torch.bfloat16,torch.bfloat16,False,False
1541,7168,3584,False,torch.bfloat16,torch.bfloat16,False,False
1542,7168,3584,False,torch.bfloat16,torch.bfloat16,False,False
1543,7168,3584,False,torch.bfloat16,torch.bfloat16,False,False
1544,7168,3584,False,torch.bfloat16,torch.bfloat16,False,False
1545,7168,3584,False,torch.bfloat16,torch.bfloat16,False,False
1546,7168,3584,False,torch.bfloat16,torch.bfloat16,False,False
1547,7168,3584,False,torch.bfloat16,torch.bfloat16,False,False
1548,7168,3584,False,torch.bfloat16,torch.bfloat16,False,False
1733,7168,3584,False,torch.bfloat16,torch.bfloat16,False,False
2003,7168,3584,False,torch.bfloat16,torch.bfloat16,False,False
2131,7168,3584,False,torch.bfloat16,torch.bfloat16,False,False
2149,7168,3584,False,torch.bfloat16,torch.bfloat16,False,False
2328,7168,3584,False,torch.bfloat16,torch.bfloat16,False,False
2420,7168,3584,False,torch.bfloat16,torch.bfloat16,False,False
2563,7168,3584,False,torch.bfloat16,torch.bfloat16,False,False
2593,7168,3584,False,torch.bfloat16,torch.bfloat16,False,False
2625,7168,3584,False,torch.bfloat16,torch.bfloat16,False,False
2633,7168,3584,False,torch.bfloat16,torch.bfloat16,False,False
2641,7168,3584,False,torch.bfloat16,torch.bfloat16,False,False
2645,7168,3584,False,torch.bfloat16,torch.bfloat16,False,False
2682,7168,3584,False,torch.bfloat16,torch.bfloat16,False,False
2711,7168,3584,False,torch.bfloat16,torch.bfloat16,False,False
2723,7168,3584,False,torch.bfloat16,torch.bfloat16,False,False
2733,7168,3584,False,torch.bfloat16,torch.bfloat16,False,False
2738,7168,3584,False,torch.bfloat16,torch.bfloat16,False,False
2741,7168,3584,False,torch.bfloat16,torch.bfloat16,False,False
2745,7168,3584,False,torch.bfloat16,torch.bfloat16,False,False
2747,7168,3584,False,torch.bfloat16,torch.bfloat16,False,False
2761,7168,3584,False,torch.bfloat16,torch.bfloat16,False,False
2765,7168,3584,False,torch.bfloat16,torch.bfloat16,False,False
2773,7168,3584,False,torch.bfloat16,torch.bfloat16,False,False
2778,7168,3584,False,torch.bfloat16,torch.bfloat16,False,False
2810,7168,3584,False,torch.bfloat16,torch.bfloat16,False,False
2814,7168,3584,False,torch.bfloat16,torch.bfloat16,False,False
2825,7168,3584,False,torch.bfloat16,torch.bfloat16,False,False
2826,7168,3584,False,torch.bfloat16,torch.bfloat16,False,False
2852,7168,3584,False,torch.bfloat16,torch.bfloat16,False,False
2855,7168,3584,False,torch.bfloat16,torch.bfloat16,False,False
2856,7168,3584,False,torch.bfloat16,torch.bfloat16,False,False
2867,7168,3584,False,torch.bfloat16,torch.bfloat16,False,False
2870,7168,3584,False,torch.bfloat16,torch.bfloat16,False,False
2873,7168,3584,False,torch.bfloat16,torch.bfloat16,False,False
2874,7168,3584,False,torch.bfloat16,torch.bfloat16,False,False
2877,7168,3584,False,torch.bfloat16,torch.bfloat16,False,False
2883,7168,3584,False,torch.bfloat16,torch.bfloat16,False,False
2898,7168,3584,False,torch.bfloat16,torch.bfloat16,False,False
2921,7168,3584,False,torch.bfloat16,torch.bfloat16,False,False
2926,7168,3584,False,torch.bfloat16,torch.bfloat16,False,False
2930,7168,3584,False,torch.bfloat16,torch.bfloat16,False,False
2934,7168,3584,False,torch.bfloat16,torch.bfloat16,False,False
2937,7168,3584,False,torch.bfloat16,torch.bfloat16,False,False
2938,7168,3584,False,torch.bfloat16,torch.bfloat16,False,False
2943,7168,3584,False,torch.bfloat16,torch.bfloat16,False,False
2955,7168,3584,False,torch.bfloat16,torch.bfloat16,False,False
2958,7168,3584,False,torch.bfloat16,torch.bfloat16,False,False
2965,7168,3584,False,torch.bfloat16,torch.bfloat16,False,False
2969,7168,3584,False,torch.bfloat16,torch.bfloat16,False,False
2970,7168,3584,False,torch.bfloat16,torch.bfloat16,False,False
2973,7168,3584,False,torch.bfloat16,torch.bfloat16,False,False
2986,7168,3584,False,torch.bfloat16,torch.bfloat16,False,False
3005,7168,3584,False,torch.bfloat16,torch.bfloat16,False,False
3006,7168,3584,False,torch.bfloat16,torch.bfloat16,False,False
3010,7168,3584,False,torch.bfloat16,torch.bfloat16,False,False
3013,7168,3584,False,torch.bfloat16,torch.bfloat16,False,False
3017,7168,3584,False,torch.bfloat16,torch.bfloat16,False,False
3038,7168,3584,False,torch.bfloat16,torch.bfloat16,False,False
3049,7168,3584,False,torch.bfloat16,torch.bfloat16,False,False
3050,7168,3584,False,torch.bfloat16,torch.bfloat16,False,False
3052,7168,3584,False,torch.bfloat16,torch.bfloat16,False,False
3055,7168,3584,False,torch.bfloat16,torch.bfloat16,False,False
3070,7168,3584,False,torch.bfloat16,torch.bfloat16,False,False
3072,7168,3584,False,torch.bfloat16,torch.bfloat16,False,False
3073,7168,3584,False,torch.bfloat16,torch.bfloat16,False,False
3074,7168,3584,False,torch.bfloat16,torch.bfloat16,False,False
3075,7168,3584,False,torch.bfloat16,torch.bfloat16,False,False
3076,7168,3584,False,torch.bfloat16,torch.bfloat16,False,False
3077,7168,3584,False,torch.bfloat16,torch.bfloat16,False,False
3078,7168,3584,False,torch.bfloat16,torch.bfloat16,False,False
3079,7168,3584,False,torch.bfloat16,torch.bfloat16,False,False
3080,7168,3584,False,torch.bfloat16,torch.bfloat16,False,False
3081,7168,3584,False,torch.bfloat16,torch.bfloat16,False,False
3082,7168,3584,False,torch.bfloat16,torch.bfloat16,False,False
3083,7168,3584,False,torch.bfloat16,torch.bfloat16,False,False
3084,7168,3584,False,torch.bfloat16,torch.bfloat16,False,False
3102,7168,3584,False,torch.bfloat16,torch.bfloat16,False,False
3110,7168,3584,False,torch.bfloat16,torch.bfloat16,False,False
3125,7168,3584,False,torch.bfloat16,torch.bfloat16,False,False
3127,7168,3584,False,torch.bfloat16,torch.bfloat16,False,False
3128,7168,3584,False,torch.bfloat16,torch.bfloat16,False,False
3129,7168,3584,False,torch.bfloat16,torch.bfloat16,False,False
3130,7168,3584,False,torch.bfloat16,torch.bfloat16,False,False
3133,7168,3584,False,torch.bfloat16,torch.bfloat16,False,False
3150,7168,3584,False,torch.bfloat16,torch.bfloat16,False,False
3166,7168,3584,False,torch.bfloat16,torch.bfloat16,False,False
3185,7168,3584,False,torch.bfloat16,torch.bfloat16,False,False
3188,7168,3584,False,torch.bfloat16,torch.bfloat16,False,False
3207,7168,3584,False,torch.bfloat16,torch.bfloat16,False,False
3218,7168,3584,False,torch.bfloat16,torch.bfloat16,False,False
3225,7168,3584,False,torch.bfloat16,torch.bfloat16,False,False
3228,7168,3584,False,torch.bfloat16,torch.bfloat16,False,False
3229,7168,3584,False,torch.bfloat16,torch.bfloat16,False,False
3232,7168,3584,False,torch.bfloat16,torch.bfloat16,False,False
3245,7168,3584,False,torch.bfloat16,torch.bfloat16,False,False
3247,7168,3584,False,torch.bfloat16,torch.bfloat16,False,False
3255,7168,3584,False,torch.bfloat16,torch.bfloat16,False,False
3260,7168,3584,False,torch.bfloat16,torch.bfloat16,False,False
3265,7168,3584,False,torch.bfloat16,torch.bfloat16,False,False
3276,7168,3584,False,torch.bfloat16,torch.bfloat16,False,False
3295,7168,3584,False,torch.bfloat16,torch.bfloat16,False,False
3311,7168,3584,False,torch.bfloat16,torch.bfloat16,False,False
3323,7168,3584,False,torch.bfloat16,torch.bfloat16,False,False
3328,7168,3584,False,torch.bfloat16,torch.bfloat16,False,False
3344,7168,3584,False,torch.bfloat16,torch.bfloat16,False,False
3346,7168,3584,False,torch.bfloat16,torch.bfloat16,False,False
3349,7168,3584,False,torch.bfloat16,torch.bfloat16,False,False
3351,7168,3584,False,torch.bfloat16,torch.bfloat16,False,False
3372,7168,3584,False,torch.bfloat16,torch.bfloat16,False,False
3382,7168,3584,False,torch.bfloat16,torch.bfloat16,False,False
3398,7168,3584,False,torch.bfloat16,torch.bfloat16,False,False
3404,7168,3584,False,torch.bfloat16,torch.bfloat16,False,False
3420,7168,3584,False,torch.bfloat16,torch.bfloat16,False,False
3424,7168,3584,False,torch.bfloat16,torch.bfloat16,False,False
3426,7168,3584,False,torch.bfloat16,torch.bfloat16,False,False
3438,7168,3584,False,torch.bfloat16,torch.bfloat16,False,False
3444,7168,3584,False,torch.bfloat16,torch.bfloat16,False,False
3446,7168,3584,False,torch.bfloat16,torch.bfloat16,False,False
3449,7168,3584,False,torch.bfloat16,torch.bfloat16,False,False
3456,7168,3584,False,torch.bfloat16,torch.bfloat16,False,False
3469,7168,3584,False,torch.bfloat16,torch.bfloat16,False,False
3470,7168,3584,False,torch.bfloat16,torch.bfloat16,False,False
3478,7168,3584,False,torch.bfloat16,torch.bfloat16,False,False
3479,7168,3584,False,torch.bfloat16,torch.bfloat16,False,False
3496,7168,3584,False,torch.bfloat16,torch.bfloat16,False,False
3497,7168,3584,False,torch.bfloat16,torch.bfloat16,False,False
3510,7168,3584,False,torch.bfloat16,torch.bfloat16,False,False
3515,7168,3584,False,torch.bfloat16,torch.bfloat16,False,False
3520,7168,3584,False,torch.bfloat16,torch.bfloat16,False,False
3525,7168,3584,False,torch.bfloat16,torch.bfloat16,False,False
3553,7168,3584,False,torch.bfloat16,torch.bfloat16,False,False
3558,7168,3584,False,torch.bfloat16,torch.bfloat16,False,False
3561,7168,3584,False,torch.bfloat16,torch.bfloat16,False,False
3589,7168,3584,False,torch.bfloat16,torch.bfloat16,False,False
3592,7168,3584,False,torch.bfloat16,torch.bfloat16,False,False
3600,7168,3584,False,torch.bfloat16,torch.bfloat16,False,False
3611,7168,3584,False,torch.bfloat16,torch.bfloat16,False,False
3612,7168,3584,False,torch.bfloat16,torch.bfloat16,False,False
3630,7168,3584,False,torch.bfloat16,torch.bfloat16,False,False
3635,7168,3584,False,torch.bfloat16,torch.bfloat16,False,False
3642,7168,3584,False,torch.bfloat16,torch.bfloat16,False,False
3643,7168,3584,False,torch.bfloat16,torch.bfloat16,False,False
3672,7168,3584,False,torch.bfloat16,torch.bfloat16,False,False
3680,7168,3584,False,torch.bfloat16,torch.bfloat16,False,False
3689,7168,3584,False,torch.bfloat16,torch.bfloat16,False,False
3691,7168,3584,False,torch.bfloat16,torch.bfloat16,False,False
3693,7168,3584,False,torch.bfloat16,torch.bfloat16,False,False
3701,7168,3584,False,torch.bfloat16,torch.bfloat16,False,False
3704,7168,3584,False,torch.bfloat16,torch.bfloat16,False,False
3711,7168,3584,False,torch.bfloat16,torch.bfloat16,False,False
3715,7168,3584,False,torch.bfloat16,torch.bfloat16,False,False
3718,7168,3584,False,torch.bfloat16,torch.bfloat16,False,False
3724,7168,3584,False,torch.bfloat16,torch.bfloat16,False,False
3737,7168,3584,False,torch.bfloat16,torch.bfloat16,False,False
3740,7168,3584,False,torch.bfloat16,torch.bfloat16,False,False
3741,7168,3584,False,torch.bfloat16,torch.bfloat16,False,False
3742,7168,3584,False,torch.bfloat16,torch.bfloat16,False,False
3762,7168,3584,False,torch.bfloat16,torch.bfloat16,False,False
3766,7168,3584,False,torch.bfloat16,torch.bfloat16,False,False
3767,7168,3584,False,torch.bfloat16,torch.bfloat16,False,False
3768,7168,3584,False,torch.bfloat16,torch.bfloat16,False,False
3770,7168,3584,False,torch.bfloat16,torch.bfloat16,False,False
3774,7168,3584,False,torch.bfloat16,torch.bfloat16,False,False
3777,7168,3584,False,torch.bfloat16,torch.bfloat16,False,False
3781,7168,3584,False,torch.bfloat16,torch.bfloat16,False,False
3807,7168,3584,False,torch.bfloat16,torch.bfloat16,False,False
3808,7168,3584,False,torch.bfloat16,torch.bfloat16,False,False
3810,7168,3584,False,torch.bfloat16,torch.bfloat16,False,False
3816,7168,3584,False,torch.bfloat16,torch.bfloat16,False,False
3818,7168,3584,False,torch.bfloat16,torch.bfloat16,False,False
3848,7168,3584,False,torch.bfloat16,torch.bfloat16,False,False
3849,7168,3584,False,torch.bfloat16,torch.bfloat16,False,False
3853,7168,3584,False,torch.bfloat16,torch.bfloat16,False,False
3863,7168,3584,False,torch.bfloat16,torch.bfloat16,False,False
3882,7168,3584,False,torch.bfloat16,torch.bfloat16,False,False
3897,7168,3584,False,torch.bfloat16,torch.bfloat16,False,False
3904,7168,3584,False,torch.bfloat16,torch.bfloat16,False,False
3908,7168,3584,False,torch.bfloat16,torch.bfloat16,False,False
3928,7168,3584,False,torch.bfloat16,torch.bfloat16,False,False
3935,7168,3584,False,torch.bfloat16,torch.bfloat16,False,False
3938,7168,3584,False,torch.bfloat16,torch.bfloat16,False,False
3945,7168,3584,False,torch.bfloat16,torch.bfloat16,False,False
3955,7168,3584,False,torch.bfloat16,torch.bfloat16,False,False
3965,7168,3584,False,torch.bfloat16,torch.bfloat16,False,False
3966,7168,3584,False,torch.bfloat16,torch.bfloat16,False,False
3967,7168,3584,False,torch.bfloat16,torch.bfloat16,False,False
3968,7168,3584,False,torch.bfloat16,torch.bfloat16,False,False
3988,7168,3584,False,torch.bfloat16,torch.bfloat16,False,False
3990,7168,3584,False,torch.bfloat16,torch.bfloat16,False,False
3999,7168,3584,False,torch.bfloat16,torch.bfloat16,False,False
4000,7168,3584,False,torch.bfloat16,torch.bfloat16,False,False
4014,7168,3584,False,torch.bfloat16,torch.bfloat16,False,False
4017,7168,3584,False,torch.bfloat16,torch.bfloat16,False,False
4019,7168,3584,False,torch.bfloat16,torch.bfloat16,False,False
4031,7168,3584,False,torch.bfloat16,torch.bfloat16,False,False
4047,7168,3584,False,torch.bfloat16,torch.bfloat16,False,False
4054,7168,3584,False,torch.bfloat16,torch.bfloat16,False,False
4061,7168,3584,False,torch.bfloat16,torch.bfloat16,False,False
4070,7168,3584,False,torch.bfloat16,torch.bfloat16,False,False
4087,7168,3584,False,torch.bfloat16,torch.bfloat16,False,False
4096,7168,3584,False,torch.bfloat16,torch.bfloat16,False,False
16817,7168,4096,False,torch.bfloat16,torch.bfloat16,False,False
1025,7168,4224,False,torch.bfloat16,torch.bfloat16,False,False
1026,7168,4224,False,torch.bfloat16,torch.bfloat16,False,False
1029,7168,4224,False,torch.bfloat16,torch.bfloat16,False,False
1052,7168,4224,False,torch.bfloat16,torch.bfloat16,False,False
1053,7168,4224,False,torch.bfloat16,torch.bfloat16,False,False
1059,7168,4224,False,torch.bfloat16,torch.bfloat16,False,False
1060,7168,4224,False,torch.bfloat16,torch.bfloat16,False,False
1069,7168,4224,False,torch.bfloat16,torch.bfloat16,False,False
1073,7168,4224,False,torch.bfloat16,torch.bfloat16,False,False
1076,7168,4224,False,torch.bfloat16,torch.bfloat16,False,False
1081,7168,4224,False,torch.bfloat16,torch.bfloat16,False,False
1082,7168,4224,False,torch.bfloat16,torch.bfloat16,False,False
1083,7168,4224,False,torch.bfloat16,torch.bfloat16,False,False
1084,7168,4224,False,torch.bfloat16,torch.bfloat16,False,False
1085,7168,4224,False,torch.bfloat16,torch.bfloat16,False,False
1086,7168,4224,False,torch.bfloat16,torch.bfloat16,False,False
1089,7168,4224,False,torch.bfloat16,torch.bfloat16,False,False
1097,7168,4224,False,torch.bfloat16,torch.bfloat16,False,False
1100,7168,4224,False,torch.bfloat16,torch.bfloat16,False,False
1126,7168,4224,False,torch.bfloat16,torch.bfloat16,False,False
1127,7168,4224,False,torch.bfloat16,torch.bfloat16,False,False
1128,7168,4224,False,torch.bfloat16,torch.bfloat16,False,False
1133,7168,4224,False,torch.bfloat16,torch.bfloat16,False,False
1134,7168,4224,False,torch.bfloat16,torch.bfloat16,False,False
1140,7168,4224,False,torch.bfloat16,torch.bfloat16,False,False
1141,7168,4224,False,torch.bfloat16,torch.bfloat16,False,False
1143,7168,4224,False,torch.bfloat16,torch.bfloat16,False,False
1150,7168,4224,False,torch.bfloat16,torch.bfloat16,False,False
1151,7168,4224,False,torch.bfloat16,torch.bfloat16,False,False
1155,7168,4224,False,torch.bfloat16,torch.bfloat16,False,False
1156,7168,4224,False,torch.bfloat16,torch.bfloat16,False,False
1164,7168,4224,False,torch.bfloat16,torch.bfloat16,False,False
1166,7168,4224,False,torch.bfloat16,torch.bfloat16,False,False
1175,7168,4224,False,torch.bfloat16,torch.bfloat16,False,False
1177,7168,4224,False,torch.bfloat16,torch.bfloat16,False,False
1180,7168,4224,False,torch.bfloat16,torch.bfloat16,False,False
1181,7168,4224,False,torch.bfloat16,torch.bfloat16,False,False
1191,7168,4224,False,torch.bfloat16,torch.bfloat16,False,False
1193,7168,4224,False,torch.bfloat16,torch.bfloat16,False,False
1208,7168,4224,False,torch.bfloat16,torch.bfloat16,False,False
1209,7168,4224,False,torch.bfloat16,torch.bfloat16,False,False
1213,7168,4224,False,torch.bfloat16,torch.bfloat16,False,False
1215,7168,4224,False,torch.bfloat16,torch.bfloat16,False,False
1216,7168,4224,False,torch.bfloat16,torch.bfloat16,False,False
1217,7168,4224,False,torch.bfloat16,torch.bfloat16,False,False
1221,7168,4224,False,torch.bfloat16,torch.bfloat16,False,False
1228,7168,4224,False,torch.bfloat16,torch.bfloat16,False,False
1234,7168,4224,False,torch.bfloat16,torch.bfloat16,False,False
1236,7168,4224,False,torch.bfloat16,torch.bfloat16,False,False
1251,7168,4224,False,torch.bfloat16,torch.bfloat16,False,False
1252,7168,4224,False,torch.bfloat16,torch.bfloat16,False,False
1253,7168,4224,False,torch.bfloat16,torch.bfloat16,False,False
1259,7168,4224,False,torch.bfloat16,torch.bfloat16,False,False
1262,7168,4224,False,torch.bfloat16,torch.bfloat16,False,False
1270,7168,4224,False,torch.bfloat16,torch.bfloat16,False,False
1276,7168,4224,False,torch.bfloat16,torch.bfloat16,False,False
1279,7168,4224,False,torch.bfloat16,torch.bfloat16,False,False
1284,7168,4224,False,torch.bfloat16,torch.bfloat16,False,False
1288,7168,4224,False,torch.bfloat16,torch.bfloat16,False,False
1291,7168,4224,False,torch.bfloat16,torch.bfloat16,False,False
1293,7168,4224,False,torch.bfloat16,torch.bfloat16,False,False
1302,7168,4224,False,torch.bfloat16,torch.bfloat16,False,False
1304,7168,4224,False,torch.bfloat16,torch.bfloat16,False,False
1305,7168,4224,False,torch.bfloat16,torch.bfloat16,False,False
1308,7168,4224,False,torch.bfloat16,torch.bfloat16,False,False
1311,7168,4224,False,torch.bfloat16,torch.bfloat16,False,False
1314,7168,4224,False,torch.bfloat16,torch.bfloat16,False,False
1315,7168,4224,False,torch.bfloat16,torch.bfloat16,False,False
1316,7168,4224,False,torch.bfloat16,torch.bfloat16,False,False
1321,7168,4224,False,torch.bfloat16,torch.bfloat16,False,False
1323,7168,4224,False,torch.bfloat16,torch.bfloat16,False,False
1327,7168,4224,False,torch.bfloat16,torch.bfloat16,False,False
1335,7168,4224,False,torch.bfloat16,torch.bfloat16,False,False
1337,7168,4224,False,torch.bfloat16,torch.bfloat16,False,False
1339,7168,4224,False,torch.bfloat16,torch.bfloat16,False,False
1345,7168,4224,False,torch.bfloat16,torch.bfloat16,False,False
1346,7168,4224,False,torch.bfloat16,torch.bfloat16,False,False
1350,7168,4224,False,torch.bfloat16,torch.bfloat16,False,False
1356,7168,4224,False,torch.bfloat16,torch.bfloat16,False,False
1360,7168,4224,False,torch.bfloat16,torch.bfloat16,False,False
1370,7168,4224,False,torch.bfloat16,torch.bfloat16,False,False
1371,7168,4224,False,torch.bfloat16,torch.bfloat16,False,False
1374,7168,4224,False,torch.bfloat16,torch.bfloat16,False,False
1376,7168,4224,False,torch.bfloat16,torch.bfloat16,False,False
1377,7168,4224,False,torch.bfloat16,torch.bfloat16,False,False
1390,7168,4224,False,torch.bfloat16,torch.bfloat16,False,False
1407,7168,4224,False,torch.bfloat16,torch.bfloat16,False,False
1417,7168,4224,False,torch.bfloat16,torch.bfloat16,False,False
1422,7168,4224,False,torch.bfloat16,torch.bfloat16,False,False
1423,7168,4224,False,torch.bfloat16,torch.bfloat16,False,False
1426,7168,4224,False,torch.bfloat16,torch.bfloat16,False,False
1434,7168,4224,False,torch.bfloat16,torch.bfloat16,False,False
1437,7168,4224,False,torch.bfloat16,torch.bfloat16,False,False
1444,7168,4224,False,torch.bfloat16,torch.bfloat16,False,False
1445,7168,4224,False,torch.bfloat16,torch.bfloat16,False,False
1446,7168,4224,False,torch.bfloat16,torch.bfloat16,False,False
1448,7168,4224,False,torch.bfloat16,torch.bfloat16,False,False
1450,7168,4224,False,torch.bfloat16,torch.bfloat16,False,False
1451,7168,4224,False,torch.bfloat16,torch.bfloat16,False,False
1454,7168,4224,False,torch.bfloat16,torch.bfloat16,False,False
1459,7168,4224,False,torch.bfloat16,torch.bfloat16,False,False
1461,7168,4224,False,torch.bfloat16,torch.bfloat16,False,False
1462,7168,4224,False,torch.bfloat16,torch.bfloat16,False,False
1463,7168,4224,False,torch.bfloat16,torch.bfloat16,False,False
1466,7168,4224,False,torch.bfloat16,torch.bfloat16,False,False
1478,7168,4224,False,torch.bfloat16,torch.bfloat16,False,False
1485,7168,4224,False,torch.bfloat16,torch.bfloat16,False,False
1487,7168,4224,False,torch.bfloat16,torch.bfloat16,False,False
1489,7168,4224,False,torch.bfloat16,torch.bfloat16,False,False
1497,7168,4224,False,torch.bfloat16,torch.bfloat16,False,False
1498,7168,4224,False,torch.bfloat16,torch.bfloat16,False,False
1499,7168,4224,False,torch.bfloat16,torch.bfloat16,False,False
1500,7168,4224,False,torch.bfloat16,torch.bfloat16,False,False
1501,7168,4224,False,torch.bfloat16,torch.bfloat16,False,False
1502,7168,4224,False,torch.bfloat16,torch.bfloat16,False,False
1504,7168,4224,False,torch.bfloat16,torch.bfloat16,False,False
1506,7168,4224,False,torch.bfloat16,torch.bfloat16,False,False
1509,7168,4224,False,torch.bfloat16,torch.bfloat16,False,False
1510,7168,4224,False,torch.bfloat16,torch.bfloat16,False,False
1513,7168,4224,False,torch.bfloat16,torch.bfloat16,False,False
1518,7168,4224,False,torch.bfloat16,torch.bfloat16,False,False
1522,7168,4224,False,torch.bfloat16,torch.bfloat16,False,False
1525,7168,4224,False,torch.bfloat16,torch.bfloat16,False,False
1532,7168,4224,False,torch.bfloat16,torch.bfloat16,False,False
1534,7168,4224,False,torch.bfloat16,torch.bfloat16,False,False
1536,7168,4224,False,torch.bfloat16,torch.bfloat16,False,False
1537,7168,4224,False,torch.bfloat16,torch.bfloat16,False,False
1538,7168,4224,False,torch.bfloat16,torch.bfloat16,False,False
1539,7168,4224,False,torch.bfloat16,torch.bfloat16,False,False
1540,7168,4224,False,torch.bfloat16,torch.bfloat16,False,False
1541,7168,4224,False,torch.bfloat16,torch.bfloat16,False,False
1542,7168,4224,False,torch.bfloat16,torch.bfloat16,False,False
1543,7168,4224,False,torch.bfloat16,torch.bfloat16,False,False
1544,7168,4224,False,torch.bfloat16,torch.bfloat16,False,False
1545,7168,4224,False,torch.bfloat16,torch.bfloat16,False,False
1546,7168,4224,False,torch.bfloat16,torch.bfloat16,False,False
1547,7168,4224,False,torch.bfloat16,torch.bfloat16,False,False
1548,7168,4224,False,torch.bfloat16,torch.bfloat16,False,False
1733,7168,4224,False,torch.bfloat16,torch.bfloat16,False,False
2003,7168,4224,False,torch.bfloat16,torch.bfloat16,False,False
2131,7168,4224,False,torch.bfloat16,torch.bfloat16,False,False
2149,7168,4224,False,torch.bfloat16,torch.bfloat16,False,False
2328,7168,4224,False,torch.bfloat16,torch.bfloat16,False,False
2420,7168,4224,False,torch.bfloat16,torch.bfloat16,False,False
2563,7168,4224,False,torch.bfloat16,torch.bfloat16,False,False
2593,7168,4224,False,torch.bfloat16,torch.bfloat16,False,False
2625,7168,4224,False,torch.bfloat16,torch.bfloat16,False,False
2633,7168,4224,False,torch.bfloat16,torch.bfloat16,False,False
2641,7168,4224,False,torch.bfloat16,torch.bfloat16,False,False
2645,7168,4224,False,torch.bfloat16,torch.bfloat16,False,False
2682,7168,4224,False,torch.bfloat16,torch.bfloat16,False,False
2711,7168,4224,False,torch.bfloat16,torch.bfloat16,False,False
2723,7168,4224,False,torch.bfloat16,torch.bfloat16,False,False
2733,7168,4224,False,torch.bfloat16,torch.bfloat16,False,False
2738,7168,4224,False,torch.bfloat16,torch.bfloat16,False,False
2741,7168,4224,False,torch.bfloat16,torch.bfloat16,False,False
2745,7168,4224,False,torch.bfloat16,torch.bfloat16,False,False
2747,7168,4224,False,torch.bfloat16,torch.bfloat16,False,False
2761,7168,4224,False,torch.bfloat16,torch.bfloat16,False,False
2765,7168,4224,False,torch.bfloat16,torch.bfloat16,False,False
2773,7168,4224,False,torch.bfloat16,torch.bfloat16,False,False
2778,7168,4224,False,torch.bfloat16,torch.bfloat16,False,False
2810,7168,4224,False,torch.bfloat16,torch.bfloat16,False,False
2814,7168,4224,False,torch.bfloat16,torch.bfloat16,False,False
2825,7168,4224,False,torch.bfloat16,torch.bfloat16,False,False
2826,7168,4224,False,torch.bfloat16,torch.bfloat16,False,False
2852,7168,4224,False,torch.bfloat16,torch.bfloat16,False,False
2855,7168,4224,False,torch.bfloat16,torch.bfloat16,False,False
2856,7168,4224,False,torch.bfloat16,torch.bfloat16,False,False
2867,7168,4224,False,torch.bfloat16,torch.bfloat16,False,False
2870,7168,4224,False,torch.bfloat16,torch.bfloat16,False,False
2873,7168,4224,False,torch.bfloat16,torch.bfloat16,False,False
2874,7168,4224,False,torch.bfloat16,torch.bfloat16,False,False
2877,7168,4224,False,torch.bfloat16,torch.bfloat16,False,False
2883,7168,4224,False,torch.bfloat16,torch.bfloat16,False,False
2898,7168,4224,False,torch.bfloat16,torch.bfloat16,False,False
2921,7168,4224,False,torch.bfloat16,torch.bfloat16,False,False
2926,7168,4224,False,torch.bfloat16,torch.bfloat16,False,False
2930,7168,4224,False,torch.bfloat16,torch.bfloat16,False,False
2934,7168,4224,False,torch.bfloat16,torch.bfloat16,False,False
2937,7168,4224,False,torch.bfloat16,torch.bfloat16,False,False
2938,7168,4224,False,torch.bfloat16,torch.bfloat16,False,False
2943,7168,4224,False,torch.bfloat16,torch.bfloat16,False,False
2955,7168,4224,False,torch.bfloat16,torch.bfloat16,False,False
2958,7168,4224,False,torch.bfloat16,torch.bfloat16,False,False
2965,7168,4224,False,torch.bfloat16,torch.bfloat16,False,False
2969,7168,4224,False,torch.bfloat16,torch.bfloat16,False,False
2970,7168,4224,False,torch.bfloat16,torch.bfloat16,False,False
2973,7168,4224,False,torch.bfloat16,torch.bfloat16,False,False
2986,7168,4224,False,torch.bfloat16,torch.bfloat16,False,False
3005,7168,4224,False,torch.bfloat16,torch.bfloat16,False,False
3006,7168,4224,False,torch.bfloat16,torch.bfloat16,False,False
3010,7168,4224,False,torch.bfloat16,torch.bfloat16,False,False
3013,7168,4224,False,torch.bfloat16,torch.bfloat16,False,False
3017,7168,4224,False,torch.bfloat16,torch.bfloat16,False,False
3038,7168,4224,False,torch.bfloat16,torch.bfloat16,False,False
3049,7168,4224,False,torch.bfloat16,torch.bfloat16,False,False
3050,7168,4224,False,torch.bfloat16,torch.bfloat16,False,False
3052,7168,4224,False,torch.bfloat16,torch.bfloat16,False,False
3055,7168,4224,False,torch.bfloat16,torch.bfloat16,False,False
3070,7168,4224,False,torch.bfloat16,torch.bfloat16,False,False
3072,7168,4224,False,torch.bfloat16,torch.bfloat16,False,False
3073,7168,4224,False,torch.bfloat16,torch.bfloat16,False,False
3074,7168,4224,False,torch.bfloat16,torch.bfloat16,False,False
3075,7168,4224,False,torch.bfloat16,torch.bfloat16,False,False
3076,7168,4224,False,torch.bfloat16,torch.bfloat16,False,False
3077,7168,4224,False,torch.bfloat16,torch.bfloat16,False,False
3078,7168,4224,False,torch.bfloat16,torch.bfloat16,False,False
3079,7168,4224,False,torch.bfloat16,torch.bfloat16,False,False
3080,7168,4224,False,torch.bfloat16,torch.bfloat16,False,False
3081,7168,4224,False,torch.bfloat16,torch.bfloat16,False,False
3082,7168,4224,False,torch.bfloat16,torch.bfloat16,False,False
3083,7168,4224,False,torch.bfloat16,torch.bfloat16,False,False
3084,7168,4224,False,torch.bfloat16,torch.bfloat16,False,False
3102,7168,4224,False,torch.bfloat16,torch.bfloat16,False,False
3110,7168,4224,False,torch.bfloat16,torch.bfloat16,False,False
3125,7168,4224,False,torch.bfloat16,torch.bfloat16,False,False
3127,7168,4224,False,torch.bfloat16,torch.bfloat16,False,False
3128,7168,4224,False,torch.bfloat16,torch.bfloat16,False,False
3129,7168,4224,False,torch.bfloat16,torch.bfloat16,False,False
3130,7168,4224,False,torch.bfloat16,torch.bfloat16,False,False
3133,7168,4224,False,torch.bfloat16,torch.bfloat16,False,False
3150,7168,4224,False,torch.bfloat16,torch.bfloat16,False,False
3166,7168,4224,False,torch.bfloat16,torch.bfloat16,False,False
3185,7168,4224,False,torch.bfloat16,torch.bfloat16,False,False
3188,7168,4224,False,torch.bfloat16,torch.bfloat16,False,False
3207,7168,4224,False,torch.bfloat16,torch.bfloat16,False,False
3218,7168,4224,False,torch.bfloat16,torch.bfloat16,False,False
3225,7168,4224,False,torch.bfloat16,torch.bfloat16,False,False
3228,7168,4224,False,torch.bfloat16,torch.bfloat16,False,False
3229,7168,4224,False,torch.bfloat16,torch.bfloat16,False,False
3232,7168,4224,False,torch.bfloat16,torch.bfloat16,False,False
3245,7168,4224,False,torch.bfloat16,torch.bfloat16,False,False
3247,7168,4224,False,torch.bfloat16,torch.bfloat16,False,False
3255,7168,4224,False,torch.bfloat16,torch.bfloat16,False,False
3260,7168,4224,False,torch.bfloat16,torch.bfloat16,False,False
3265,7168,4224,False,torch.bfloat16,torch.bfloat16,False,False
3276,7168,4224,False,torch.bfloat16,torch.bfloat16,False,False
3295,7168,4224,False,torch.bfloat16,torch.bfloat16,False,False
3311,7168,4224,False,torch.bfloat16,torch.bfloat16,False,False
3323,7168,4224,False,torch.bfloat16,torch.bfloat16,False,False
3328,7168,4224,False,torch.bfloat16,torch.bfloat16,False,False
3344,7168,4224,False,torch.bfloat16,torch.bfloat16,False,False
3346,7168,4224,False,torch.bfloat16,torch.bfloat16,False,False
3349,7168,4224,False,torch.bfloat16,torch.bfloat16,False,False
3351,7168,4224,False,torch.bfloat16,torch.bfloat16,False,False
3372,7168,4224,False,torch.bfloat16,torch.bfloat16,False,False
3382,7168,4224,False,torch.bfloat16,torch.bfloat16,False,False
3398,7168,4224,False,torch.bfloat16,torch.bfloat16,False,False
3404,7168,4224,False,torch.bfloat16,torch.bfloat16,False,False
3420,7168,4224,False,torch.bfloat16,torch.bfloat16,False,False
3424,7168,4224,False,torch.bfloat16,torch.bfloat16,False,False
3426,7168,4224,False,torch.bfloat16,torch.bfloat16,False,False
3438,7168,4224,False,torch.bfloat16,torch.bfloat16,False,False
3444,7168,4224,False,torch.bfloat16,torch.bfloat16,False,False
3446,7168,4224,False,torch.bfloat16,torch.bfloat16,False,False
3449,7168,4224,False,torch.bfloat16,torch.bfloat16,False,False
3456,7168,4224,False,torch.bfloat16,torch.bfloat16,False,False
3469,7168,4224,False,torch.bfloat16,torch.bfloat16,False,False
3470,7168,4224,False,torch.bfloat16,torch.bfloat16,False,False
3478,7168,4224,False,torch.bfloat16,torch.bfloat16,False,False
3479,7168,4224,False,torch.bfloat16,torch.bfloat16,False,False
3496,7168,4224,False,torch.bfloat16,torch.bfloat16,False,False
3497,7168,4224,False,torch.bfloat16,torch.bfloat16,False,False
3510,7168,4224,False,torch.bfloat16,torch.bfloat16,False,False
3515,7168,4224,False,torch.bfloat16,torch.bfloat16,False,False
3520,7168,4224,False,torch.bfloat16,torch.bfloat16,False,False
3525,7168,4224,False,torch.bfloat16,torch.bfloat16,False,False
3553,7168,4224,False,torch.bfloat16,torch.bfloat16,False,False
3558,7168,4224,False,torch.bfloat16,torch.bfloat16,False,False
3561,7168,4224,False,torch.bfloat16,torch.bfloat16,False,False
3589,7168,4224,False,torch.bfloat16,torch.bfloat16,False,False
3592,7168,4224,False,torch.bfloat16,torch.bfloat16,False,False
3600,7168,4224,False,torch.bfloat16,torch.bfloat16,False,False
3611,7168,4224,False,torch.bfloat16,torch.bfloat16,False,False
3612,7168,4224,False,torch.bfloat16,torch.bfloat16,False,False
3630,7168,4224,False,torch.bfloat16,torch.bfloat16,False,False
3635,7168,4224,False,torch.bfloat16,torch.bfloat16,False,False
3642,7168,4224,False,torch.bfloat16,torch.bfloat16,False,False
3643,7168,4224,False,torch.bfloat16,torch.bfloat16,False,False
3672,7168,4224,False,torch.bfloat16,torch.bfloat16,False,False
3680,7168,4224,False,torch.bfloat16,torch.bfloat16,False,False
3689,7168,4224,False,torch.bfloat16,torch.bfloat16,False,False
3691,7168,4224,False,torch.bfloat16,torch.bfloat16,False,False
3693,7168,4224,False,torch.bfloat16,torch.bfloat16,False,False
3701,7168,4224,False,torch.bfloat16,torch.bfloat16,False,False
3704,7168,4224,False,torch.bfloat16,torch.bfloat16,False,False
3711,7168,4224,False,torch.bfloat16,torch.bfloat16,False,False
3715,7168,4224,False,torch.bfloat16,torch.bfloat16,False,False
3718,7168,4224,False,torch.bfloat16,torch.bfloat16,False,False
3724,7168,4224,False,torch.bfloat16,torch.bfloat16,False,False
3737,7168,4224,False,torch.bfloat16,torch.bfloat16,False,False
3740,7168,4224,False,torch.bfloat16,torch.bfloat16,False,False
3741,7168,4224,False,torch.bfloat16,torch.bfloat16,False,False
3742,7168,4224,False,torch.bfloat16,torch.bfloat16,False,False
3762,7168,4224,False,torch.bfloat16,torch.bfloat16,False,False
3766,7168,4224,False,torch.bfloat16,torch.bfloat16,False,False
3767,7168,4224,False,torch.bfloat16,torch.bfloat16,False,False
3768,7168,4224,False,torch.bfloat16,torch.bfloat16,False,False
3770,7168,4224,False,torch.bfloat16,torch.bfloat16,False,False
3774,7168,4224,False,torch.bfloat16,torch.bfloat16,False,False
3777,7168,4224,False,torch.bfloat16,torch.bfloat16,False,False
3781,7168,4224,False,torch.bfloat16,torch.bfloat16,False,False
3807,7168,4224,False,torch.bfloat16,torch.bfloat16,False,False
3808,7168,4224,False,torch.bfloat16,torch.bfloat16,False,False
3810,7168,4224,False,torch.bfloat16,torch.bfloat16,False,False
3816,7168,4224,False,torch.bfloat16,torch.bfloat16,False,False
3818,7168,4224,False,torch.bfloat16,torch.bfloat16,False,False
3848,7168,4224,False,torch.bfloat16,torch.bfloat16,False,False
3849,7168,4224,False,torch.bfloat16,torch.bfloat16,False,False
3853,7168,4224,False,torch.bfloat16,torch.bfloat16,False,False
3863,7168,4224,False,torch.bfloat16,torch.bfloat16,False,False
3882,7168,4224,False,torch.bfloat16,torch.bfloat16,False,False
3897,7168,4224,False,torch.bfloat16,torch.bfloat16,False,False
3904,7168,4224,False,torch.bfloat16,torch.bfloat16,False,False
3908,7168,4224,False,torch.bfloat16,torch.bfloat16,False,False
3928,7168,4224,False,torch.bfloat16,torch.bfloat16,False,False
3935,7168,4224,False,torch.bfloat16,torch.bfloat16,False,False
3938,7168,4224,False,torch.bfloat16,torch.bfloat16,False,False
3945,7168,4224,False,torch.bfloat16,torch.bfloat16,False,False
3955,7168,4224,False,torch.bfloat16,torch.bfloat16,False,False
3965,7168,4224,False,torch.bfloat16,torch.bfloat16,False,False
3966,7168,4224,False,torch.bfloat16,torch.bfloat16,False,False
3967,7168,4224,False,torch.bfloat16,torch.bfloat16,False,False
3968,7168,4224,False,torch.bfloat16,torch.bfloat16,False,False
3988,7168,4224,False,torch.bfloat16,torch.bfloat16,False,False
3990,7168,4224,False,torch.bfloat16,torch.bfloat16,False,False
3999,7168,4224,False,torch.bfloat16,torch.bfloat16,False,False
4000,7168,4224,False,torch.bfloat16,torch.bfloat16,False,False
4014,7168,4224,False,torch.bfloat16,torch.bfloat16,False,False
4017,7168,4224,False,torch.bfloat16,torch.bfloat16,False,False
4019,7168,4224,False,torch.bfloat16,torch.bfloat16,False,False
4031,7168,4224,False,torch.bfloat16,torch.bfloat16,False,False
4047,7168,4224,False,torch.bfloat16,torch.bfloat16,False,False
4054,7168,4224,False,torch.bfloat16,torch.bfloat16,False,False
4061,7168,4224,False,torch.bfloat16,torch.bfloat16,False,False
4070,7168,4224,False,torch.bfloat16,torch.bfloat16,False,False
4087,7168,4224,False,torch.bfloat16,torch.bfloat16,False,False
4096,7168,4224,False,torch.bfloat16,torch.bfloat16,False,False
1025,8448,7168,False,torch.bfloat16,torch.bfloat16,False,False
1026,8448,7168,False,torch.bfloat16,torch.bfloat16,False,False
1029,8448,7168,False,torch.bfloat16,torch.bfloat16,False,False
1052,8448,7168,False,torch.bfloat16,torch.bfloat16,False,False
1053,8448,7168,False,torch.bfloat16,torch.bfloat16,False,False
1059,8448,7168,False,torch.bfloat16,torch.bfloat16,False,False
1060,8448,7168,False,torch.bfloat16,torch.bfloat16,False,False
1069,8448,7168,False,torch.bfloat16,torch.bfloat16,False,False
1073,8448,7168,False,torch.bfloat16,torch.bfloat16,False,False
1076,8448,7168,False,torch.bfloat16,torch.bfloat16,False,False
1081,8448,7168,False,torch.bfloat16,torch.bfloat16,False,False
1082,8448,7168,False,torch.bfloat16,torch.bfloat16,False,False
1083,8448,7168,False,torch.bfloat16,torch.bfloat16,False,False
1084,8448,7168,False,torch.bfloat16,torch.bfloat16,False,False
1085,8448,7168,False,torch.bfloat16,torch.bfloat16,False,False
1086,8448,7168,False,torch.bfloat16,torch.bfloat16,False,False
1089,8448,7168,False,torch.bfloat16,torch.bfloat16,False,False
1097,8448,7168,False,torch.bfloat16,torch.bfloat16,False,False
1100,8448,7168,False,torch.bfloat16,torch.bfloat16,False,False
1126,8448,7168,False,torch.bfloat16,torch.bfloat16,False,False
1127,8448,7168,False,torch.bfloat16,torch.bfloat16,False,False
1128,8448,7168,False,torch.bfloat16,torch.bfloat16,False,False
1133,8448,7168,False,torch.bfloat16,torch.bfloat16,False,False
1134,8448,7168,False,torch.bfloat16,torch.bfloat16,False,False
1140,8448,7168,False,torch.bfloat16,torch.bfloat16,False,False
1141,8448,7168,False,torch.bfloat16,torch.bfloat16,False,False
1143,8448,7168,False,torch.bfloat16,torch.bfloat16,False,False
1150,8448,7168,False,torch.bfloat16,torch.bfloat16,False,False
1151,8448,7168,False,torch.bfloat16,torch.bfloat16,False,False
1155,8448,7168,False,torch.bfloat16,torch.bfloat16,False,False
1156,8448,7168,False,torch.bfloat16,torch.bfloat16,False,False
1164,8448,7168,False,torch.bfloat16,torch.bfloat16,False,False
1166,8448,7168,False,torch.bfloat16,torch.bfloat16,False,False
1175,8448,7168,False,torch.bfloat16,torch.bfloat16,False,False
1177,8448,7168,False,torch.bfloat16,torch.bfloat16,False,False
1180,8448,7168,False,torch.bfloat16,torch.bfloat16,False,False
1181,8448,7168,False,torch.bfloat16,torch.bfloat16,False,False
1191,8448,7168,False,torch.bfloat16,torch.bfloat16,False,False
1193,8448,7168,False,torch.bfloat16,torch.bfloat16,False,False
1208,8448,7168,False,torch.bfloat16,torch.bfloat16,False,False
1209,8448,7168,False,torch.bfloat16,torch.bfloat16,False,False
1213,8448,7168,False,torch.bfloat16,torch.bfloat16,False,False
1215,8448,7168,False,torch.bfloat16,torch.bfloat16,False,False
1216,8448,7168,False,torch.bfloat16,torch.bfloat16,False,False
1217,8448,7168,False,torch.bfloat16,torch.bfloat16,False,False
1221,8448,7168,False,torch.bfloat16,torch.bfloat16,False,False
1228,8448,7168,False,torch.bfloat16,torch.bfloat16,False,False
1234,8448,7168,False,torch.bfloat16,torch.bfloat16,False,False
1236,8448,7168,False,torch.bfloat16,torch.bfloat16,False,False
1251,8448,7168,False,torch.bfloat16,torch.bfloat16,False,False
1252,8448,7168,False,torch.bfloat16,torch.bfloat16,False,False
1253,8448,7168,False,torch.bfloat16,torch.bfloat16,False,False
1259,8448,7168,False,torch.bfloat16,torch.bfloat16,False,False
1262,8448,7168,False,torch.bfloat16,torch.bfloat16,False,False
1270,8448,7168,False,torch.bfloat16,torch.bfloat16,False,False
1276,8448,7168,False,torch.bfloat16,torch.bfloat16,False,False
1279,8448,7168,False,torch.bfloat16,torch.bfloat16,False,False
1284,8448,7168,False,torch.bfloat16,torch.bfloat16,False,False
1288,8448,7168,False,torch.bfloat16,torch.bfloat16,False,False
1291,8448,7168,False,torch.bfloat16,torch.bfloat16,False,False
1293,8448,7168,False,torch.bfloat16,torch.bfloat16,False,False
1302,8448,7168,False,torch.bfloat16,torch.bfloat16,False,False
1304,8448,7168,False,torch.bfloat16,torch.bfloat16,False,False
1305,8448,7168,False,torch.bfloat16,torch.bfloat16,False,False
1308,8448,7168,False,torch.bfloat16,torch.bfloat16,False,False
1311,8448,7168,False,torch.bfloat16,torch.bfloat16,False,False
1314,8448,7168,False,torch.bfloat16,torch.bfloat16,False,False
1315,8448,7168,False,torch.bfloat16,torch.bfloat16,False,False
1316,8448,7168,False,torch.bfloat16,torch.bfloat16,False,False
1321,8448,7168,False,torch.bfloat16,torch.bfloat16,False,False
1323,8448,7168,False,torch.bfloat16,torch.bfloat16,False,False
1327,8448,7168,False,torch.bfloat16,torch.bfloat16,False,False
1335,8448,7168,False,torch.bfloat16,torch.bfloat16,False,False
1337,8448,7168,False,torch.bfloat16,torch.bfloat16,False,False
1339,8448,7168,False,torch.bfloat16,torch.bfloat16,False,False
1345,8448,7168,False,torch.bfloat16,torch.bfloat16,False,False
1346,8448,7168,False,torch.bfloat16,torch.bfloat16,False,False
1350,8448,7168,False,torch.bfloat16,torch.bfloat16,False,False
1356,8448,7168,False,torch.bfloat16,torch.bfloat16,False,False
1360,8448,7168,False,torch.bfloat16,torch.bfloat16,False,False
1370,8448,7168,False,torch.bfloat16,torch.bfloat16,False,False
1371,8448,7168,False,torch.bfloat16,torch.bfloat16,False,False
1374,8448,7168,False,torch.bfloat16,torch.bfloat16,False,False
1376,8448,7168,False,torch.bfloat16,torch.bfloat16,False,False
1377,8448,7168,False,torch.bfloat16,torch.bfloat16,False,False
1390,8448,7168,False,torch.bfloat16,torch.bfloat16,False,False
1407,8448,7168,False,torch.bfloat16,torch.bfloat16,False,False
1417,8448,7168,False,torch.bfloat16,torch.bfloat16,False,False
1422,8448,7168,False,torch.bfloat16,torch.bfloat16,False,False
1423,8448,7168,False,torch.bfloat16,torch.bfloat16,False,False
1426,8448,7168,False,torch.bfloat16,torch.bfloat16,False,False
1434,8448,7168,False,torch.bfloat16,torch.bfloat16,False,False
1437,8448,7168,False,torch.bfloat16,torch.bfloat16,False,False
1444,8448,7168,False,torch.bfloat16,torch.bfloat16,False,False
1445,8448,7168,False,torch.bfloat16,torch.bfloat16,False,False
1446,8448,7168,False,torch.bfloat16,torch.bfloat16,False,False
1448,8448,7168,False,torch.bfloat16,torch.bfloat16,False,False
1450,8448,7168,False,torch.bfloat16,torch.bfloat16,False,False
1451,8448,7168,False,torch.bfloat16,torch.bfloat16,False,False
1454,8448,7168,False,torch.bfloat16,torch.bfloat16,False,False
1459,8448,7168,False,torch.bfloat16,torch.bfloat16,False,False
1461,8448,7168,False,torch.bfloat16,torch.bfloat16,False,False
1462,8448,7168,False,torch.bfloat16,torch.bfloat16,False,False
1463,8448,7168,False,torch.bfloat16,torch.bfloat16,False,False
1466,8448,7168,False,torch.bfloat16,torch.bfloat16,False,False
1478,8448,7168,False,torch.bfloat16,torch.bfloat16,False,False
1485,8448,7168,False,torch.bfloat16,torch.bfloat16,False,False
1487,8448,7168,False,torch.bfloat16,torch.bfloat16,False,False
1489,8448,7168,False,torch.bfloat16,torch.bfloat16,False,False
1497,8448,7168,False,torch.bfloat16,torch.bfloat16,False,False
1498,8448,7168,False,torch.bfloat16,torch.bfloat16,False,False
1499,8448,7168,False,torch.bfloat16,torch.bfloat16,False,False
1500,8448,7168,False,torch.bfloat16,torch.bfloat16,False,False
1501,8448,7168,False,torch.bfloat16,torch.bfloat16,False,False
1502,8448,7168,False,torch.bfloat16,torch.bfloat16,False,False
1504,8448,7168,False,torch.bfloat16,torch.bfloat16,False,False
1506,8448,7168,False,torch.bfloat16,torch.bfloat16,False,False
1509,8448,7168,False,torch.bfloat16,torch.bfloat16,False,False
1510,8448,7168,False,torch.bfloat16,torch.bfloat16,False,False
1513,8448,7168,False,torch.bfloat16,torch.bfloat16,False,False
1518,8448,7168,False,torch.bfloat16,torch.bfloat16,False,False
1522,8448,7168,False,torch.bfloat16,torch.bfloat16,False,False
1525,8448,7168,False,torch.bfloat16,torch.bfloat16,False,False
1532,8448,7168,False,torch.bfloat16,torch.bfloat16,False,False
1534,8448,7168,False,torch.bfloat16,torch.bfloat16,False,False
1536,8448,7168,False,torch.bfloat16,torch.bfloat16,False,False
1537,8448,7168,False,torch.bfloat16,torch.bfloat16,False,False
1538,8448,7168,False,torch.bfloat16,torch.bfloat16,False,False
1539,8448,7168,False,torch.bfloat16,torch.bfloat16,False,False
1540,8448,7168,False,torch.bfloat16,torch.bfloat16,False,False
1541,8448,7168,False,torch.bfloat16,torch.bfloat16,False,False
1542,8448,7168,False,torch.bfloat16,torch.bfloat16,False,False
1543,8448,7168,False,torch.bfloat16,torch.bfloat16,False,False
1544,8448,7168,False,torch.bfloat16,torch.bfloat16,False,False
1545,8448,7168,False,torch.bfloat16,torch.bfloat16,False,False
1546,8448,7168,False,torch.bfloat16,torch.bfloat16,False,False
1547,8448,7168,False,torch.bfloat16,torch.bfloat16,False,False
1548,8448,7168,False,torch.bfloat16,torch.bfloat16,False,False
1733,8448,7168,False,torch.bfloat16,torch.bfloat16,False,False
2003,8448,7168,False,torch.bfloat16,torch.bfloat16,False,False
2131,8448,7168,False,torch.bfloat16,torch.bfloat16,False,False
2149,8448,7168,False,torch.bfloat16,torch.bfloat16,False,False
2328,8448,7168,False,torch.bfloat16,torch.bfloat16,False,False
2420,8448,7168,False,torch.bfloat16,torch.bfloat16,False,False
2563,8448,7168,False,torch.bfloat16,torch.bfloat16,False,False
2593,8448,7168,False,torch.bfloat16,torch.bfloat16,False,False
2625,8448,7168,False,torch.bfloat16,torch.bfloat16,False,False
2633,8448,7168,False,torch.bfloat16,torch.bfloat16,False,False
2641,8448,7168,False,torch.bfloat16,torch.bfloat16,False,False
2645,8448,7168,False,torch.bfloat16,torch.bfloat16,False,False
2682,8448,7168,False,torch.bfloat16,torch.bfloat16,False,False
2711,8448,7168,False,torch.bfloat16,torch.bfloat16,False,False
2723,8448,7168,False,torch.bfloat16,torch.bfloat16,False,False
2733,8448,7168,False,torch.bfloat16,torch.bfloat16,False,False
2738,8448,7168,False,torch.bfloat16,torch.bfloat16,False,False
2741,8448,7168,False,torch.bfloat16,torch.bfloat16,False,False
2745,8448,7168,False,torch.bfloat16,torch.bfloat16,False,False
2747,8448,7168,False,torch.bfloat16,torch.bfloat16,False,False
2761,8448,7168,False,torch.bfloat16,torch.bfloat16,False,False
2765,8448,7168,False,torch.bfloat16,torch.bfloat16,False,False
2773,8448,7168,False,torch.bfloat16,torch.bfloat16,False,False
2778,8448,7168,False,torch.bfloat16,torch.bfloat16,False,False
2810,8448,7168,False,torch.bfloat16,torch.bfloat16,False,False
2814,8448,7168,False,torch.bfloat16,torch.bfloat16,False,False
2825,8448,7168,False,torch.bfloat16,torch.bfloat16,False,False
2826,8448,7168,False,torch.bfloat16,torch.bfloat16,False,False
2852,8448,7168,False,torch.bfloat16,torch.bfloat16,False,False
2855,8448,7168,False,torch.bfloat16,torch.bfloat16,False,False
2856,8448,7168,False,torch.bfloat16,torch.bfloat16,False,False
2867,8448,7168,False,torch.bfloat16,torch.bfloat16,False,False
2870,8448,7168,False,torch.bfloat16,torch.bfloat16,False,False
2873,8448,7168,False,torch.bfloat16,torch.bfloat16,False,False
2874,8448,7168,False,torch.bfloat16,torch.bfloat16,False,False
2877,8448,7168,False,torch.bfloat16,torch.bfloat16,False,False
2883,8448,7168,False,torch.bfloat16,torch.bfloat16,False,False
2898,8448,7168,False,torch.bfloat16,torch.bfloat16,False,False
2921,8448,7168,False,torch.bfloat16,torch.bfloat16,False,False
2926,8448,7168,False,torch.bfloat16,torch.bfloat16,False,False
2930,8448,7168,False,torch.bfloat16,torch.bfloat16,False,False
2934,8448,7168,False,torch.bfloat16,torch.bfloat16,False,False
2937,8448,7168,False,torch.bfloat16,torch.bfloat16,False,False
2938,8448,7168,False,torch.bfloat16,torch.bfloat16,False,False
2943,8448,7168,False,torch.bfloat16,torch.bfloat16,False,False
2955,8448,7168,False,torch.bfloat16,torch.bfloat16,False,False
2958,8448,7168,False,torch.bfloat16,torch.bfloat16,False,False
2965,8448,7168,False,torch.bfloat16,torch.bfloat16,False,False
2969,8448,7168,False,torch.bfloat16,torch.bfloat16,False,False
2970,8448,7168,False,torch.bfloat16,torch.bfloat16,False,False
2973,8448,7168,False,torch.bfloat16,torch.bfloat16,False,False
2986,8448,7168,False,torch.bfloat16,torch.bfloat16,False,False
3005,8448,7168,False,torch.bfloat16,torch.bfloat16,False,False
3006,8448,7168,False,torch.bfloat16,torch.bfloat16,False,False
3010,8448,7168,False,torch.bfloat16,torch.bfloat16,False,False
3013,8448,7168,False,torch.bfloat16,torch.bfloat16,False,False
3017,8448,7168,False,torch.bfloat16,torch.bfloat16,False,False
3038,8448,7168,False,torch.bfloat16,torch.bfloat16,False,False
3049,8448,7168,False,torch.bfloat16,torch.bfloat16,False,False
3050,8448,7168,False,torch.bfloat16,torch.bfloat16,False,False
3052,8448,7168,False,torch.bfloat16,torch.bfloat16,False,False
3055,8448,7168,False,torch.bfloat16,torch.bfloat16,False,False
3070,8448,7168,False,torch.bfloat16,torch.bfloat16,False,False
3072,8448,7168,False,torch.bfloat16,torch.bfloat16,False,False
3073,8448,7168,False,torch.bfloat16,torch.bfloat16,False,False
3074,8448,7168,False,torch.bfloat16,torch.bfloat16,False,False
3075,8448,7168,False,torch.bfloat16,torch.bfloat16,False,False
3076,8448,7168,False,torch.bfloat16,torch.bfloat16,False,False
3077,8448,7168,False,torch.bfloat16,torch.bfloat16,False,False
3078,8448,7168,False,torch.bfloat16,torch.bfloat16,False,False
3079,8448,7168,False,torch.bfloat16,torch.bfloat16,False,False
3080,8448,7168,False,torch.bfloat16,torch.bfloat16,False,False
3081,8448,7168,False,torch.bfloat16,torch.bfloat16,False,False
3082,8448,7168,False,torch.bfloat16,torch.bfloat16,False,False
3083,8448,7168,False,torch.bfloat16,torch.bfloat16,False,False
3084,8448,7168,False,torch.bfloat16,torch.bfloat16,False,False
3102,8448,7168,False,torch.bfloat16,torch.bfloat16,False,False
3110,8448,7168,False,torch.bfloat16,torch.bfloat16,False,False
3125,8448,7168,False,torch.bfloat16,torch.bfloat16,False,False
3127,8448,7168,False,torch.bfloat16,torch.bfloat16,False,False
3128,8448,7168,False,torch.bfloat16,torch.bfloat16,False,False
3129,8448,7168,False,torch.bfloat16,torch.bfloat16,False,False
3130,8448,7168,False,torch.bfloat16,torch.bfloat16,False,False
3133,8448,7168,False,torch.bfloat16,torch.bfloat16,False,False
3150,8448,7168,False,torch.bfloat16,torch.bfloat16,False,False
3166,8448,7168,False,torch.bfloat16,torch.bfloat16,False,False
3185,8448,7168,False,torch.bfloat16,torch.bfloat16,False,False
3188,8448,7168,False,torch.bfloat16,torch.bfloat16,False,False
3207,8448,7168,False,torch.bfloat16,torch.bfloat16,False,False
3218,8448,7168,False,torch.bfloat16,torch.bfloat16,False,False
3225,8448,7168,False,torch.bfloat16,torch.bfloat16,False,False
3228,8448,7168,False,torch.bfloat16,torch.bfloat16,False,False
3229,8448,7168,False,torch.bfloat16,torch.bfloat16,False,False
3232,8448,7168,False,torch.bfloat16,torch.bfloat16,False,False
3245,8448,7168,False,torch.bfloat16,torch.bfloat16,False,False
3247,8448,7168,False,torch.bfloat16,torch.bfloat16,False,False
3255,8448,7168,False,torch.bfloat16,torch.bfloat16,False,False
3260,8448,7168,False,torch.bfloat16,torch.bfloat16,False,False
3265,8448,7168,False,torch.bfloat16,torch.bfloat16,False,False
3276,8448,7168,False,torch.bfloat16,torch.bfloat16,False,False
3295,8448,7168,False,torch.bfloat16,torch.bfloat16,False,False
3311,8448,7168,False,torch.bfloat16,torch.bfloat16,False,False
3323,8448,7168,False,torch.bfloat16,torch.bfloat16,False,False
3328,8448,7168,False,torch.bfloat16,torch.bfloat16,False,False
3344,8448,7168,False,torch.bfloat16,torch.bfloat16,False,False
3346,8448,7168,False,torch.bfloat16,torch.bfloat16,False,False
3349,8448,7168,False,torch.bfloat16,torch.bfloat16,False,False
3351,8448,7168,False,torch.bfloat16,torch.bfloat16,False,False
3372,8448,7168,False,torch.bfloat16,torch.bfloat16,False,False
3382,8448,7168,False,torch.bfloat16,torch.bfloat16,False,False
3398,8448,7168,False,torch.bfloat16,torch.bfloat16,False,False
3404,8448,7168,False,torch.bfloat16,torch.bfloat16,False,False
3420,8448,7168,False,torch.bfloat16,torch.bfloat16,False,False
3424,8448,7168,False,torch.bfloat16,torch.bfloat16,False,False
3426,8448,7168,False,torch.bfloat16,torch.bfloat16,False,False
3438,8448,7168,False,torch.bfloat16,torch.bfloat16,False,False
3444,8448,7168,False,torch.bfloat16,torch.bfloat16,False,False
3446,8448,7168,False,torch.bfloat16,torch.bfloat16,False,False
3449,8448,7168,False,torch.bfloat16,torch.bfloat16,False,False
3456,8448,7168,False,torch.bfloat16,torch.bfloat16,False,False
3469,8448,7168,False,torch.bfloat16,torch.bfloat16,False,False
3470,8448,7168,False,torch.bfloat16,torch.bfloat16,False,False
3478,8448,7168,False,torch.bfloat16,torch.bfloat16,False,False
3479,8448,7168,False,torch.bfloat16,torch.bfloat16,False,False
3496,8448,7168,False,torch.bfloat16,torch.bfloat16,False,False
3497,8448,7168,False,torch.bfloat16,torch.bfloat16,False,False
3510,8448,7168,False,torch.bfloat16,torch.bfloat16,False,False
3515,8448,7168,False,torch.bfloat16,torch.bfloat16,False,False
3520,8448,7168,False,torch.bfloat16,torch.bfloat16,False,False
3525,8448,7168,False,torch.bfloat16,torch.bfloat16,False,False
3553,8448,7168,False,torch.bfloat16,torch.bfloat16,False,False
3558,8448,7168,False,torch.bfloat16,torch.bfloat16,False,False
3561,8448,7168,False,torch.bfloat16,torch.bfloat16,False,False
3589,8448,7168,False,torch.bfloat16,torch.bfloat16,False,False
3592,8448,7168,False,torch.bfloat16,torch.bfloat16,False,False
3600,8448,7168,False,torch.bfloat16,torch.bfloat16,False,False
3611,8448,7168,False,torch.bfloat16,torch.bfloat16,False,False
3612,8448,7168,False,torch.bfloat16,torch.bfloat16,False,False
3630,8448,7168,False,torch.bfloat16,torch.bfloat16,False,False
3635,8448,7168,False,torch.bfloat16,torch.bfloat16,False,False
3642,8448,7168,False,torch.bfloat16,torch.bfloat16,False,False
3643,8448,7168,False,torch.bfloat16,torch.bfloat16,False,False
3672,8448,7168,False,torch.bfloat16,torch.bfloat16,False,False
3680,8448,7168,False,torch.bfloat16,torch.bfloat16,False,False
3689,8448,7168,False,torch.bfloat16,torch.bfloat16,False,False
3691,8448,7168,False,torch.bfloat16,torch.bfloat16,False,False
3693,8448,7168,False,torch.bfloat16,torch.bfloat16,False,False
3701,8448,7168,False,torch.bfloat16,torch.bfloat16,False,False
3704,8448,7168,False,torch.bfloat16,torch.bfloat16,False,False
3711,8448,7168,False,torch.bfloat16,torch.bfloat16,False,False
3715,8448,7168,False,torch.bfloat16,torch.bfloat16,False,False
3718,8448,7168,False,torch.bfloat16,torch.bfloat16,False,False
3724,8448,7168,False,torch.bfloat16,torch.bfloat16,False,False
3737,8448,7168,False,torch.bfloat16,torch.bfloat16,False,False
3740,8448,7168,False,torch.bfloat16,torch.bfloat16,False,False
3741,8448,7168,False,torch.bfloat16,torch.bfloat16,False,False
3742,8448,7168,False,torch.bfloat16,torch.bfloat16,False,False
3762,8448,7168,False,torch.bfloat16,torch.bfloat16,False,False
3766,8448,7168,False,torch.bfloat16,torch.bfloat16,False,False
3767,8448,7168,False,torch.bfloat16,torch.bfloat16,False,False
3768,8448,7168,False,torch.bfloat16,torch.bfloat16,False,False
3770,8448,7168,False,torch.bfloat16,torch.bfloat16,False,False
3774,8448,7168,False,torch.bfloat16,torch.bfloat16,False,False
3777,8448,7168,False,torch.bfloat16,torch.bfloat16,False,False
3781,8448,7168,False,torch.bfloat16,torch.bfloat16,False,False
3807,8448,7168,False,torch.bfloat16,torch.bfloat16,False,False
3808,8448,7168,False,torch.bfloat16,torch.bfloat16,False,False
3810,8448,7168,False,torch.bfloat16,torch.bfloat16,False,False
3816,8448,7168,False,torch.bfloat16,torch.bfloat16,False,False
3818,8448,7168,False,torch.bfloat16,torch.bfloat16,False,False
3848,8448,7168,False,torch.bfloat16,torch.bfloat16,False,False
3849,8448,7168,False,torch.bfloat16,torch.bfloat16,False,False
3853,8448,7168,False,torch.bfloat16,torch.bfloat16,False,False
3863,8448,7168,False,torch.bfloat16,torch.bfloat16,False,False
3882,8448,7168,False,torch.bfloat16,torch.bfloat16,False,False
3897,8448,7168,False,torch.bfloat16,torch.bfloat16,False,False
3904,8448,7168,False,torch.bfloat16,torch.bfloat16,False,False
3908,8448,7168,False,torch.bfloat16,torch.bfloat16,False,False
3928,8448,7168,False,torch.bfloat16,torch.bfloat16,False,False
3935,8448,7168,False,torch.bfloat16,torch.bfloat16,False,False
3938,8448,7168,False,torch.bfloat16,torch.bfloat16,False,False
3945,8448,7168,False,torch.bfloat16,torch.bfloat16,False,False
3955,8448,7168,False,torch.bfloat16,torch.bfloat16,False,False
3965,8448,7168,False,torch.bfloat16,torch.bfloat16,False,False
3966,8448,7168,False,torch.bfloat16,torch.bfloat16,False,False
3967,8448,7168,False,torch.bfloat16,torch.bfloat16,False,False
3968,8448,7168,False,torch.bfloat16,torch.bfloat16,False,False
3988,8448,7168,False,torch.bfloat16,torch.bfloat16,False,False
3990,8448,7168,False,torch.bfloat16,torch.bfloat16,False,False
3999,8448,7168,False,torch.bfloat16,torch.bfloat16,False,False
4000,8448,7168,False,torch.bfloat16,torch.bfloat16,False,False
4014,8448,7168,False,torch.bfloat16,torch.bfloat16,False,False
4017,8448,7168,False,torch.bfloat16,torch.bfloat16,False,False
4019,8448,7168,False,torch.bfloat16,torch.bfloat16,False,False
4031,8448,7168,False,torch.bfloat16,torch.bfloat16,False,False
4047,8448,7168,False,torch.bfloat16,torch.bfloat16,False,False
4054,8448,7168,False,torch.bfloat16,torch.bfloat16,False,False
4061,8448,7168,False,torch.bfloat16,torch.bfloat16,False,False
4070,8448,7168,False,torch.bfloat16,torch.bfloat16,False,False
4087,8448,7168,False,torch.bfloat16,torch.bfloat16,False,False
4096,8448,7168,False,torch.bfloat16,torch.bfloat16,False,False
6,20480,7168,False,torch.bfloat16,torch.bfloat16,False,False
7,20480,7168,False,torch.bfloat16,torch.bfloat16,False,False
8,20480,7168,False,torch.bfloat16,torch.bfloat16,False,False
9,20480,7168,False,torch.bfloat16,torch.bfloat16,False,False
10,20480,7168,False,torch.bfloat16,torch.bfloat16,False,False
11,20480,7168,False,torch.bfloat16,torch.bfloat16,False,False
12,20480,7168,False,torch.bfloat16,torch.bfloat16,False,False
13,20480,7168,False,torch.bfloat16,torch.bfloat16,False,False
64,20480,7168,False,torch.bfloat16,torch.bfloat16,False,False
