gfx,cu_num,M,N,K,bias,dtype,outdtype,scaleAB,bpreshuffle,libtype,solidx,splitK,us,kernelName,err_ratio,tflops,bw
gfx950,256,64,256,5120,False,torch.bfloat16,torch.float32,False,False,asm,5,13,7.9191,_ZN5aiter39bf16gemm_fp32bf16_tn_64x64_splitk_cleanE,0.0,21.19,417.92
gfx950,256,80,256,5120,False,torch.bfloat16,torch.float32,False,False,asm,7,13,7.9676,_ZN5aiter39bf16gemm_fp32bf16_tn_80x64_splitk_cleanE,0.0,26.32,436.97
gfx950,256,128,256,5120,False,torch.bfloat16,torch.float32,False,False,asm,5,10,9.0259,_ZN5aiter39bf16gemm_fp32bf16_tn_64x64_splitk_cleanE,0.0,37.18,442.91
gfx950,256,150,256,5120,False,torch.bfloat16,torch.float32,False,False,asm,7,10,9.3334,_ZN5aiter39bf16gemm_fp32bf16_tn_80x64_splitk_cleanE,0.0,42.13,453.67
gfx950,256,192,256,5120,False,torch.bfloat16,torch.float32,False,False,asm,8,10,9.8147,_ZN5aiter39bf16gemm_fp32bf16_tn_96x64_splitk_cleanE,0.0,51.28,477.43
gfx950,256,220,256,5120,False,torch.bfloat16,torch.float32,False,False,asm,7,8,10.8546,_ZN5aiter39bf16gemm_fp32bf16_tn_80x64_splitk_cleanE,0.0,53.13,459.43
gfx950,256,256,256,5120,False,torch.bfloat16,torch.float32,False,False,opus,1202,4,10.8124,opus_gemm_flatmm_splitk_256x32x32x128_2x1_16x16x32_0x0x0_wgpcu2_nooob,0.0,62.07,497.02
gfx950,256,384,256,5120,False,torch.bfloat16,torch.float32,False,False,asm,3,6,12.0049,_ZN5aiter39bf16gemm_fp32bf16_tn_48x64_splitk_cleanE,0.0,83.85,562.29
gfx950,256,448,256,5120,False,torch.bfloat16,torch.float32,False,False,asm,3,5,12.1134,_ZN5aiter39bf16gemm_fp32bf16_tn_48x64_splitk_cleanE,0.0,96.95,614.06
gfx950,256,512,256,5120,False,torch.bfloat16,torch.float32,False,False,asm,3,5,12.4844,_ZN5aiter39bf16gemm_fp32bf16_tn_48x64_splitk_cleanE,0.0,107.51,650.93
gfx950,256,1,128,6144,False,torch.bfloat16,torch.float32,False,False,asm,1,13,5.5249,_ZN5aiter39bf16gemm_fp32bf16_tn_32x64_splitk_cleanE,0.0,0.28,286.96
gfx950,256,1,2048,6144,False,torch.bfloat16,torch.float32,False,False,asm,1,6,12.8405,_ZN5aiter39bf16gemm_fp32bf16_tn_32x64_splitk_cleanE,0.0,1.96,1961.15
gfx950,256,1,3072,6144,False,torch.bfloat16,torch.float32,False,False,asm,1,5,13.6048,_ZN5aiter39bf16gemm_fp32bf16_tn_32x64_splitk_cleanE,0.0,2.77,2776.02
gfx950,256,1,50016,6144,False,torch.bfloat16,torch.float32,False,False,opus,5008,0,122.4478,opus_gemm_512x128x256x64_2x4_16x16x32_0x0x0_4g_safe,0.0,5.02,5020.17
gfx950,256,1,6144,2048,False,torch.bfloat16,torch.float32,False,False,flydsl,3161,2,10.8611,flydsl_gemm5_abf16_wbf16_bf16_t16x64x128_split_k2_block_m_warp1_block_n_warp2_block_k_warp1_async_copyTrue_b_to_ldsTrue_b_preshuffleFalse_c_to_ldsFalse_gfx950,0.0438,2.32,2318.57
gfx950,256,1,6144,3072,False,torch.bfloat16,torch.float32,False,False,asm,1,2,13.5868,_ZN5aiter39bf16gemm_fp32bf16_tn_32x64_splitk_cleanE,0.0,2.78,2779.7
gfx950,256,2,128,6144,False,torch.bfloat16,torch.float32,False,False,asm,1,16,5.2543,_ZN5aiter39bf16gemm_fp32bf16_tn_32x64_splitk_cleanE,0.0,0.6,304.12
gfx950,256,2,2048,6144,False,torch.bfloat16,torch.float32,False,False,asm,1,6,12.8459,_ZN5aiter39bf16gemm_fp32bf16_tn_32x64_splitk_cleanE,0.0,3.92,1961.61
gfx950,256,2,3072,6144,False,torch.bfloat16,torch.float32,False,False,asm,1,5,13.6222,_ZN5aiter39bf16gemm_fp32bf16_tn_32x64_splitk_cleanE,0.0,5.54,2773.83
gfx950,256,2,50016,6144,False,torch.bfloat16,torch.float32,False,False,opus,204,5,123.4256,opus_gemm_flatmm_splitk_256x32x128x64_2x1_16x16x32_0x0x0_wgpcu2,0.0,9.96,4981.31
gfx950,256,2,6144,2048,False,torch.bfloat16,torch.float32,False,False,asm,1,2,10.7908,_ZN5aiter39bf16gemm_fp32bf16_tn_32x64_splitk_cleanE,0.0,4.66,2335.19
gfx950,256,2,6144,3072,False,torch.bfloat16,torch.float32,False,False,asm,1,2,13.6185,_ZN5aiter39bf16gemm_fp32bf16_tn_32x64_splitk_cleanE,0.0,5.54,2774.58
gfx950,256,4,128,6144,False,torch.bfloat16,torch.float32,False,False,asm,3,13,5.329,_ZN5aiter39bf16gemm_fp32bf16_tn_48x64_splitk_cleanE,0.0,1.18,304.57
gfx950,256,4,2048,6144,False,torch.bfloat16,torch.float32,False,False,asm,1,5,12.9009,_ZN5aiter39bf16gemm_fp32bf16_tn_32x64_splitk_cleanE,0.0,7.8,1955.78
gfx950,256,4,3072,6144,False,torch.bfloat16,torch.float32,False,False,asm,1,5,13.5136,_ZN5aiter39bf16gemm_fp32bf16_tn_32x64_splitk_cleanE,0.0,11.17,2798.84
gfx950,256,4,50016,6144,False,torch.bfloat16,torch.float32,False,False,opus,2008,0,123.6511,opus_gemm_512x128x256x64_2x4_16x16x32_0x0x0_cA1cB17,0.0,19.88,4974.04
gfx950,256,4,6144,2048,False,torch.bfloat16,torch.float32,False,False,flydsl,4265,2,10.708,flydsl_gemm8_abf16_wbf16_bf16_t16x64x64_split_k2_block_m_warp1_block_n_warp2_block_k_warp1_async_copyTrue_b_to_ldsTrue_b_preshuffleFalse_c_to_ldsFalse_gfx950,0.0444,9.4,2356.31
gfx950,256,4,6144,3072,False,torch.bfloat16,torch.float32,False,False,flydsl,7384,2,13.0193,flydsl_gemm8_abf16_wbf16_bf16_t16x64x64_split_k2_block_m_warp1_block_n_warp2_block_k_warp1_async_copyTrue_b_to_ldsTrue_b_preshuffleFalse_c_to_ldsFalse_gfx950,0.0486,11.6,2905.11
gfx950,256,8,128,6144,False,torch.bfloat16,torch.float32,False,False,asm,1,16,5.25,_ZN5aiter39bf16gemm_fp32bf16_tn_32x64_splitk_cleanE,0.0,2.4,318.71
gfx950,256,8,2048,6144,False,torch.bfloat16,torch.float32,False,False,asm,1,6,12.8808,_ZN5aiter39bf16gemm_fp32bf16_tn_32x64_splitk_cleanE,0.0,15.63,1963.92
gfx950,256,8,3072,6144,False,torch.bfloat16,torch.float32,False,False,asm,1,5,13.7111,_ZN5aiter39bf16gemm_fp32bf16_tn_32x64_splitk_cleanE,0.0,22.03,2763.91
gfx950,256,8,50016,6144,False,torch.bfloat16,torch.float32,False,False,opus,2008,0,124.408,opus_gemm_512x128x256x64_2x4_16x16x32_0x0x0_cA1cB17,0.0,39.52,4947.39
gfx950,256,8,6144,2048,False,torch.bfloat16,torch.float32,False,False,asm,1,2,10.8198,_ZN5aiter39bf16gemm_fp32bf16_tn_32x64_splitk_cleanE,0.0,18.61,2338.02
gfx950,256,8,6144,3072,False,torch.bfloat16,torch.float32,False,False,flydsl,6292,2,13.2449,flydsl_gemm6_abf16_wbf16_bf16_t16x64x128_split_k2_block_m_warp1_block_n_warp2_block_k_warp1_async_copyTrue_b_to_ldsTrue_b_preshuffleFalse_c_to_ldsFalse_gfx950,0.0485,22.8,2861.19
gfx950,256,16,128,6144,False,torch.bfloat16,torch.float32,False,False,asm,1,13,5.3721,_ZN5aiter39bf16gemm_fp32bf16_tn_32x64_splitk_cleanE,0.0,4.68,330.14
gfx950,256,16,2048,6144,False,torch.bfloat16,torch.float32,False,False,asm,3,6,13.0667,_ZN5aiter39bf16gemm_fp32bf16_tn_48x64_splitk_cleanE,0.0,30.82,1946.01
gfx950,256,16,3072,6144,False,torch.bfloat16,torch.float32,False,False,asm,1,5,13.7282,_ZN5aiter39bf16gemm_fp32bf16_tn_32x64_splitk_cleanE,0.0,44.0,2771.2
gfx950,256,16,50016,6144,False,torch.bfloat16,torch.float32,False,False,opus,204,2,131.0394,opus_gemm_flatmm_splitk_256x32x128x64_2x1_16x16x32_0x0x0_wgpcu2,0.0,75.04,4703.88
gfx950,256,16,6144,2048,False,torch.bfloat16,torch.float32,False,False,asm,1,2,10.987,_ZN5aiter39bf16gemm_fp32bf16_tn_32x64_splitk_cleanE,0.0,36.65,2314.37
gfx950,256,16,6144,3072,False,torch.bfloat16,torch.float32,False,False,flydsl,6292,2,13.9957,flydsl_gemm6_abf16_wbf16_bf16_t16x64x128_split_k2_block_m_warp1_block_n_warp2_block_k_warp1_async_copyTrue_b_to_ldsTrue_b_preshuffleFalse_c_to_ldsFalse_gfx950,0.049,43.15,2718.24
gfx950,256,32,128,6144,False,torch.bfloat16,torch.float32,False,False,asm,1,16,5.6787,_ZN5aiter39bf16gemm_fp32bf16_tn_32x64_splitk_cleanE,0.0,8.86,347.66
gfx950,256,32,2048,6144,False,torch.bfloat16,torch.float32,False,False,asm,1,6,13.2436,_ZN5aiter39bf16gemm_fp32bf16_tn_32x64_splitk_cleanE,0.0,60.81,1939.81
gfx950,256,32,3072,6144,False,torch.bfloat16,torch.float32,False,False,asm,3,5,14.302,_ZN5aiter39bf16gemm_fp32bf16_tn_48x64_splitk_cleanE,0.0,84.46,2680.64
gfx950,256,32,50016,6144,False,torch.bfloat16,torch.float32,False,False,opus,2008,0,128.2024,opus_gemm_512x128x256x64_2x4_16x16x32_0x0x0_cA1cB17,0.0,153.41,4821.99
gfx950,256,32,6144,2048,False,torch.bfloat16,torch.float32,False,False,asm,1,2,11.3329,_ZN5aiter39bf16gemm_fp32bf16_tn_32x64_splitk_cleanE,0.0,71.06,2266.86
gfx950,256,32,6144,3072,False,torch.bfloat16,torch.float32,False,False,asm,1,2,14.2522,_ZN5aiter39bf16gemm_fp32bf16_tn_32x64_splitk_cleanE,0.0,84.76,2690.01
gfx950,256,64,128,6144,False,torch.bfloat16,torch.float32,False,False,asm,5,13,6.4183,_ZN5aiter39bf16gemm_fp32bf16_tn_64x64_splitk_cleanE,0.0,15.68,370.14
gfx950,256,64,2048,6144,False,torch.bfloat16,torch.float32,False,False,asm,5,6,14.1526,_ZN5aiter39bf16gemm_fp32bf16_tn_64x64_splitk_cleanE,0.0,113.8,1852.27
gfx950,256,64,3072,6144,False,torch.bfloat16,torch.float32,False,False,asm,5,5,15.4448,_ZN5aiter39bf16gemm_fp32bf16_tn_64x64_splitk_cleanE,0.0,156.42,2520.48
gfx950,256,64,50016,6144,False,torch.bfloat16,torch.float32,False,False,opus,5008,0,134.9217,opus_gemm_512x128x256x64_2x4_16x16x32_0x0x0_4g_safe,0.0,291.53,4608.49
gfx950,256,64,6144,2048,False,torch.bfloat16,torch.float32,False,False,asm,5,2,12.9832,_ZN5aiter39bf16gemm_fp32bf16_tn_64x64_splitk_cleanE,0.0,124.05,2019.1
gfx950,256,64,6144,3072,False,torch.bfloat16,torch.float32,False,False,asm,5,2,15.7811,_ZN5aiter39bf16gemm_fp32bf16_tn_64x64_splitk_cleanE,0.0,153.09,2466.77
gfx950,256,128,128,6144,False,torch.bfloat16,torch.float32,False,False,asm,5,16,8.0383,_ZN5aiter39bf16gemm_fp32bf16_tn_64x64_splitk_cleanE,0.0,25.05,395.42
gfx950,256,128,2048,6144,False,torch.bfloat16,torch.float32,False,False,asm,5,4,16.6413,_ZN5aiter39bf16gemm_fp32bf16_tn_64x64_splitk_cleanE,0.0,193.57,1638.27
gfx950,256,128,3072,6144,False,torch.bfloat16,torch.float32,False,False,opus,214,4,21.8944,opus_gemm_flatmm_splitk_256x64x96x64_2x1_16x16x32_0x0x0_wgpcu1,0.0,220.69,1831.89
gfx950,256,128,50016,6144,False,torch.bfloat16,torch.float32,False,False,opus,5008,0,154.6488,opus_gemm_512x128x256x64_2x4_16x16x32_0x0x0_4g_safe,0.0,508.69,4067.11
gfx950,256,128,6144,2048,False,torch.bfloat16,torch.float32,False,False,asm,6,1,15.8927,_ZN5aiter37bf16gemm_fp32bf16_tn_64x64_pf3_splitkE,0.0,202.69,1715.44
gfx950,256,128,6144,3072,False,torch.bfloat16,torch.float32,False,False,asm,6,1,21.6024,_ZN5aiter37bf16gemm_fp32bf16_tn_64x64_pf3_splitkE,0.0,223.67,1856.65
gfx950,256,192,128,6144,False,torch.bfloat16,torch.float32,False,False,asm,8,16,8.4339,_ZN5aiter39bf16gemm_fp32bf16_tn_96x64_splitk_cleanE,0.0,35.81,472.06
gfx950,256,192,2048,6144,False,torch.bfloat16,torch.float32,False,False,asm,8,4,19.6129,_ZN5aiter39bf16gemm_fp32bf16_tn_96x64_splitk_cleanE,0.0,246.36,1443.52
gfx950,256,192,3072,6144,False,torch.bfloat16,torch.float32,False,False,opus,1221,5,26.8207,opus_gemm_flatmm_splitk_256x96x64x64_2x1_16x16x32_0x0x0_wgpcu2_nooob,0.0,270.23,1539.4
gfx950,256,192,50016,6144,False,torch.bfloat16,torch.float32,False,False,opus,2009,0,173.9381,opus_gemm_512x256x256x64_2x4_16x16x32_0x0x0_cA1cB17,0.0,678.42,3657.4
gfx950,256,192,6144,2048,False,torch.bfloat16,torch.float32,False,False,asm,9,1,17.5401,_ZN5aiter37bf16gemm_fp32bf16_tn_96x64_pf3_splitkE,0.0,275.47,1614.1
gfx950,256,192,6144,3072,False,torch.bfloat16,torch.float32,False,False,asm,9,1,23.5272,_ZN5aiter37bf16gemm_fp32bf16_tn_96x64_pf3_splitkE,0.0,308.06,1754.89
gfx950,256,256,128,6144,False,torch.bfloat16,torch.float32,False,False,asm,8,12,9.442,_ZN5aiter39bf16gemm_fp32bf16_tn_96x64_splitk_cleanE,0.0,42.64,506.69
gfx950,256,256,2048,6144,False,torch.bfloat16,torch.float32,False,False,opus,1200,4,23.881,opus_gemm_flatmm_splitk_256x64x64x64_2x1_16x16x32_0x0x0_wgpcu2_nooob,0.0,269.77,1229.43
gfx950,256,256,3072,6144,False,torch.bfloat16,torch.float32,False,False,opus,1215,4,30.8967,opus_gemm_flatmm_splitk_256x64x96x64_2x1_16x16x32_0x0x0_wgpcu2_nooob,0.0,312.77,1374.49
gfx950,256,256,50016,6144,False,torch.bfloat16,torch.float32,False,False,opus,2009,0,187.2472,opus_gemm_512x256x256x64_2x4_16x16x32_0x0x0_cA1cB17,0.0,840.26,3435.84
gfx950,256,256,6144,2048,False,torch.bfloat16,torch.float32,False,False,opus,1216,1,24.8166,opus_gemm_flatmm_splitk_256x64x96x128_2x1_16x16x32_0x0x0_wgpcu1_nooob,0.0,259.6,1183.08
gfx950,256,256,6144,3072,False,torch.bfloat16,torch.float32,False,False,opus,1216,1,33.872,opus_gemm_flatmm_splitk_256x64x96x128_2x1_16x16x32_0x0x0_wgpcu1_nooob,0.0,285.3,1253.76
gfx950,256,320,128,6144,False,torch.bfloat16,torch.float32,False,False,asm,7,12,10.0395,_ZN5aiter39bf16gemm_fp32bf16_tn_80x64_splitk_cleanE,0.0,50.13,556.5
gfx950,256,320,2048,6144,False,torch.bfloat16,torch.float32,False,False,asm,7,2,26.3911,_ZN5aiter39bf16gemm_fp32bf16_tn_80x64_splitk_cleanE,0.0,305.14,1152.23
gfx950,256,320,3072,6144,False,torch.bfloat16,torch.float32,False,False,asm,6,1,38.3991,_ZN5aiter37bf16gemm_fp32bf16_tn_64x64_pf3_splitkE,0.0,314.58,1136.67
gfx950,256,320,50016,6144,False,torch.bfloat16,torch.float32,False,False,opus,5009,0,291.4036,opus_gemm_512x256x256x64_2x4_16x16x32_0x0x0_4g_safe,0.0,674.91,2232.43
gfx950,256,320,6144,2048,False,torch.bfloat16,torch.float32,False,False,asm,6,1,28.1672,_ZN5aiter37bf16gemm_fp32bf16_tn_64x64_pf3_splitkE,0.0,285.9,1079.58
gfx950,256,320,6144,3072,False,torch.bfloat16,torch.float32,False,False,asm,6,1,39.364,_ZN5aiter37bf16gemm_fp32bf16_tn_64x64_pf3_splitkE,0.0,306.87,1108.8
gfx950,256,512,128,6144,False,torch.bfloat16,torch.float32,False,False,opus,1202,4,11.9914,opus_gemm_flatmm_splitk_256x32x32x128_2x1_16x16x32_0x0x0_wgpcu2_nooob,0.0,67.16,666.76
gfx950,256,512,2048,6144,False,torch.bfloat16,torch.float32,False,False,asm,6,1,38.084,_ZN5aiter37bf16gemm_fp32bf16_tn_64x64_pf3_splitkE,0.0,338.33,881.06
gfx950,256,512,3072,6144,False,torch.bfloat16,torch.float32,False,False,opus,1215,2,49.9841,opus_gemm_flatmm_splitk_256x64x96x64_2x1_16x16x32_0x0x0_wgpcu2_nooob,0.0,386.67,944.02
gfx950,256,512,50016,6144,False,torch.bfloat16,torch.float32,False,False,opus,5009,0,339.6587,opus_gemm_512x256x256x64_2x4_16x16x32_0x0x0_4g_safe,0.0,926.44,1978.76
gfx950,256,512,6144,2048,False,torch.bfloat16,torch.float32,False,False,asm,9,1,39.0731,_ZN5aiter37bf16gemm_fp32bf16_tn_96x64_pf3_splitkE,0.0,329.76,858.76
gfx950,256,512,6144,3072,False,torch.bfloat16,torch.float32,False,False,opus,4006,0,46.0144,opus_gemm_512x128x128x64_2x4_16x16x32_0x0x0_nooob_cA17cB1,0.0,420.03,1025.46
gfx950,256,1024,128,6144,False,torch.bfloat16,torch.float32,False,False,asm,3,5,13.2957,_ZN5aiter39bf16gemm_fp32bf16_tn_48x64_splitk_cleanE,0.0,121.14,1084.4
gfx950,256,1024,2048,6144,False,torch.bfloat16,torch.float32,False,False,opus,1200,1,64.8432,opus_gemm_flatmm_splitk_256x64x64x64_2x1_16x16x32_0x0x0_wgpcu2_nooob,0.0,397.42,646.84
gfx950,256,1024,3072,6144,False,torch.bfloat16,torch.float32,False,False,opus,6006,0,76.1704,opus_gemm_512x128x128x64_2x4_16x16x32_0x0x0_nooob_4g_safe,0.0,507.48,743.37
gfx950,256,1024,50016,6144,False,torch.bfloat16,torch.float32,False,False,opus,5009,0,642.1795,opus_gemm_512x256x256x64_2x4_16x16x32_0x0x0_4g_safe,0.0,980.02,1136.15
gfx950,256,1024,6144,2048,False,torch.bfloat16,torch.float32,False,False,opus,303,0,46.6113,opus_gemm_persistent_512x128x128x64_2x4_16x16x32_0x0x0,0.0,552.87,899.85
gfx950,256,1024,6144,3072,False,torch.bfloat16,torch.float32,False,False,opus,2007,0,62.0624,opus_gemm_512x256x128x64_2x4_16x16x32_0x0x0_cA1cB17,0.0,622.84,912.36
gfx950,256,2048,128,6144,False,torch.bfloat16,torch.float32,False,False,asm,8,5,16.7988,_ZN5aiter39bf16gemm_fp32bf16_tn_96x64_splitk_cleanE,0.0,191.75,1622.91
gfx950,256,2048,2048,6144,False,torch.bfloat16,torch.float32,False,False,opus,315,0,77.4126,opus_gemm_persistent_512x128x128x64_2x4_16x16x32_0x0x0_cA0cB0,0.0,665.78,758.54
gfx950,256,2048,3072,6144,False,torch.bfloat16,torch.float32,False,False,opus,6007,0,99.6679,opus_gemm_512x256x128x64_2x4_16x16x32_0x0x0_nooob_4g_safe,0.0,775.67,757.49
gfx950,256,2048,50016,6144,False,torch.bfloat16,torch.float32,False,False,opus,2009,0,1036.457,opus_gemm_512x256x256x64_2x4_16x16x32_0x0x0_cA1cB17,0.0,1214.42,814.92
gfx950,256,2048,6144,2048,False,torch.bfloat16,torch.float32,False,False,asm,10,1,58.7492,_ZN5aiter24bf16gemm_bf16_tn_256x256E,0.0,877.28,999.51
gfx950,256,2048,6144,3072,False,torch.bfloat16,torch.float32,False,False,asm,10,1,77.3258,_ZN5aiter24bf16gemm_bf16_tn_256x256E,0.0,999.79,976.36
gfx950,256,4096,128,6144,False,torch.bfloat16,torch.float32,False,False,asm,5,2,25.5426,_ZN5aiter39bf16gemm_fp32bf16_tn_64x64_splitk_cleanE,0.0,252.22,2073.13
gfx950,256,4096,2048,6144,False,torch.bfloat16,torch.float32,False,False,opus,1301,0,99.2269,opus_gemm_persistent_512x128x256x64_2x4_16x16x32_0x0x0_nooob,0.0,1038.82,929.94
gfx950,256,4096,3072,6144,False,torch.bfloat16,torch.float32,False,False,asm,10,1,138.0331,_ZN5aiter24bf16gemm_bf16_tn_256x256E,0.0,1120.16,820.43
gfx950,256,4096,50016,6144,False,torch.bfloat16,torch.float32,False,False,opus,9,0,1980.2913,opus_gemm_512x256x256x64_2x4_16x16x32_0x0x0,0.0,1271.22,542.68
gfx950,256,4096,6144,2048,False,torch.bfloat16,torch.float32,False,False,asm,10,1,109.5022,_ZN5aiter24bf16gemm_bf16_tn_256x256E,0.0,941.34,842.67
gfx950,256,4096,6144,3072,False,torch.bfloat16,torch.float32,False,False,asm,10,1,147.9731,_ZN5aiter24bf16gemm_bf16_tn_256x256E,0.0,1044.91,765.32
gfx950,256,8192,128,6144,False,torch.bfloat16,torch.float32,False,False,asm,6,1,42.5995,_ZN5aiter37bf16gemm_fp32bf16_tn_64x64_pf3_splitkE,0.0,302.47,2449.17
gfx950,256,8192,2048,6144,False,torch.bfloat16,torch.float32,False,False,opus,1300,0,156.1796,opus_gemm_persistent_512x256x256x64_2x4_16x16x32_0x0x0_nooob,0.0,1320.01,1020.51
gfx950,256,8192,3072,6144,False,torch.bfloat16,torch.float32,False,False,asm,10,1,262.1828,_ZN5aiter24bf16gemm_bf16_tn_256x256E,0.0,1179.47,719.89
gfx950,256,8192,50016,6144,False,torch.bfloat16,torch.float32,False,False,opus,2009,0,3931.0983,opus_gemm_512x256x256x64_2x4_16x16x32_0x0x0_cA1cB17,0.0,1280.76,390.41
gfx950,256,8192,6144,2048,False,torch.bfloat16,torch.float32,False,False,asm,10,1,184.6449,_ZN5aiter24bf16gemm_bf16_tn_256x256E,0.0,1116.51,863.19
gfx950,256,8192,6144,3072,False,torch.bfloat16,torch.float32,False,False,asm,10,1,245.0526,_ZN5aiter24bf16gemm_bf16_tn_256x256E,0.0,1261.92,770.22
gfx950,256,16384,128,6144,False,torch.bfloat16,torch.float32,False,False,asm,6,1,81.0635,_ZN5aiter37bf16gemm_fp32bf16_tn_64x64_pf3_splitkE,0.0,317.9,2554.71
gfx950,256,16384,2048,6144,False,torch.bfloat16,torch.float32,False,False,opus,4009,0,311.994,opus_gemm_512x256x256x64_2x4_16x16x32_0x0x0_nooob_cA17cB1,0.0,1321.55,941.05
gfx950,256,16384,3072,6144,False,torch.bfloat16,torch.float32,False,False,asm,10,1,448.6444,_ZN5aiter24bf16gemm_bf16_tn_256x256E,0.0,1378.54,757.26
gfx950,256,16384,50016,6144,False,torch.bfloat16,torch.float32,False,False,opus,9,0,7715.4348,opus_gemm_512x256x256x64_2x4_16x16x32_0x0x0,0.0,1305.12,318.17
gfx950,256,16384,6144,2048,False,torch.bfloat16,torch.float32,False,False,asm,10,1,341.6912,_ZN5aiter24bf16gemm_bf16_tn_256x256E,0.0,1206.69,859.26
gfx950,256,16384,6144,3072,False,torch.bfloat16,torch.float32,False,False,asm,10,1,467.8675,_ZN5aiter24bf16gemm_bf16_tn_256x256E,0.0,1321.9,726.14
gfx950,256,1,256,7168,False,torch.bfloat16,torch.bfloat16,False,False,skinny,2,0,5.2154,sol2,0.0,0.7,706.54
gfx950,256,2,256,7168,False,torch.bfloat16,torch.bfloat16,False,False,skinny,2,0,5.2821,sol2,0.0,1.39,700.42
gfx950,256,4,256,7168,False,torch.bfloat16,torch.bfloat16,False,False,flydsl,16542,8,5.9909,flydsl_gemm8_abf16_wbf16_bf16_t16x64x64_split_k8_block_m_warp1_block_n_warp2_block_k_warp1_async_copyTrue_b_to_ldsTrue_b_preshuffleFalse_c_to_ldsFalse_gfx950,0.0332,2.45,622.51
gfx950,256,8,256,7168,False,torch.bfloat16,torch.bfloat16,False,False,flydsl,16542,8,6.0395,flydsl_gemm8_abf16_wbf16_bf16_t16x64x64_split_k8_block_m_warp1_block_n_warp2_block_k_warp1_async_copyTrue_b_to_ldsTrue_b_preshuffleFalse_c_to_ldsFalse_gfx950,0.0273,4.86,627.34
gfx950,256,16,256,7168,False,torch.bfloat16,torch.bfloat16,False,False,triton,0,0,5.9976,auto,0.0,9.79,651.52
gfx950,256,32,256,7168,False,torch.bfloat16,torch.bfloat16,False,False,flydsl,12566,8,6.4144,flydsl_gemm6_abf16_wbf16_bf16_t16x64x128_split_k8_block_m_warp1_block_n_warp2_block_k_warp1_async_copyTrue_b_to_ldsTrue_b_preshuffleFalse_c_to_ldsFalse_gfx950,0.0221,18.31,646.23
gfx950,256,48,256,7168,False,torch.bfloat16,torch.bfloat16,False,False,flydsl,14715,8,6.4943,flydsl_gemm7_abf16_wbf16_bf16_t16x64x128_split_k8_block_m_warp1_block_n_warp1_block_k_warp2_async_copyTrue_b_to_ldsTrue_b_preshuffleFalse_c_to_ldsFalse_gfx950,0.0297,27.13,674.86
gfx950,256,64,256,7168,False,torch.bfloat16,torch.bfloat16,False,False,flydsl,10365,8,7.0559,flydsl_gemm4_abf16_wbf16_bf16_t16x64x128_split_k8_block_m_warp1_block_n_warp2_block_k_warp1_async_copyTrue_b_to_ldsTrue_b_preshuffleFalse_c_to_ldsFalse_gfx950,0.0219,33.29,654.81
gfx950,256,80,256,7168,False,torch.bfloat16,torch.bfloat16,False,False,flydsl,16903,8,6.9983,flydsl_gemm6_abf16_wbf16_bf16_t16x64x128_split_k8_block_m_warp1_block_n_warp2_block_k_warp1_async_copyTrue_b_to_ldsTrue_b_preshuffleFalse_c_to_ldsFalse_gfx950,0.0228,41.95,694.15
gfx950,256,96,256,7168,False,torch.bfloat16,torch.bfloat16,False,False,flydsl,19337,8,7.2274,flydsl_gemm7_abf16_wbf16_bf16_t16x64x128_split_k8_block_m_warp1_block_n_warp1_block_k_warp2_async_copyTrue_b_to_ldsTrue_b_preshuffleFalse_c_to_ldsFalse_gfx950,0.0296,48.75,705.01
gfx950,256,112,256,7168,False,torch.bfloat16,torch.bfloat16,False,False,flydsl,16901,8,7.2367,flydsl_gemm6_abf16_wbf16_bf16_t16x64x128_split_k8_block_m_warp1_block_n_warp1_block_k_warp2_async_copyTrue_b_to_ldsTrue_b_preshuffleFalse_c_to_ldsFalse_gfx950,0.0283,56.8,736.94
gfx950,256,128,256,7168,False,torch.bfloat16,torch.bfloat16,False,False,flydsl,11493,8,7.5664,flydsl_gemm4_abf16_wbf16_bf16_t16x64x128_split_k8_block_m_warp1_block_n_warp1_block_k_warp2_async_copyTrue_b_to_ldsTrue_b_preshuffleFalse_c_to_ldsFalse_gfx950,0.0299,62.09,736.22
gfx950,256,256,256,7168,False,torch.bfloat16,torch.bfloat16,False,False,flydsl,16137,7,9.7832,flydsl_gemm5_abf16_wbf16_bf16_t32x64x128_split_k7_block_m_warp1_block_n_warp4_block_k_warp1_async_copyTrue_b_to_ldsTrue_b_preshuffleFalse_c_to_ldsFalse_gfx950,0.0202,96.03,763.67
gfx950,256,80,2112,7168,False,torch.bfloat16,torch.bfloat16,False,False,asm,7,6,15.5939,_ZN5aiter39bf16gemm_fp32bf16_tn_80x64_splitk_cleanE,0.0182,155.33,2036.85
gfx950,256,112,2112,7168,False,torch.bfloat16,torch.bfloat16,False,False,asm,5,3,19.6739,_ZN5aiter39bf16gemm_fp32bf16_tn_64x64_splitk_cleanE,0.0105,172.37,1644.63
gfx950,256,1,3072,1536,False,torch.bfloat16,torch.bfloat16,False,False,flydsl,15488,4,5.2802,flydsl_gemm6_abf16_wbf16_bf16_t16x64x64_split_k4_block_m_warp1_block_n_warp1_block_k_warp1_async_copyTrue_b_to_ldsTrue_b_preshuffleFalse_c_to_ldsFalse_gfx950,0.0062,1.79,1789.02
gfx950,256,2,3072,1536,False,torch.bfloat16,torch.bfloat16,False,False,flydsl,15492,4,5.4552,flydsl_gemm6_abf16_wbf16_bf16_t16x64x64_split_k4_block_m_warp1_block_n_warp2_block_k_warp1_async_copyTrue_b_to_ldsTrue_b_preshuffleFalse_c_to_ldsFalse_gfx950,0.0057,3.46,1733.32
gfx950,256,4,3072,1536,False,torch.bfloat16,torch.bfloat16,False,False,flydsl,20475,3,5.4182,flydsl_gemm8_abf16_wbf16_bf16_t16x64x64_split_k3_block_m_warp1_block_n_warp2_block_k_warp1_async_copyTrue_b_to_ldsTrue_b_preshuffleFalse_c_to_ldsFalse_gfx950,0.0052,6.97,1748.56
gfx950,256,8,3072,1536,False,torch.bfloat16,torch.bfloat16,False,False,flydsl,4819,4,5.701,flydsl_gemm3_abf16_wbf16_bf16_t16x64x128_split_k4_block_m_warp1_block_n_warp2_block_k_warp1_async_copyTrue_b_to_ldsTrue_b_preshuffleFalse_c_to_ldsFalse_gfx950,0.0069,13.24,1668.29
gfx950,256,16,3072,1536,False,torch.bfloat16,torch.bfloat16,False,False,triton,0,0,5.871,auto,0.0,25.72,1632.54
gfx950,256,32,3072,1536,False,torch.bfloat16,torch.bfloat16,False,False,flydsl,18197,2,6.6647,flydsl_gemm7_abf16_wbf16_bf16_t16x64x64_split_k2_block_m_warp1_block_n_warp2_block_k_warp1_async_copyTrue_b_to_ldsTrue_b_preshuffleFalse_c_to_ldsFalse_gfx950,0.0026,45.31,1460.25
gfx950,256,48,3072,1536,False,torch.bfloat16,torch.bfloat16,False,False,flydsl,18141,1,7.2987,flydsl_gemm7_abf16_wbf16_bf16_t16x64x128_split_k1_block_m_warp1_block_n_warp1_block_k_warp2_async_copyTrue_b_to_ldsTrue_b_preshuffleFalse_c_to_ldsFalse_gfx950,0.0029,62.06,1353.6
gfx950,256,64,3072,1536,False,torch.bfloat16,torch.bfloat16,False,False,flydsl,12844,1,7.1717,flydsl_gemm4_abf16_wbf16_bf16_t16x64x128_split_k1_block_m_warp1_block_n_warp2_block_k_warp1_async_copyTrue_b_to_ldsTrue_b_preshuffleFalse_c_to_ldsFalse_gfx950,0.0,84.22,1398.14
gfx950,256,80,3072,1536,False,torch.bfloat16,torch.bfloat16,False,False,flydsl,12842,1,7.2331,flydsl_gemm4_abf16_wbf16_bf16_t16x64x128_split_k1_block_m_warp1_block_n_warp1_block_k_warp2_async_copyTrue_b_to_ldsTrue_b_preshuffleFalse_c_to_ldsFalse_gfx950,0.0029,104.38,1406.65
gfx950,256,96,3072,1536,False,torch.bfloat16,torch.bfloat16,False,False,flydsl,12842,1,7.4662,flydsl_gemm4_abf16_wbf16_bf16_t16x64x128_split_k1_block_m_warp1_block_n_warp1_block_k_warp2_async_copyTrue_b_to_ldsTrue_b_preshuffleFalse_c_to_ldsFalse_gfx950,0.003,121.34,1382.49
gfx950,256,112,3072,1536,False,torch.bfloat16,torch.bfloat16,False,False,flydsl,13592,1,7.6496,flydsl_gemm4_abf16_wbf16_bf16_t32x64x128_split_k1_block_m_warp1_block_n_warp4_block_k_warp1_async_copyTrue_b_to_ldsTrue_b_preshuffleFalse_c_to_ldsFalse_gfx950,0.0,138.17,1368.62
gfx950,256,128,3072,1536,False,torch.bfloat16,torch.bfloat16,False,False,flydsl,15522,1,7.9799,flydsl_gemm4_abf16_wbf16_bf16_t32x64x128_split_k1_block_m_warp1_block_n_warp4_block_k_warp1_async_copyTrue_b_to_ldsTrue_b_preshuffleFalse_c_to_ldsFalse_gfx950,0.0,151.38,1330.45
gfx950,256,256,3072,1536,False,torch.bfloat16,torch.bfloat16,False,False,flydsl,21624,1,9.2994,flydsl_gemm5_abf16_wbf16_bf16_t64x64x128_split_k1_block_m_warp2_block_n_warp2_block_k_warp2_async_copyTrue_b_to_ldsTrue_b_preshuffleFalse_c_to_ldsFalse_gfx950,0.003,259.79,1268.52
gfx950,256,1,7168,2048,False,torch.bfloat16,torch.bfloat16,False,False,triton,0,0,7.5772,auto,0.0,3.87,3877.23
gfx950,256,2,7168,2048,False,torch.bfloat16,torch.bfloat16,False,False,flydsl,10607,2,7.6856,flydsl_gemm6_abf16_wbf16_bf16_t16x64x128_split_k2_block_m_warp1_block_n_warp2_block_k_warp1_async_copyTrue_b_to_ldsTrue_b_preshuffleFalse_c_to_ldsFalse_gfx950,0.0026,7.64,3824.94
gfx950,256,4,7168,2048,False,torch.bfloat16,torch.bfloat16,False,False,flydsl,13895,2,7.9299,flydsl_gemm8_abf16_wbf16_bf16_t16x64x64_split_k2_block_m_warp1_block_n_warp2_block_k_warp1_async_copyTrue_b_to_ldsTrue_b_preshuffleFalse_c_to_ldsFalse_gfx950,0.0028,14.81,3711.76
gfx950,256,8,7168,2048,False,torch.bfloat16,torch.bfloat16,False,False,triton,0,0,7.7452,auto,0.0,30.33,3809.79
gfx950,256,16,7168,2048,False,torch.bfloat16,torch.bfloat16,False,False,triton,0,0,8.2321,auto,0.0,57.06,3602.37
gfx950,256,32,7168,2048,False,torch.bfloat16,torch.bfloat16,False,False,triton,0,0,8.1123,auto,0.0,115.81,3691.92
gfx950,256,48,7168,2048,False,torch.bfloat16,torch.bfloat16,False,False,flydsl,8861,1,9.5569,flydsl_gemm5_abf16_wbf16_bf16_t32x64x128_split_k1_block_m_warp1_block_n_warp2_block_k_warp2_async_copyTrue_b_to_ldsTrue_b_preshuffleFalse_c_to_ldsFalse_gfx950,0.0034,147.46,3164.71
gfx950,256,64,7168,2048,False,torch.bfloat16,torch.bfloat16,False,False,flydsl,12087,1,10.1109,flydsl_gemm5_abf16_wbf16_bf16_t32x64x128_split_k1_block_m_warp1_block_n_warp4_block_k_warp1_async_copyTrue_b_to_ldsTrue_b_preshuffleFalse_c_to_ldsFalse_gfx950,0.0,185.84,3020.48
gfx950,256,80,7168,2048,False,torch.bfloat16,torch.bfloat16,False,False,flydsl,10235,1,10.7069,flydsl_gemm4_abf16_wbf16_bf16_t64x64x128_split_k1_block_m_warp4_block_n_warp1_block_k_warp2_async_copyTrue_b_to_ldsTrue_b_preshuffleFalse_c_to_ldsFalse_gfx950,0.0034,219.37,2879.89
gfx950,256,96,7168,2048,False,torch.bfloat16,torch.bfloat16,False,False,flydsl,10229,1,10.985,flydsl_gemm4_abf16_wbf16_bf16_t64x64x128_split_k1_block_m_warp2_block_n_warp2_block_k_warp2_async_copyTrue_b_to_ldsTrue_b_preshuffleFalse_c_to_ldsFalse_gfx950,0.0033,256.58,2833.83
gfx950,256,112,7168,2048,False,torch.bfloat16,torch.bfloat16,False,False,flydsl,10231,1,11.5911,flydsl_gemm4_abf16_wbf16_bf16_t64x64x128_split_k1_block_m_warp2_block_n_warp4_block_k_warp1_async_copyTrue_b_to_ldsTrue_b_preshuffleFalse_c_to_ldsFalse_gfx950,0.0,283.69,2711.09
gfx950,256,128,7168,2048,False,torch.bfloat16,torch.bfloat16,False,False,flydsl,11375,1,12.1164,flydsl_gemm4_abf16_wbf16_bf16_t64x64x128_split_k1_block_m_warp2_block_n_warp4_block_k_warp1_async_copyTrue_b_to_ldsTrue_b_preshuffleFalse_c_to_ldsFalse_gfx950,0.0,310.17,2617.89
gfx950,256,256,7168,2048,False,torch.bfloat16,torch.bfloat16,False,False,triton,0,0,16.3917,auto,0.0,458.54,2079.02
gfx950,256,2,16160,7168,False,torch.bfloat16,torch.bfloat16,False,False,triton,0,0,36.3116,auto,0.0,12.76,6382.62
gfx950,256,80,16160,7168,False,torch.bfloat16,torch.bfloat16,False,False,torch,0,0,45.4957,native,0.0,407.37,5174.16
gfx950,256,112,16160,7168,False,torch.bfloat16,torch.bfloat16,False,False,torch,0,0,59.3633,native,0.0,437.09,3990.6
gfx942,80,256,256,7168,False,torch.bfloat16,torch.bfloat16,False,False,opus,10203,10,19.9736,opus_gemm_gfx942_splitk_p1_bk128_256x64x64x128_2x2_16x16x16_0x0x0,0.0,47.04,374.05
gfx942,80,64,3072,1536,False,torch.bfloat16,torch.bfloat16,False,False,opus,10003,0,16.2504,opus_gemm_gfx942_p1_bk128_256x64x64x128_2x2_16x16x16_0x0x0,0.0,37.17,617.03
gfx942,80,80,7168,2048,False,torch.bfloat16,torch.bfloat16,False,False,opus,10000,0,42.8315,opus_gemm_gfx942_512x128x128x64_2x4_16x16x16_0x0x0,0.0,54.84,719.91
gfx942,80,112,7168,2048,False,torch.bfloat16,torch.bfloat16,False,False,opus,10000,0,49.8753,opus_gemm_gfx942_512x128x128x64_2x4_16x16x16_0x0x0,0.0,65.93,630.06
gfx1250,256,1,256,7168,False,torch.bfloat16,torch.bfloat16,False,False,triton,0,0,0.0,auto,0.0,0.0,0.0
gfx1250,256,2,256,7168,False,torch.bfloat16,torch.bfloat16,False,False,triton,0,0,0.0,auto,0.0,0.0,0.0
gfx1250,256,4,256,7168,False,torch.bfloat16,torch.bfloat16,False,False,triton,0,0,0.0,auto,0.0,0.0,0.0
gfx1250,256,8,256,7168,False,torch.bfloat16,torch.bfloat16,False,False,triton,0,0,0.0,auto,0.0,0.0,0.0
gfx1250,256,16,256,7168,False,torch.bfloat16,torch.bfloat16,False,False,triton,0,0,0.0,auto,0.0,0.0,0.0
gfx1250,256,32,256,7168,False,torch.bfloat16,torch.bfloat16,False,False,triton,0,0,0.0,auto,0.0,0.0,0.0
gfx1250,256,48,256,7168,False,torch.bfloat16,torch.bfloat16,False,False,triton,0,0,0.0,auto,0.0,0.0,0.0
gfx1250,256,64,256,7168,False,torch.bfloat16,torch.bfloat16,False,False,triton,0,0,0.0,auto,0.0,0.0,0.0
gfx1250,256,80,256,7168,False,torch.bfloat16,torch.bfloat16,False,False,triton,0,0,0.0,auto,0.0,0.0,0.0
gfx1250,256,96,256,7168,False,torch.bfloat16,torch.bfloat16,False,False,triton,0,0,0.0,auto,0.0,0.0,0.0
gfx1250,256,112,256,7168,False,torch.bfloat16,torch.bfloat16,False,False,triton,0,0,0.0,auto,0.0,0.0,0.0
gfx1250,256,128,256,7168,False,torch.bfloat16,torch.bfloat16,False,False,triton,0,0,0.0,auto,0.0,0.0,0.0
gfx1250,256,256,256,7168,False,torch.bfloat16,torch.bfloat16,False,False,triton,0,0,0.0,auto,0.0,0.0,0.0
gfx1250,256,512,256,7168,False,torch.bfloat16,torch.bfloat16,False,False,triton,0,0,0.0,auto,0.0,0.0,0.0
gfx1250,256,1024,256,7168,False,torch.bfloat16,torch.bfloat16,False,False,triton,0,0,0.0,auto,0.0,0.0,0.0
gfx1250,256,2048,256,7168,False,torch.bfloat16,torch.bfloat16,False,False,triton,0,0,0.0,auto,0.0,0.0,0.0
gfx1250,256,4096,256,7168,False,torch.bfloat16,torch.bfloat16,False,False,triton,0,0,0.0,auto,0.0,0.0,0.0
gfx1250,256,8192,256,7168,False,torch.bfloat16,torch.bfloat16,False,False,triton,0,0,0.0,auto,0.0,0.0,0.0
gfx1250,256,16384,256,7168,False,torch.bfloat16,torch.bfloat16,False,False,triton,0,0,0.0,auto,0.0,0.0,0.0
gfx1250,256,1,2112,7168,False,torch.bfloat16,torch.bfloat16,False,False,triton,0,0,0.0,auto,0.0,0.0,0.0
gfx1250,256,2,2112,7168,False,torch.bfloat16,torch.bfloat16,False,False,triton,0,0,0.0,auto,0.0,0.0,0.0
gfx1250,256,4,2112,7168,False,torch.bfloat16,torch.bfloat16,False,False,triton,0,0,0.0,auto,0.0,0.0,0.0
gfx1250,256,8,2112,7168,False,torch.bfloat16,torch.bfloat16,False,False,triton,0,0,0.0,auto,0.0,0.0,0.0
gfx1250,256,16,2112,7168,False,torch.bfloat16,torch.bfloat16,False,False,triton,0,0,0.0,auto,0.0,0.0,0.0
gfx1250,256,32,2112,7168,False,torch.bfloat16,torch.bfloat16,False,False,triton,0,0,0.0,auto,0.0,0.0,0.0
gfx1250,256,48,2112,7168,False,torch.bfloat16,torch.bfloat16,False,False,triton,0,0,0.0,auto,0.0,0.0,0.0
gfx1250,256,64,2112,7168,False,torch.bfloat16,torch.bfloat16,False,False,triton,0,0,0.0,auto,0.0,0.0,0.0
gfx1250,256,80,2112,7168,False,torch.bfloat16,torch.bfloat16,False,False,triton,0,0,0.0,auto,0.0,0.0,0.0
gfx1250,256,96,2112,7168,False,torch.bfloat16,torch.bfloat16,False,False,triton,0,0,0.0,auto,0.0,0.0,0.0
gfx1250,256,112,2112,7168,False,torch.bfloat16,torch.bfloat16,False,False,triton,0,0,0.0,auto,0.0,0.0,0.0
gfx1250,256,128,2112,7168,False,torch.bfloat16,torch.bfloat16,False,False,triton,0,0,0.0,auto,0.0,0.0,0.0
gfx1250,256,256,2112,7168,False,torch.bfloat16,torch.bfloat16,False,False,triton,0,0,0.0,auto,0.0,0.0,0.0
gfx1250,256,512,2112,7168,False,torch.bfloat16,torch.bfloat16,False,False,triton,0,0,0.0,auto,0.0,0.0,0.0
gfx1250,256,1024,2112,7168,False,torch.bfloat16,torch.bfloat16,False,False,triton,0,0,0.0,auto,0.0,0.0,0.0
gfx1250,256,2048,2112,7168,False,torch.bfloat16,torch.bfloat16,False,False,triton,0,0,0.0,auto,0.0,0.0,0.0
gfx1250,256,4096,2112,7168,False,torch.bfloat16,torch.bfloat16,False,False,triton,0,0,0.0,auto,0.0,0.0,0.0
gfx1250,256,8192,2112,7168,False,torch.bfloat16,torch.bfloat16,False,False,triton,0,0,0.0,auto,0.0,0.0,0.0
gfx1250,256,16384,2112,7168,False,torch.bfloat16,torch.bfloat16,False,False,triton,0,0,0.0,auto,0.0,0.0,0.0
gfx1250,256,1,3072,1536,False,torch.bfloat16,torch.bfloat16,False,False,triton,0,0,0.0,auto,0.0,0.0,0.0
gfx1250,256,2,3072,1536,False,torch.bfloat16,torch.bfloat16,False,False,triton,0,0,0.0,auto,0.0,0.0,0.0
gfx1250,256,4,3072,1536,False,torch.bfloat16,torch.bfloat16,False,False,triton,0,0,0.0,auto,0.0,0.0,0.0
gfx1250,256,8,3072,1536,False,torch.bfloat16,torch.bfloat16,False,False,triton,0,0,0.0,auto,0.0,0.0,0.0
gfx1250,256,16,3072,1536,False,torch.bfloat16,torch.bfloat16,False,False,triton,0,0,0.0,auto,0.0,0.0,0.0
gfx1250,256,32,3072,1536,False,torch.bfloat16,torch.bfloat16,False,False,triton,0,0,0.0,auto,0.0,0.0,0.0
gfx1250,256,48,3072,1536,False,torch.bfloat16,torch.bfloat16,False,False,triton,0,0,0.0,auto,0.0,0.0,0.0
gfx1250,256,64,3072,1536,False,torch.bfloat16,torch.bfloat16,False,False,triton,0,0,0.0,auto,0.0,0.0,0.0
gfx1250,256,80,3072,1536,False,torch.bfloat16,torch.bfloat16,False,False,triton,0,0,0.0,auto,0.0,0.0,0.0
gfx1250,256,96,3072,1536,False,torch.bfloat16,torch.bfloat16,False,False,triton,0,0,0.0,auto,0.0,0.0,0.0
gfx1250,256,112,3072,1536,False,torch.bfloat16,torch.bfloat16,False,False,triton,0,0,0.0,auto,0.0,0.0,0.0
gfx1250,256,128,3072,1536,False,torch.bfloat16,torch.bfloat16,False,False,triton,0,0,0.0,auto,0.0,0.0,0.0
gfx1250,256,256,3072,1536,False,torch.bfloat16,torch.bfloat16,False,False,triton,0,0,0.0,auto,0.0,0.0,0.0
gfx1250,256,512,3072,1536,False,torch.bfloat16,torch.bfloat16,False,False,triton,0,0,0.0,auto,0.0,0.0,0.0
gfx1250,256,1024,3072,1536,False,torch.bfloat16,torch.bfloat16,False,False,triton,0,0,0.0,auto,0.0,0.0,0.0
gfx1250,256,2048,3072,1536,False,torch.bfloat16,torch.bfloat16,False,False,triton,0,0,0.0,auto,0.0,0.0,0.0
gfx1250,256,4096,3072,1536,False,torch.bfloat16,torch.bfloat16,False,False,triton,0,0,0.0,auto,0.0,0.0,0.0
gfx1250,256,8192,3072,1536,False,torch.bfloat16,torch.bfloat16,False,False,triton,0,0,0.0,auto,0.0,0.0,0.0
gfx1250,256,16384,3072,1536,False,torch.bfloat16,torch.bfloat16,False,False,triton,0,0,0.0,auto,0.0,0.0,0.0
gfx1250,256,1,7168,2048,False,torch.bfloat16,torch.bfloat16,False,False,triton,0,0,0.0,auto,0.0,0.0,0.0
gfx1250,256,2,7168,2048,False,torch.bfloat16,torch.bfloat16,False,False,triton,0,0,0.0,auto,0.0,0.0,0.0
gfx1250,256,4,7168,2048,False,torch.bfloat16,torch.bfloat16,False,False,triton,0,0,0.0,auto,0.0,0.0,0.0
gfx1250,256,8,7168,2048,False,torch.bfloat16,torch.bfloat16,False,False,triton,0,0,0.0,auto,0.0,0.0,0.0
gfx1250,256,16,7168,2048,False,torch.bfloat16,torch.bfloat16,False,False,triton,0,0,0.0,auto,0.0,0.0,0.0
gfx1250,256,32,7168,2048,False,torch.bfloat16,torch.bfloat16,False,False,triton,0,0,0.0,auto,0.0,0.0,0.0
gfx1250,256,48,7168,2048,False,torch.bfloat16,torch.bfloat16,False,False,triton,0,0,0.0,auto,0.0,0.0,0.0
gfx1250,256,64,7168,2048,False,torch.bfloat16,torch.bfloat16,False,False,triton,0,0,0.0,auto,0.0,0.0,0.0
gfx1250,256,80,7168,2048,False,torch.bfloat16,torch.bfloat16,False,False,triton,0,0,0.0,auto,0.0,0.0,0.0
gfx1250,256,96,7168,2048,False,torch.bfloat16,torch.bfloat16,False,False,triton,0,0,0.0,auto,0.0,0.0,0.0
gfx1250,256,112,7168,2048,False,torch.bfloat16,torch.bfloat16,False,False,triton,0,0,0.0,auto,0.0,0.0,0.0
gfx1250,256,128,7168,2048,False,torch.bfloat16,torch.bfloat16,False,False,triton,0,0,0.0,auto,0.0,0.0,0.0
gfx1250,256,256,7168,2048,False,torch.bfloat16,torch.bfloat16,False,False,triton,0,0,0.0,auto,0.0,0.0,0.0
gfx1250,256,512,7168,2048,False,torch.bfloat16,torch.bfloat16,False,False,triton,0,0,0.0,auto,0.0,0.0,0.0
gfx1250,256,1024,7168,2048,False,torch.bfloat16,torch.bfloat16,False,False,triton,0,0,0.0,auto,0.0,0.0,0.0
gfx1250,256,2048,7168,2048,False,torch.bfloat16,torch.bfloat16,False,False,triton,0,0,0.0,auto,0.0,0.0,0.0
gfx1250,256,4096,7168,2048,False,torch.bfloat16,torch.bfloat16,False,False,triton,0,0,0.0,auto,0.0,0.0,0.0
gfx1250,256,8192,7168,2048,False,torch.bfloat16,torch.bfloat16,False,False,triton,0,0,0.0,auto,0.0,0.0,0.0
gfx1250,256,16384,7168,2048,False,torch.bfloat16,torch.bfloat16,False,False,triton,0,0,0.0,auto,0.0,0.0,0.0
gfx1250,256,1,16160,7168,False,torch.bfloat16,torch.bfloat16,False,False,triton,0,0,0.0,auto,0.0,0.0,0.0
gfx1250,256,2,16160,7168,False,torch.bfloat16,torch.bfloat16,False,False,triton,0,0,0.0,auto,0.0,0.0,0.0
gfx1250,256,4,16160,7168,False,torch.bfloat16,torch.bfloat16,False,False,triton,0,0,0.0,auto,0.0,0.0,0.0
gfx1250,256,8,16160,7168,False,torch.bfloat16,torch.bfloat16,False,False,triton,0,0,0.0,auto,0.0,0.0,0.0
gfx1250,256,16,16160,7168,False,torch.bfloat16,torch.bfloat16,False,False,triton,0,0,0.0,auto,0.0,0.0,0.0
gfx1250,256,32,16160,7168,False,torch.bfloat16,torch.bfloat16,False,False,triton,0,0,0.0,auto,0.0,0.0,0.0
gfx1250,256,48,16160,7168,False,torch.bfloat16,torch.bfloat16,False,False,triton,0,0,0.0,auto,0.0,0.0,0.0
gfx1250,256,64,16160,7168,False,torch.bfloat16,torch.bfloat16,False,False,triton,0,0,0.0,auto,0.0,0.0,0.0
gfx1250,256,80,16160,7168,False,torch.bfloat16,torch.bfloat16,False,False,triton,0,0,0.0,auto,0.0,0.0,0.0
gfx1250,256,96,16160,7168,False,torch.bfloat16,torch.bfloat16,False,False,triton,0,0,0.0,auto,0.0,0.0,0.0
gfx1250,256,112,16160,7168,False,torch.bfloat16,torch.bfloat16,False,False,triton,0,0,0.0,auto,0.0,0.0,0.0
gfx1250,256,128,16160,7168,False,torch.bfloat16,torch.bfloat16,False,False,triton,0,0,0.0,auto,0.0,0.0,0.0
gfx1250,256,256,16160,7168,False,torch.bfloat16,torch.bfloat16,False,False,triton,0,0,0.0,auto,0.0,0.0,0.0
gfx1250,256,512,16160,7168,False,torch.bfloat16,torch.bfloat16,False,False,triton,0,0,0.0,auto,0.0,0.0,0.0
gfx1250,256,1024,16160,7168,False,torch.bfloat16,torch.bfloat16,False,False,triton,0,0,0.0,auto,0.0,0.0,0.0
gfx1250,256,2048,16160,7168,False,torch.bfloat16,torch.bfloat16,False,False,triton,0,0,0.0,auto,0.0,0.0,0.0
gfx1250,256,4096,16160,7168,False,torch.bfloat16,torch.bfloat16,False,False,triton,0,0,0.0,auto,0.0,0.0,0.0
gfx1250,256,8192,16160,7168,False,torch.bfloat16,torch.bfloat16,False,False,triton,0,0,0.0,auto,0.0,0.0,0.0
gfx1250,256,16384,16160,7168,False,torch.bfloat16,torch.bfloat16,False,False,triton,0,0,0.0,auto,0.0,0.0,0.0
gfx1250,256,1,129280,7168,False,torch.bfloat16,torch.bfloat16,False,False,triton,0,0,0.0,auto,0.0,0.0,0.0
gfx1250,256,2,129280,7168,False,torch.bfloat16,torch.bfloat16,False,False,triton,0,0,0.0,auto,0.0,0.0,0.0
gfx1250,256,4,129280,7168,False,torch.bfloat16,torch.bfloat16,False,False,triton,0,0,0.0,auto,0.0,0.0,0.0
gfx1250,256,8,129280,7168,False,torch.bfloat16,torch.bfloat16,False,False,triton,0,0,0.0,auto,0.0,0.0,0.0
gfx1250,256,16,129280,7168,False,torch.bfloat16,torch.bfloat16,False,False,triton,0,0,0.0,auto,0.0,0.0,0.0
gfx1250,256,32,129280,7168,False,torch.bfloat16,torch.bfloat16,False,False,triton,0,0,0.0,auto,0.0,0.0,0.0
gfx1250,256,48,129280,7168,False,torch.bfloat16,torch.bfloat16,False,False,triton,0,0,0.0,auto,0.0,0.0,0.0
gfx1250,256,64,129280,7168,False,torch.bfloat16,torch.bfloat16,False,False,triton,0,0,0.0,auto,0.0,0.0,0.0
gfx1250,256,80,129280,7168,False,torch.bfloat16,torch.bfloat16,False,False,triton,0,0,0.0,auto,0.0,0.0,0.0
gfx1250,256,96,129280,7168,False,torch.bfloat16,torch.bfloat16,False,False,triton,0,0,0.0,auto,0.0,0.0,0.0
gfx1250,256,112,129280,7168,False,torch.bfloat16,torch.bfloat16,False,False,triton,0,0,0.0,auto,0.0,0.0,0.0
gfx1250,256,128,129280,7168,False,torch.bfloat16,torch.bfloat16,False,False,triton,0,0,0.0,auto,0.0,0.0,0.0
gfx1250,256,256,129280,7168,False,torch.bfloat16,torch.bfloat16,False,False,triton,0,0,0.0,auto,0.0,0.0,0.0
gfx1250,256,512,129280,7168,False,torch.bfloat16,torch.bfloat16,False,False,triton,0,0,0.0,auto,0.0,0.0,0.0
gfx1250,256,1024,129280,7168,False,torch.bfloat16,torch.bfloat16,False,False,triton,0,0,0.0,auto,0.0,0.0,0.0
gfx1250,256,2048,129280,7168,False,torch.bfloat16,torch.bfloat16,False,False,triton,0,0,0.0,auto,0.0,0.0,0.0
gfx1250,256,4096,129280,7168,False,torch.bfloat16,torch.bfloat16,False,False,triton,0,0,0.0,auto,0.0,0.0,0.0
gfx1250,256,8192,129280,7168,False,torch.bfloat16,torch.bfloat16,False,False,triton,0,0,0.0,auto,0.0,0.0,0.0
gfx1250,256,16384,129280,7168,False,torch.bfloat16,torch.bfloat16,False,False,triton,0,0,0.0,auto,0.0,0.0,0.0
gfx950,256,1,64,7168,False,torch.bfloat16,torch.bfloat16,False,False,flydsl,1949,8,4.6345,flydsl_gemm6_abf16_wbf16_bf16_t16x64x128_split_k8_block_m_warp1_block_n_warp1_block_k_warp2_async_copyTrue_b_to_ldsTrue_b_preshuffleFalse_c_to_ldsFalse_gfx950,0.0156,0.2,201.09
gfx950,256,2,64,7168,False,torch.bfloat16,torch.bfloat16,False,False,flydsl,2229,8,4.9674,flydsl_gemm7_abf16_wbf16_bf16_t16x64x128_split_k8_block_m_warp1_block_n_warp1_block_k_warp2_async_copyTrue_b_to_ldsTrue_b_preshuffleFalse_c_to_ldsFalse_gfx950,0.0078,0.37,190.53
gfx950,256,4,64,7168,False,torch.bfloat16,torch.bfloat16,False,False,asm,1,14,5.2346,_ZN5aiter39bf16gemm_fp32bf16_tn_32x64_splitk_cleanE,0.0195,0.7,186.33
gfx950,256,8,64,7168,False,torch.bfloat16,torch.bfloat16,False,False,flydsl,1949,8,5.0277,flydsl_gemm6_abf16_wbf16_bf16_t16x64x128_split_k8_block_m_warp1_block_n_warp1_block_k_warp2_async_copyTrue_b_to_ldsTrue_b_preshuffleFalse_c_to_ldsFalse_gfx950,0.0254,1.46,205.5
gfx950,256,16,64,7168,False,torch.bfloat16,torch.bfloat16,False,False,flydsl,1950,8,5.1764,flydsl_gemm6_abf16_wbf16_bf16_t16x64x128_split_k8_block_m_warp1_block_n_warp2_block_k_warp1_async_copyTrue_b_to_ldsTrue_b_preshuffleFalse_c_to_ldsFalse_gfx950,0.0273,2.84,221.96
gfx950,256,32,64,7168,False,torch.bfloat16,torch.bfloat16,False,False,flydsl,2226,7,5.2257,flydsl_gemm7_abf16_wbf16_bf16_t16x64x128_split_k7_block_m_warp1_block_n_warp1_block_k_warp2_async_copyTrue_b_to_ldsTrue_b_preshuffleFalse_c_to_ldsFalse_gfx950,0.0254,5.62,264.15
gfx950,256,48,64,7168,False,torch.bfloat16,torch.bfloat16,False,False,flydsl,1949,8,5.2045,flydsl_gemm6_abf16_wbf16_bf16_t16x64x128_split_k8_block_m_warp1_block_n_warp1_block_k_warp2_async_copyTrue_b_to_ldsTrue_b_preshuffleFalse_c_to_ldsFalse_gfx950,0.0303,8.46,309.69
gfx950,256,64,64,7168,False,torch.bfloat16,torch.bfloat16,False,False,flydsl,2884,8,5.3558,flydsl_gemm7_abf16_wbf16_bf16_t16x64x128_split_k8_block_m_warp1_block_n_warp1_block_k_warp2_async_copyTrue_b_to_ldsTrue_b_preshuffleFalse_c_to_ldsFalse_gfx950,0.03,10.96,344.15
gfx950,256,80,64,7168,False,torch.bfloat16,torch.bfloat16,False,False,flydsl,2885,8,5.2201,flydsl_gemm7_abf16_wbf16_bf16_t16x64x128_split_k8_block_m_warp1_block_n_warp2_block_k_warp1_async_copyTrue_b_to_ldsTrue_b_preshuffleFalse_c_to_ldsFalse_gfx950,0.0211,14.06,397.43
gfx950,256,96,64,7168,False,torch.bfloat16,torch.bfloat16,False,False,flydsl,2605,8,5.5938,flydsl_gemm6_abf16_wbf16_bf16_t16x64x128_split_k8_block_m_warp1_block_n_warp2_block_k_warp1_async_copyTrue_b_to_ldsTrue_b_preshuffleFalse_c_to_ldsFalse_gfx950,0.02,15.75,412.25
gfx950,256,112,64,7168,False,torch.bfloat16,torch.bfloat16,False,False,flydsl,2605,8,5.6367,flydsl_gemm6_abf16_wbf16_bf16_t16x64x128_split_k8_block_m_warp1_block_n_warp2_block_k_warp1_async_copyTrue_b_to_ldsTrue_b_preshuffleFalse_c_to_ldsFalse_gfx950,0.0209,18.23,450.17
gfx950,256,128,64,7168,False,torch.bfloat16,torch.bfloat16,False,False,flydsl,2974,8,5.9966,flydsl_gemm6_abf16_wbf16_bf16_t16x64x128_split_k8_block_m_warp1_block_n_warp1_block_k_warp2_async_copyTrue_b_to_ldsTrue_b_preshuffleFalse_c_to_ldsFalse_gfx950,0.0284,19.58,461.74
gfx950,256,144,64,7168,False,torch.bfloat16,torch.bfloat16,False,False,flydsl,1888,8,6.0387,flydsl_gemm4_abf16_wbf16_bf16_t16x64x128_split_k8_block_m_warp1_block_n_warp2_block_k_warp1_async_copyTrue_b_to_ldsTrue_b_preshuffleFalse_c_to_ldsFalse_gfx950,0.0221,21.88,496.85
gfx950,256,160,64,7168,False,torch.bfloat16,torch.bfloat16,False,False,flydsl,2510,8,6.1011,flydsl_gemm5_abf16_wbf16_bf16_t16x64x128_split_k8_block_m_warp1_block_n_warp2_block_k_warp1_async_copyTrue_b_to_ldsTrue_b_preshuffleFalse_c_to_ldsFalse_gfx950,0.0204,24.06,529.7
gfx950,256,176,64,7168,False,torch.bfloat16,torch.bfloat16,False,False,flydsl,2975,8,6.2735,flydsl_gemm6_abf16_wbf16_bf16_t16x64x128_split_k8_block_m_warp1_block_n_warp2_block_k_warp1_async_copyTrue_b_to_ldsTrue_b_preshuffleFalse_c_to_ldsFalse_gfx950,0.0194,25.74,552.03
gfx950,256,192,64,7168,False,torch.bfloat16,torch.bfloat16,False,False,flydsl,1888,8,6.4134,flydsl_gemm4_abf16_wbf16_bf16_t16x64x128_split_k8_block_m_warp1_block_n_warp2_block_k_warp1_async_copyTrue_b_to_ldsTrue_b_preshuffleFalse_c_to_ldsFalse_gfx950,0.0199,27.47,576.07
gfx950,256,208,64,7168,False,torch.bfloat16,torch.bfloat16,False,False,flydsl,2974,8,6.5243,flydsl_gemm6_abf16_wbf16_bf16_t16x64x128_split_k8_block_m_warp1_block_n_warp1_block_k_warp2_async_copyTrue_b_to_ldsTrue_b_preshuffleFalse_c_to_ldsFalse_gfx950,0.0282,29.25,601.75
gfx950,256,224,64,7168,False,torch.bfloat16,torch.bfloat16,False,False,flydsl,2510,8,6.6854,flydsl_gemm5_abf16_wbf16_bf16_t16x64x128_split_k8_block_m_warp1_block_n_warp2_block_k_warp1_async_copyTrue_b_to_ldsTrue_b_preshuffleFalse_c_to_ldsFalse_gfx950,0.0203,30.74,621.87
gfx950,256,240,64,7168,False,torch.bfloat16,torch.bfloat16,False,False,flydsl,2510,8,6.8663,flydsl_gemm5_abf16_wbf16_bf16_t16x64x128_split_k8_block_m_warp1_block_n_warp2_block_k_warp1_async_copyTrue_b_to_ldsTrue_b_preshuffleFalse_c_to_ldsFalse_gfx950,0.0205,32.07,639.19
gfx950,256,256,64,7168,False,torch.bfloat16,torch.bfloat16,False,False,flydsl,2044,8,7.2399,flydsl_gemm4_abf16_wbf16_bf16_t32x64x128_split_k8_block_m_warp2_block_n_warp1_block_k_warp2_async_copyTrue_b_to_ldsTrue_b_preshuffleFalse_c_to_ldsFalse_gfx950,0.0292,32.44,638.17
gfx950,256,288,64,7168,False,torch.bfloat16,torch.bfloat16,False,False,flydsl,1888,8,7.1555,flydsl_gemm4_abf16_wbf16_bf16_t16x64x128_split_k8_block_m_warp1_block_n_warp2_block_k_warp1_async_copyTrue_b_to_ldsTrue_b_preshuffleFalse_c_to_ldsFalse_gfx950,0.0217,36.93,710.38
gfx950,256,320,64,7168,False,torch.bfloat16,torch.bfloat16,False,False,flydsl,1888,8,7.1986,flydsl_gemm4_abf16_wbf16_bf16_t16x64x128_split_k8_block_m_warp1_block_n_warp2_block_k_warp1_async_copyTrue_b_to_ldsTrue_b_preshuffleFalse_c_to_ldsFalse_gfx950,0.0209,40.79,770.43
gfx950,256,352,64,7168,False,torch.bfloat16,torch.bfloat16,False,False,flydsl,2975,8,7.2323,flydsl_gemm6_abf16_wbf16_bf16_t16x64x128_split_k8_block_m_warp1_block_n_warp2_block_k_warp1_async_copyTrue_b_to_ldsTrue_b_preshuffleFalse_c_to_ldsFalse_gfx950,0.0218,44.66,830.83
gfx950,256,384,64,7168,False,torch.bfloat16,torch.bfloat16,False,False,flydsl,1888,8,7.416,flydsl_gemm4_abf16_wbf16_bf16_t16x64x128_split_k8_block_m_warp1_block_n_warp2_block_k_warp1_async_copyTrue_b_to_ldsTrue_b_preshuffleFalse_c_to_ldsFalse_gfx950,0.0199,47.51,872.66
gfx950,256,416,64,7168,False,torch.bfloat16,torch.bfloat16,False,False,flydsl,1885,7,7.5315,flydsl_gemm4_abf16_wbf16_bf16_t16x64x128_split_k7_block_m_warp1_block_n_warp2_block_k_warp1_async_copyTrue_b_to_ldsTrue_b_preshuffleFalse_c_to_ldsFalse_gfx950,0.0191,50.68,920.74
gfx950,256,448,64,7168,False,torch.bfloat16,torch.bfloat16,False,False,flydsl,3254,8,7.6463,flydsl_gemm7_abf16_wbf16_bf16_t16x64x128_split_k8_block_m_warp1_block_n_warp1_block_k_warp2_async_copyTrue_b_to_ldsTrue_b_preshuffleFalse_c_to_ldsFalse_gfx950,0.0268,53.76,967.45
gfx950,256,480,64,7168,False,torch.bfloat16,torch.bfloat16,False,False,flydsl,3505,8,7.665,flydsl_gemm8_abf16_wbf16_bf16_t16x64x64_split_k8_block_m_warp1_block_n_warp2_block_k_warp1_async_copyTrue_b_to_ldsTrue_b_preshuffleFalse_c_to_ldsFalse_gfx950,0.0197,57.46,1025.47
gfx950,256,512,64,7168,False,torch.bfloat16,torch.bfloat16,False,False,flydsl,1885,7,7.8209,flydsl_gemm4_abf16_wbf16_bf16_t16x64x128_split_k7_block_m_warp1_block_n_warp2_block_k_warp1_async_copyTrue_b_to_ldsTrue_b_preshuffleFalse_c_to_ldsFalse_gfx950,0.0205,60.06,1064.21
gfx950,256,544,64,7168,False,torch.bfloat16,torch.bfloat16,False,False,flydsl,3502,7,8.0423,flydsl_gemm8_abf16_wbf16_bf16_t16x64x64_split_k7_block_m_warp1_block_n_warp2_block_k_warp1_async_copyTrue_b_to_ldsTrue_b_preshuffleFalse_c_to_ldsFalse_gfx950,0.0205,62.06,1092.46
gfx950,256,576,64,7168,False,torch.bfloat16,torch.bfloat16,False,False,flydsl,2987,7,8.0971,flydsl_gemm6_abf16_wbf16_bf16_t16x64x64_split_k7_block_m_warp1_block_n_warp2_block_k_warp1_async_copyTrue_b_to_ldsTrue_b_preshuffleFalse_c_to_ldsFalse_gfx950,0.019,65.27,1142.23
gfx950,256,608,64,7168,False,torch.bfloat16,torch.bfloat16,False,False,flydsl,2042,8,8.2383,flydsl_gemm4_abf16_wbf16_bf16_t32x64x128_split_k8_block_m_warp1_block_n_warp4_block_k_warp1_async_copyTrue_b_to_ldsTrue_b_preshuffleFalse_c_to_ldsFalse_gfx950,0.0215,67.71,1178.84
gfx950,256,640,64,7168,False,torch.bfloat16,torch.bfloat16,False,False,flydsl,3312,8,8.5049,flydsl_gemm7_abf16_wbf16_bf16_t32x64x64_split_k8_block_m_warp1_block_n_warp4_block_k_warp1_async_copyTrue_b_to_ldsTrue_b_preshuffleFalse_c_to_ldsFalse_gfx950,0.021,69.04,1196.31
gfx950,256,672,64,7168,False,torch.bfloat16,torch.bfloat16,False,False,flydsl,3538,7,8.503,flydsl_gemm8_abf16_wbf16_bf16_t32x64x64_split_k7_block_m_warp1_block_n_warp4_block_k_warp1_async_copyTrue_b_to_ldsTrue_b_preshuffleFalse_c_to_ldsFalse_gfx950,0.0197,72.51,1251.01
gfx950,256,704,64,7168,False,torch.bfloat16,torch.bfloat16,False,False,flydsl,2033,7,8.3665,flydsl_gemm4_abf16_wbf16_bf16_t32x64x128_split_k7_block_m_warp1_block_n_warp4_block_k_warp1_async_copyTrue_b_to_ldsTrue_b_preshuffleFalse_c_to_ldsFalse_gfx950,0.0195,77.2,1326.74
gfx950,256,736,64,7168,False,torch.bfloat16,torch.bfloat16,False,False,flydsl,2033,7,8.3686,flydsl_gemm4_abf16_wbf16_bf16_t32x64x128_split_k7_block_m_warp1_block_n_warp4_block_k_warp1_async_copyTrue_b_to_ldsTrue_b_preshuffleFalse_c_to_ldsFalse_gfx950,0.0198,80.69,1381.71
gfx950,256,768,64,7168,False,torch.bfloat16,torch.bfloat16,False,False,flydsl,2033,7,8.7819,flydsl_gemm4_abf16_wbf16_bf16_t32x64x128_split_k7_block_m_warp1_block_n_warp4_block_k_warp1_async_copyTrue_b_to_ldsTrue_b_preshuffleFalse_c_to_ldsFalse_gfx950,0.0198,80.24,1369.39
gfx950,256,800,64,7168,False,torch.bfloat16,torch.bfloat16,False,False,flydsl,2042,8,8.7626,flydsl_gemm4_abf16_wbf16_bf16_t32x64x128_split_k8_block_m_warp1_block_n_warp4_block_k_warp1_async_copyTrue_b_to_ldsTrue_b_preshuffleFalse_c_to_ldsFalse_gfx950,0.022,83.77,1425.23
gfx950,256,832,64,7168,False,torch.bfloat16,torch.bfloat16,False,False,flydsl,2560,7,9.1384,flydsl_gemm5_abf16_wbf16_bf16_t32x64x128_split_k7_block_m_warp2_block_n_warp1_block_k_warp2_async_copyTrue_b_to_ldsTrue_b_preshuffleFalse_c_to_ldsFalse_gfx950,0.0265,83.53,1417.27
gfx950,256,864,64,7168,False,torch.bfloat16,torch.bfloat16,False,False,flydsl,2036,7,9.0782,flydsl_gemm4_abf16_wbf16_bf16_t32x64x128_split_k7_block_m_warp2_block_n_warp2_block_k_warp1_async_copyTrue_b_to_ldsTrue_b_preshuffleFalse_c_to_ldsFalse_gfx950,0.0196,87.32,1477.65
gfx950,256,896,64,7168,False,torch.bfloat16,torch.bfloat16,False,False,flydsl,2036,7,9.162,flydsl_gemm4_abf16_wbf16_bf16_t32x64x128_split_k7_block_m_warp2_block_n_warp2_block_k_warp1_async_copyTrue_b_to_ldsTrue_b_preshuffleFalse_c_to_ldsFalse_gfx950,0.0194,89.73,1514.65
gfx950,256,928,64,7168,False,torch.bfloat16,torch.bfloat16,False,False,flydsl,2035,7,9.2709,flydsl_gemm4_abf16_wbf16_bf16_t32x64x128_split_k7_block_m_warp2_block_n_warp1_block_k_warp2_async_copyTrue_b_to_ldsTrue_b_preshuffleFalse_c_to_ldsFalse_gfx950,0.0266,91.84,1546.79
gfx950,256,960,64,7168,False,torch.bfloat16,torch.bfloat16,False,False,flydsl,2557,7,9.5174,flydsl_gemm5_abf16_wbf16_bf16_t32x64x128_split_k7_block_m_warp1_block_n_warp2_block_k_warp2_async_copyTrue_b_to_ldsTrue_b_preshuffleFalse_c_to_ldsFalse_gfx950,0.0266,92.55,1555.36
gfx950,256,992,64,7168,False,torch.bfloat16,torch.bfloat16,False,False,flydsl,2036,7,9.501,flydsl_gemm4_abf16_wbf16_bf16_t32x64x128_split_k7_block_m_warp2_block_n_warp2_block_k_warp1_async_copyTrue_b_to_ldsTrue_b_preshuffleFalse_c_to_ldsFalse_gfx950,0.0195,95.8,1606.76
gfx950,256,1024,64,7168,False,torch.bfloat16,torch.bfloat16,False,False,flydsl,1882,4,9.9558,flydsl_gemm4_abf16_wbf16_bf16_t16x64x128_split_k4_block_m_warp1_block_n_warp2_block_k_warp1_async_copyTrue_b_to_ldsTrue_b_preshuffleFalse_c_to_ldsFalse_gfx950,0.0137,94.37,1579.85
gfx950,256,1088,64,7168,False,torch.bfloat16,torch.bfloat16,False,False,flydsl,2036,7,9.952,flydsl_gemm4_abf16_wbf16_bf16_t32x64x128_split_k7_block_m_warp2_block_n_warp2_block_k_warp1_async_copyTrue_b_to_ldsTrue_b_preshuffleFalse_c_to_ldsFalse_gfx950,0.02,100.31,1673.47
gfx950,256,1152,64,7168,False,torch.bfloat16,torch.bfloat16,False,False,flydsl,2036,7,10.195,flydsl_gemm4_abf16_wbf16_bf16_t32x64x128_split_k7_block_m_warp2_block_n_warp2_block_k_warp1_async_copyTrue_b_to_ldsTrue_b_preshuffleFalse_c_to_ldsFalse_gfx950,0.0195,103.67,1724.38
gfx950,256,1216,64,7168,False,torch.bfloat16,torch.bfloat16,False,False,flydsl,1411,4,10.8133,flydsl_gemm3_abf16_wbf16_bf16_t32x64x256_split_k4_block_m_warp1_block_n_warp4_block_k_warp1_async_copyTrue_b_to_ldsTrue_b_preshuffleFalse_c_to_ldsFalse_gfx950,0.0136,103.18,1711.39
gfx950,256,1280,64,7168,False,torch.bfloat16,torch.bfloat16,False,False,flydsl,3562,7,11.087,flydsl_gemm8_abf16_wbf16_bf16_t48x64x64_split_k7_block_m_warp1_block_n_warp2_block_k_warp1_async_copyTrue_b_to_ldsTrue_b_preshuffleFalse_c_to_ldsFalse_gfx950,0.0197,105.93,1752.63
gfx950,256,1344,64,7168,False,torch.bfloat16,torch.bfloat16,False,False,flydsl,2551,4,11.006,flydsl_gemm5_abf16_wbf16_bf16_t32x64x128_split_k4_block_m_warp2_block_n_warp1_block_k_warp2_async_copyTrue_b_to_ldsTrue_b_preshuffleFalse_c_to_ldsFalse_gfx950,0.0212,112.04,1849.64
gfx950,256,1408,64,7168,False,torch.bfloat16,torch.bfloat16,False,False,flydsl,2551,4,11.3798,flydsl_gemm5_abf16_wbf16_bf16_t32x64x128_split_k4_block_m_warp2_block_n_warp1_block_k_warp2_async_copyTrue_b_to_ldsTrue_b_preshuffleFalse_c_to_ldsFalse_gfx950,0.022,113.52,1870.23
gfx950,256,1472,64,7168,False,torch.bfloat16,torch.bfloat16,False,False,flydsl,2027,4,11.2311,flydsl_gemm4_abf16_wbf16_bf16_t32x64x128_split_k4_block_m_warp2_block_n_warp2_block_k_warp1_async_copyTrue_b_to_ldsTrue_b_preshuffleFalse_c_to_ldsFalse_gfx950,0.0144,120.25,1977.41
gfx950,256,1536,64,7168,False,torch.bfloat16,torch.bfloat16,False,False,flydsl,2023,4,11.5785,flydsl_gemm4_abf16_wbf16_bf16_t32x64x128_split_k4_block_m_warp1_block_n_warp2_block_k_warp2_async_copyTrue_b_to_ldsTrue_b_preshuffleFalse_c_to_ldsFalse_gfx950,0.0215,121.72,1998.03
gfx950,256,1600,64,7168,False,torch.bfloat16,torch.bfloat16,False,False,flydsl,2024,4,11.6405,flydsl_gemm4_abf16_wbf16_bf16_t32x64x128_split_k4_block_m_warp1_block_n_warp4_block_k_warp1_async_copyTrue_b_to_ldsTrue_b_preshuffleFalse_c_to_ldsFalse_gfx950,0.0139,126.11,2066.91
gfx950,256,1664,64,7168,False,torch.bfloat16,torch.bfloat16,False,False,flydsl,2551,4,11.9241,flydsl_gemm5_abf16_wbf16_bf16_t32x64x128_split_k4_block_m_warp2_block_n_warp1_block_k_warp2_async_copyTrue_b_to_ldsTrue_b_preshuffleFalse_c_to_ldsFalse_gfx950,0.0218,128.04,2095.39
gfx950,256,1728,64,7168,False,torch.bfloat16,torch.bfloat16,False,False,flydsl,2548,4,11.831,flydsl_gemm5_abf16_wbf16_bf16_t32x64x128_split_k4_block_m_warp1_block_n_warp2_block_k_warp2_async_copyTrue_b_to_ldsTrue_b_preshuffleFalse_c_to_ldsFalse_gfx950,0.0217,134.01,2190.12
gfx950,256,1792,64,7168,False,torch.bfloat16,torch.bfloat16,False,False,flydsl,2548,4,12.3336,flydsl_gemm5_abf16_wbf16_bf16_t32x64x128_split_k4_block_m_warp1_block_n_warp2_block_k_warp2_async_copyTrue_b_to_ldsTrue_b_preshuffleFalse_c_to_ldsFalse_gfx950,0.0208,133.31,2175.93
gfx950,256,1856,64,7168,False,torch.bfloat16,torch.bfloat16,False,False,flydsl,2023,4,12.2171,flydsl_gemm4_abf16_wbf16_bf16_t32x64x128_split_k4_block_m_warp1_block_n_warp2_block_k_warp2_async_copyTrue_b_to_ldsTrue_b_preshuffleFalse_c_to_ldsFalse_gfx950,0.0209,139.39,2272.45
gfx950,256,1920,64,7168,False,torch.bfloat16,torch.bfloat16,False,False,flydsl,2024,4,12.5809,flydsl_gemm4_abf16_wbf16_bf16_t32x64x128_split_k4_block_m_warp1_block_n_warp4_block_k_warp1_async_copyTrue_b_to_ldsTrue_b_preshuffleFalse_c_to_ldsFalse_gfx950,0.0134,140.02,2280.31
gfx950,256,1984,64,7168,False,torch.bfloat16,torch.bfloat16,False,False,flydsl,2548,4,12.7049,flydsl_gemm5_abf16_wbf16_bf16_t32x64x128_split_k4_block_m_warp1_block_n_warp2_block_k_warp2_async_copyTrue_b_to_ldsTrue_b_preshuffleFalse_c_to_ldsFalse_gfx950,0.021,143.28,2330.92
gfx950,256,2048,64,7168,False,torch.bfloat16,torch.bfloat16,False,False,flydsl,2024,4,13.0756,flydsl_gemm4_abf16_wbf16_bf16_t32x64x128_split_k4_block_m_warp1_block_n_warp4_block_k_warp1_async_copyTrue_b_to_ldsTrue_b_preshuffleFalse_c_to_ldsFalse_gfx950,0.0133,143.71,2335.63
gfx950,256,4096,64,7168,False,torch.bfloat16,torch.bfloat16,False,False,asm,8,5,18.6483,_ZN5aiter39bf16gemm_fp32bf16_tn_96x64_splitk_cleanE,0.0161,201.52,3226.14
gfx950,256,6144,64,7168,False,torch.bfloat16,torch.bfloat16,False,False,asm,8,4,23.4754,_ZN5aiter39bf16gemm_fp32bf16_tn_96x64_splitk_cleanE,0.0136,240.13,3824.61
gfx950,256,8192,64,7168,False,torch.bfloat16,torch.bfloat16,False,False,flydsl,2533,1,28.7871,flydsl_gemm5_abf16_wbf16_bf16_t32x64x128_split_k1_block_m_warp2_block_n_warp1_block_k_warp2_async_copyTrue_b_to_ldsTrue_b_preshuffleFalse_c_to_ldsFalse_gfx950,0.0059,261.1,4147.92
gfx950,256,10240,64,7168,False,torch.bfloat16,torch.bfloat16,False,False,torch,0,0,31.9022,native,0.0,294.5,4671.43
gfx950,256,12288,64,7168,False,torch.bfloat16,torch.bfloat16,False,False,asm,8,2,37.7359,_ZN5aiter39bf16gemm_fp32bf16_tn_96x64_splitk_cleanE,0.0061,298.77,4734.25
gfx950,256,14336,64,7168,False,torch.bfloat16,torch.bfloat16,False,False,flydsl,2661,1,42.8973,flydsl_gemm5_abf16_wbf16_bf16_t64x64x128_split_k1_block_m_warp4_block_n_warp1_block_k_warp2_async_copyTrue_b_to_ldsTrue_b_preshuffleFalse_c_to_ldsFalse_gfx950,0.0059,306.62,4855.16
gfx950,256,16384,64,7168,False,torch.bfloat16,torch.bfloat16,False,False,flydsl,2137,1,45.0666,flydsl_gemm4_abf16_wbf16_bf16_t64x64x128_split_k1_block_m_warp4_block_n_warp2_block_k_warp1_async_copyTrue_b_to_ldsTrue_b_preshuffleFalse_c_to_ldsFalse_gfx950,0.0,333.56,5278.76
gfx950,256,32768,64,7168,False,torch.bfloat16,torch.bfloat16,False,False,flydsl,1803,1,80.6804,flydsl_gemm4_abf16_wbf16_bf16_t128x64x64_split_k1_block_m_warp4_block_n_warp1_block_k_warp1_async_copyTrue_b_to_ldsTrue_b_preshuffleFalse_c_to_ldsFalse_gfx950,0.0,372.64,5885.86
gfx950,256,1,384,7168,False,torch.bfloat16,torch.bfloat16,False,False,torch,0,0,5.9534,native,0.013,0.92,927.22
gfx950,256,2,384,7168,False,torch.bfloat16,torch.bfloat16,False,False,torch,0,0,6.0359,native,0.0156,1.82,917.05
gfx950,256,4,384,7168,False,torch.bfloat16,torch.bfloat16,False,False,torch,0,0,6.003,native,0.0326,3.67,927.11
gfx950,256,160,384,7168,False,torch.bfloat16,torch.bfloat16,False,False,torch,0,0,10.0995,native,0.0151,87.21,784.36
gfx950,256,352,384,7168,False,torch.bfloat16,torch.bfloat16,False,False,flydsl,3111,4,13.1158,flydsl_gemm3_abf16_wbf16_bf16_t64x64x128_split_k4_block_m_warp2_block_n_warp4_block_k_warp1_async_copyTrue_b_to_ldsTrue_b_preshuffleFalse_c_to_ldsFalse_gfx950,0.0137,147.74,825.08
gfx950,256,416,384,7168,False,torch.bfloat16,torch.bfloat16,False,False,flydsl,4201,4,14.1797,flydsl_gemm4_abf16_wbf16_bf16_t64x64x128_split_k4_block_m_warp4_block_n_warp2_block_k_warp1_async_copyTrue_b_to_ldsTrue_b_preshuffleFalse_c_to_ldsFalse_gfx950,0.0139,161.5,831.35
gfx950,256,480,384,7168,False,torch.bfloat16,torch.bfloat16,False,False,flydsl,3104,4,15.0036,flydsl_gemm3_abf16_wbf16_bf16_t64x64x128_split_k4_block_m_warp1_block_n_warp4_block_k_warp1_async_copyTrue_b_to_ldsTrue_b_preshuffleFalse_c_to_ldsFalse_gfx950,0.014,176.12,850.13
gfx950,256,544,384,7168,False,torch.bfloat16,torch.bfloat16,False,False,asm,7,5,15.7162,_ZN5aiter39bf16gemm_fp32bf16_tn_80x64_splitk_cleanE,0.0162,190.55,873.09
gfx950,256,576,384,7168,False,torch.bfloat16,torch.bfloat16,False,False,asm,7,5,16.2445,_ZN5aiter39bf16gemm_fp32bf16_tn_80x64_splitk_cleanE,0.016,195.2,874.45
gfx950,256,608,384,7168,False,torch.bfloat16,torch.bfloat16,False,False,asm,5,4,16.5819,_ZN5aiter39bf16gemm_fp32bf16_tn_64x64_splitk_cleanE,0.0134,201.85,885.8
gfx950,256,640,384,7168,False,torch.bfloat16,torch.bfloat16,False,False,asm,8,5,16.8416,_ZN5aiter39bf16gemm_fp32bf16_tn_96x64_splitk_cleanE,0.0158,209.2,900.84
gfx950,256,672,384,7168,False,torch.bfloat16,torch.bfloat16,False,False,asm,7,4,17.031,_ZN5aiter39bf16gemm_fp32bf16_tn_80x64_splitk_cleanE,0.0136,217.21,919.2
gfx950,256,704,384,7168,False,torch.bfloat16,torch.bfloat16,False,False,asm,7,4,17.4535,_ZN5aiter39bf16gemm_fp32bf16_tn_80x64_splitk_cleanE,0.0136,222.05,924.64
gfx950,256,736,384,7168,False,torch.bfloat16,torch.bfloat16,False,False,asm,7,4,17.6903,_ZN5aiter39bf16gemm_fp32bf16_tn_80x64_splitk_cleanE,0.0135,229.03,939.59
gfx950,256,768,384,7168,False,torch.bfloat16,torch.bfloat16,False,False,asm,7,4,18.2453,_ZN5aiter39bf16gemm_fp32bf16_tn_80x64_splitk_cleanE,0.0136,231.72,937.5
gfx950,256,800,384,7168,False,torch.bfloat16,torch.bfloat16,False,False,asm,8,4,18.4739,_ZN5aiter39bf16gemm_fp32bf16_tn_96x64_splitk_cleanE,0.0133,238.39,952.06
gfx950,256,832,384,7168,False,torch.bfloat16,torch.bfloat16,False,False,asm,8,4,18.7409,_ZN5aiter39bf16gemm_fp32bf16_tn_96x64_splitk_cleanE,0.0135,244.39,964.28
gfx950,256,864,384,7168,False,torch.bfloat16,torch.bfloat16,False,False,asm,8,4,19.191,_ZN5aiter39bf16gemm_fp32bf16_tn_96x64_splitk_cleanE,0.0135,247.84,966.85
gfx950,256,896,384,7168,False,torch.bfloat16,torch.bfloat16,False,False,asm,8,4,19.6485,_ZN5aiter39bf16gemm_fp32bf16_tn_96x64_splitk_cleanE,0.0138,251.04,968.94
gfx950,256,928,384,7168,False,torch.bfloat16,torch.bfloat16,False,False,asm,7,3,19.7295,_ZN5aiter39bf16gemm_fp32bf16_tn_80x64_splitk_cleanE,0.0103,258.94,989.46
gfx950,256,960,384,7168,False,torch.bfloat16,torch.bfloat16,False,False,asm,8,4,20.3116,_ZN5aiter39bf16gemm_fp32bf16_tn_96x64_splitk_cleanE,0.0135,260.19,984.9
gfx950,256,992,384,7168,False,torch.bfloat16,torch.bfloat16,False,False,asm,7,3,20.1248,_ZN5aiter39bf16gemm_fp32bf16_tn_80x64_splitk_cleanE,0.0104,271.36,1018.06
gfx950,256,1088,384,7168,False,torch.bfloat16,torch.bfloat16,False,False,torch,0,0,21.0138,native,0.0,285.03,1043.99
gfx950,256,1152,384,7168,False,torch.bfloat16,torch.bfloat16,False,False,torch,0,0,21.1881,native,0.0,299.31,1081.02
gfx950,256,1216,384,7168,False,torch.bfloat16,torch.bfloat16,False,False,asm,8,3,23.7224,_ZN5aiter39bf16gemm_fp32bf16_tn_96x64_splitk_cleanE,0.0103,282.19,1006.28
gfx950,256,1280,384,7168,False,torch.bfloat16,torch.bfloat16,False,False,asm,8,3,24.2314,_ZN5aiter39bf16gemm_fp32bf16_tn_96x64_splitk_cleanE,0.0103,290.8,1025.04
gfx950,256,1344,384,7168,False,torch.bfloat16,torch.bfloat16,False,False,opus,1215,4,24.7665,opus_gemm_flatmm_splitk_256x64x96x64_2x1_16x16x32_0x0x0_wgpcu2_nooob,0.0,298.74,1041.92
gfx950,256,1408,384,7168,False,torch.bfloat16,torch.bfloat16,False,False,torch,0,0,23.136,native,0.0,335.02,1157.13
gfx950,256,1472,384,7168,False,torch.bfloat16,torch.bfloat16,False,False,torch,0,0,22.7728,native,0.0,355.84,1218.04
gfx950,256,1536,384,7168,False,torch.bfloat16,torch.bfloat16,False,False,torch,0,0,22.9835,native,0.0,367.9,1248.93
gfx950,256,1600,384,7168,False,torch.bfloat16,torch.bfloat16,False,False,torch,0,0,24.0987,native,0.0,365.5,1231.25
gfx950,256,1664,384,7168,False,torch.bfloat16,torch.bfloat16,False,False,torch,0,0,24.5493,native,0.0,373.14,1248.02
gfx950,256,1728,384,7168,False,torch.bfloat16,torch.bfloat16,False,False,opus,1221,4,28.9455,opus_gemm_flatmm_splitk_256x96x64x64_2x1_16x16x32_0x0x0_wgpcu2_nooob,0.0,328.64,1091.87
gfx950,256,1792,384,7168,False,torch.bfloat16,torch.bfloat16,False,False,opus,1214,2,30.7184,opus_gemm_flatmm_splitk_256x64x96x64_2x1_16x16x32_0x0x0_wgpcu1_nooob,0.0,321.14,1060.32
gfx950,256,1856,384,7168,False,torch.bfloat16,torch.bfloat16,False,False,opus,222,2,30.4958,opus_gemm_flatmm_splitk_256x96x64x128_2x1_16x16x32_0x0x0_wgpcu1,0.0,335.04,1099.76
gfx950,256,1920,384,7168,False,torch.bfloat16,torch.bfloat16,False,False,opus,1220,2,30.6877,opus_gemm_flatmm_splitk_256x96x64x64_2x1_16x16x32_0x0x0_wgpcu1_nooob,0.0,344.43,1124.38
gfx950,256,1984,384,7168,False,torch.bfloat16,torch.bfloat16,False,False,opus,220,2,31.9476,opus_gemm_flatmm_splitk_256x96x64x64_2x1_16x16x32_0x0x0_wgpcu1,0.0,341.87,1110.3
gfx950,256,2048,384,7168,False,torch.bfloat16,torch.bfloat16,False,False,torch,0,0,27.9932,native,0.0,402.75,1301.67
gfx950,256,4096,384,7168,False,torch.bfloat16,torch.bfloat16,False,False,torch,0,0,46.8307,native,0.0,481.49,1438.61
gfx950,256,6144,384,7168,False,torch.bfloat16,torch.bfloat16,False,False,torch,0,0,55.0052,native,0.0,614.9,1787.18
gfx950,256,8192,384,7168,False,torch.bfloat16,torch.bfloat16,False,False,torch,0,0,73.3825,native,0.0,614.55,1761.14
gfx950,256,10240,384,7168,False,torch.bfloat16,torch.bfloat16,False,False,flydsl,3464,1,79.9404,flydsl_gemm4_abf16_wbf16_bf16_t128x128x64_split_k1_block_m_warp4_block_n_warp2_block_k_warp1_async_copyTrue_b_to_ldsTrue_b_preshuffleFalse_c_to_ldsFalse_gfx950,0.0,705.17,2003.62
gfx950,256,12288,384,7168,False,torch.bfloat16,torch.bfloat16,False,False,torch,0,0,83.1459,native,0.0,813.58,2298.41
gfx950,256,14336,384,7168,False,torch.bfloat16,torch.bfloat16,False,False,torch,0,0,92.1367,native,0.0,856.55,2409.85
gfx950,256,16384,384,7168,False,torch.bfloat16,torch.bfloat16,False,False,torch,0,0,100.5218,native,0.0,897.26,2516.56
gfx950,256,1,512,7168,False,torch.bfloat16,torch.bfloat16,False,False,flydsl,2993,8,6.3389,flydsl_gemm4_abf16_wbf16_bf16_t16x64x128_split_k8_block_m_warp1_block_n_warp2_block_k_warp1_async_copyTrue_b_to_ldsTrue_b_preshuffleFalse_c_to_ldsFalse_gfx950,0.0137,1.16,1160.36
gfx950,256,2,512,7168,False,torch.bfloat16,torch.bfloat16,False,False,flydsl,5260,8,6.2961,flydsl_gemm8_abf16_wbf16_bf16_t16x64x64_split_k8_block_m_warp1_block_n_warp2_block_k_warp1_async_copyTrue_b_to_ldsTrue_b_preshuffleFalse_c_to_ldsFalse_gfx950,0.0186,2.33,1170.69
gfx950,256,4,512,7168,False,torch.bfloat16,torch.bfloat16,False,False,flydsl,3880,8,6.2147,flydsl_gemm5_abf16_wbf16_bf16_t16x64x128_split_k8_block_m_warp1_block_n_warp2_block_k_warp1_async_copyTrue_b_to_ldsTrue_b_preshuffleFalse_c_to_ldsFalse_gfx950,0.0239,4.72,1190.96
gfx950,256,8,512,7168,False,torch.bfloat16,torch.bfloat16,False,False,flydsl,4934,8,6.4259,flydsl_gemm7_abf16_wbf16_bf16_t16x64x128_split_k8_block_m_warp1_block_n_warp1_block_k_warp2_async_copyTrue_b_to_ldsTrue_b_preshuffleFalse_c_to_ldsFalse_gfx950,0.0269,9.14,1161.38
gfx950,256,16,512,7168,False,torch.bfloat16,torch.bfloat16,False,False,flydsl,4934,8,6.7231,flydsl_gemm7_abf16_wbf16_bf16_t16x64x128_split_k8_block_m_warp1_block_n_warp1_block_k_warp2_async_copyTrue_b_to_ldsTrue_b_preshuffleFalse_c_to_ldsFalse_gfx950,0.0308,17.47,1128.32
gfx950,256,32,512,7168,False,torch.bfloat16,torch.bfloat16,False,False,flydsl,4480,8,7.0084,flydsl_gemm6_abf16_wbf16_bf16_t16x64x128_split_k8_block_m_warp1_block_n_warp2_block_k_warp1_async_copyTrue_b_to_ldsTrue_b_preshuffleFalse_c_to_ldsFalse_gfx950,0.0214,33.51,1117.45
gfx950,256,48,512,7168,False,torch.bfloat16,torch.bfloat16,False,False,flydsl,2993,8,7.4987,flydsl_gemm4_abf16_wbf16_bf16_t16x64x128_split_k8_block_m_warp1_block_n_warp2_block_k_warp1_async_copyTrue_b_to_ldsTrue_b_preshuffleFalse_c_to_ldsFalse_gfx950,0.0215,46.98,1077.16
gfx950,256,64,512,7168,False,torch.bfloat16,torch.bfloat16,False,False,flydsl,5880,8,7.7907,flydsl_gemm6_abf16_wbf16_bf16_t16x64x128_split_k8_block_m_warp1_block_n_warp2_block_k_warp1_async_copyTrue_b_to_ldsTrue_b_preshuffleFalse_c_to_ldsFalse_gfx950,0.0219,60.3,1068.33
gfx950,256,80,512,7168,False,torch.bfloat16,torch.bfloat16,False,False,flydsl,4340,8,8.2343,flydsl_gemm4_abf16_wbf16_bf16_t32x64x128_split_k8_block_m_warp2_block_n_warp2_block_k_warp1_async_copyTrue_b_to_ldsTrue_b_preshuffleFalse_c_to_ldsFalse_gfx950,0.0218,71.31,1040.63
gfx950,256,96,512,7168,False,torch.bfloat16,torch.bfloat16,False,False,flydsl,4331,7,9.206,flydsl_gemm4_abf16_wbf16_bf16_t32x64x128_split_k7_block_m_warp2_block_n_warp2_block_k_warp1_async_copyTrue_b_to_ldsTrue_b_preshuffleFalse_c_to_ldsFalse_gfx950,0.0198,76.54,957.48
gfx950,256,112,512,7168,False,torch.bfloat16,torch.bfloat16,False,False,flydsl,4328,7,8.8739,flydsl_gemm4_abf16_wbf16_bf16_t32x64x128_split_k7_block_m_warp1_block_n_warp4_block_k_warp1_async_copyTrue_b_to_ldsTrue_b_preshuffleFalse_c_to_ldsFalse_gfx950,0.0206,92.64,1021.01
gfx950,256,128,512,7168,False,torch.bfloat16,torch.bfloat16,False,False,flydsl,4871,7,9.6964,flydsl_gemm4_abf16_wbf16_bf16_t32x64x128_split_k7_block_m_warp2_block_n_warp2_block_k_warp1_async_copyTrue_b_to_ldsTrue_b_preshuffleFalse_c_to_ldsFalse_gfx950,0.0201,96.89,959.75
gfx950,256,144,512,7168,False,torch.bfloat16,torch.bfloat16,False,False,flydsl,4862,4,10.5003,flydsl_gemm4_abf16_wbf16_bf16_t32x64x128_split_k4_block_m_warp2_block_n_warp2_block_k_warp1_async_copyTrue_b_to_ldsTrue_b_preshuffleFalse_c_to_ldsFalse_gfx950,0.0142,100.66,909.68
gfx950,256,160,512,7168,False,torch.bfloat16,torch.bfloat16,False,False,flydsl,4859,4,11.0323,flydsl_gemm4_abf16_wbf16_bf16_t32x64x128_split_k4_block_m_warp1_block_n_warp4_block_k_warp1_async_copyTrue_b_to_ldsTrue_b_preshuffleFalse_c_to_ldsFalse_gfx950,0.0141,106.45,888.09
gfx950,256,176,512,7168,False,torch.bfloat16,torch.bfloat16,False,False,flydsl,4859,4,11.0278,flydsl_gemm4_abf16_wbf16_bf16_t32x64x128_split_k4_block_m_warp1_block_n_warp4_block_k_warp1_async_copyTrue_b_to_ldsTrue_b_preshuffleFalse_c_to_ldsFalse_gfx950,0.0144,117.14,910.73
gfx950,256,192,512,7168,False,torch.bfloat16,torch.bfloat16,False,False,flydsl,3420,4,11.2639,flydsl_gemm3_abf16_wbf16_bf16_t32x64x256_split_k4_block_m_warp1_block_n_warp2_block_k_warp2_async_copyTrue_b_to_ldsTrue_b_preshuffleFalse_c_to_ldsFalse_gfx950,0.0215,125.12,913.46
gfx950,256,208,512,7168,False,torch.bfloat16,torch.bfloat16,False,False,flydsl,4859,4,11.0807,flydsl_gemm4_abf16_wbf16_bf16_t32x64x128_split_k4_block_m_warp1_block_n_warp4_block_k_warp1_async_copyTrue_b_to_ldsTrue_b_preshuffleFalse_c_to_ldsFalse_gfx950,0.0142,137.78,950.74
gfx950,256,224,512,7168,False,torch.bfloat16,torch.bfloat16,False,False,flydsl,5818,4,11.6007,flydsl_gemm5_abf16_wbf16_bf16_t32x64x128_split_k4_block_m_warp1_block_n_warp2_block_k_warp2_async_copyTrue_b_to_ldsTrue_b_preshuffleFalse_c_to_ldsFalse_gfx950,0.0218,141.73,929.31
gfx950,256,240,512,7168,False,torch.bfloat16,torch.bfloat16,False,False,flydsl,4858,4,11.8587,flydsl_gemm4_abf16_wbf16_bf16_t32x64x128_split_k4_block_m_warp1_block_n_warp2_block_k_warp2_async_copyTrue_b_to_ldsTrue_b_preshuffleFalse_c_to_ldsFalse_gfx950,0.0216,148.55,929.82
gfx950,256,256,512,7168,False,torch.bfloat16,torch.bfloat16,False,False,flydsl,4859,4,12.1913,flydsl_gemm4_abf16_wbf16_bf16_t32x64x128_split_k4_block_m_warp1_block_n_warp4_block_k_warp1_async_copyTrue_b_to_ldsTrue_b_preshuffleFalse_c_to_ldsFalse_gfx950,0.0142,154.13,924.61
gfx950,256,288,512,7168,False,torch.bfloat16,torch.bfloat16,False,False,flydsl,5289,4,13.1141,flydsl_gemm4_abf16_wbf16_bf16_t64x64x64_split_k4_block_m_warp4_block_n_warp1_block_k_warp1_async_copyTrue_b_to_ldsTrue_b_preshuffleFalse_c_to_ldsFalse_gfx950,0.0143,161.2,897.03
gfx950,256,320,512,7168,False,torch.bfloat16,torch.bfloat16,False,False,flydsl,5206,4,13.8894,flydsl_gemm4_abf16_wbf16_bf16_t64x64x128_split_k4_block_m_warp4_block_n_warp2_block_k_warp1_async_copyTrue_b_to_ldsTrue_b_preshuffleFalse_c_to_ldsFalse_gfx950,0.0142,169.11,882.34
gfx950,256,352,512,7168,False,torch.bfloat16,torch.bfloat16,False,False,flydsl,5202,4,14.1962,flydsl_gemm4_abf16_wbf16_bf16_t64x64x128_split_k4_block_m_warp2_block_n_warp2_block_k_warp2_async_copyTrue_b_to_ldsTrue_b_preshuffleFalse_c_to_ldsFalse_gfx950,0.0217,182.0,897.9
gfx950,256,384,512,7168,False,torch.bfloat16,torch.bfloat16,False,False,flydsl,3375,4,14.5811,flydsl_gemm3_abf16_wbf16_bf16_t32x64x128_split_k4_block_m_warp1_block_n_warp2_block_k_warp2_async_copyTrue_b_to_ldsTrue_b_preshuffleFalse_c_to_ldsFalse_gfx950,0.0219,193.3,907.91
gfx950,256,416,512,7168,False,torch.bfloat16,torch.bfloat16,False,False,flydsl,5202,4,15.2007,flydsl_gemm4_abf16_wbf16_bf16_t64x64x128_split_k4_block_m_warp2_block_n_warp2_block_k_warp2_async_copyTrue_b_to_ldsTrue_b_preshuffleFalse_c_to_ldsFalse_gfx950,0.0215,200.88,903.23
gfx950,256,448,512,7168,False,torch.bfloat16,torch.bfloat16,False,False,asm,8,6,15.7353,_ZN5aiter39bf16gemm_fp32bf16_tn_96x64_splitk_cleanE,0.0185,208.98,903.78
gfx950,256,480,512,7168,False,torch.bfloat16,torch.bfloat16,False,False,asm,8,6,16.0338,_ZN5aiter39bf16gemm_fp32bf16_tn_96x64_splitk_cleanE,0.0184,219.74,917.61
gfx950,256,512,512,7168,False,torch.bfloat16,torch.bfloat16,False,False,asm,8,5,16.6535,_ZN5aiter39bf16gemm_fp32bf16_tn_96x64_splitk_cleanE,0.0161,225.66,912.98
gfx950,256,544,512,7168,False,torch.bfloat16,torch.bfloat16,False,False,asm,8,5,16.6876,_ZN5aiter39bf16gemm_fp32bf16_tn_96x64_splitk_cleanE,0.0161,239.28,940.57
gfx950,256,576,512,7168,False,torch.bfloat16,torch.bfloat16,False,False,asm,8,5,17.3033,_ZN5aiter39bf16gemm_fp32bf16_tn_96x64_splitk_cleanE,0.0164,244.34,935.51
gfx950,256,608,512,7168,False,torch.bfloat16,torch.bfloat16,False,False,asm,7,4,17.7661,_ZN5aiter39bf16gemm_fp32bf16_tn_80x64_splitk_cleanE,0.0135,251.19,938.81
gfx950,256,640,512,7168,False,torch.bfloat16,torch.bfloat16,False,False,asm,7,4,18.0717,_ZN5aiter39bf16gemm_fp32bf16_tn_80x64_splitk_cleanE,0.0135,259.94,950.13
gfx950,256,672,512,7168,False,torch.bfloat16,torch.bfloat16,False,False,asm,8,4,18.596,_ZN5aiter39bf16gemm_fp32bf16_tn_96x64_splitk_cleanE,0.0133,265.25,949.77
gfx950,256,704,512,7168,False,torch.bfloat16,torch.bfloat16,False,False,asm,8,4,19.0025,_ZN5aiter39bf16gemm_fp32bf16_tn_96x64_splitk_cleanE,0.0135,271.93,955.32
gfx950,256,736,512,7168,False,torch.bfloat16,torch.bfloat16,False,False,asm,8,4,19.3904,_ZN5aiter39bf16gemm_fp32bf16_tn_96x64_splitk_cleanE,0.0135,278.61,961.56
gfx950,256,768,512,7168,False,torch.bfloat16,torch.bfloat16,False,False,asm,8,4,19.7528,_ZN5aiter39bf16gemm_fp32bf16_tn_96x64_splitk_cleanE,0.0135,285.38,968.8
gfx950,256,800,512,7168,False,torch.bfloat16,torch.bfloat16,False,False,asm,7,3,20.2908,_ZN5aiter39bf16gemm_fp32bf16_tn_80x64_splitk_cleanE,0.0104,289.39,967.34
gfx950,256,832,512,7168,False,torch.bfloat16,torch.bfloat16,False,False,asm,8,3,21.7223,_ZN5aiter39bf16gemm_fp32bf16_tn_96x64_splitk_cleanE,0.0103,281.14,926.22
gfx950,256,864,512,7168,False,torch.bfloat16,torch.bfloat16,False,False,asm,8,3,21.5825,_ZN5aiter39bf16gemm_fp32bf16_tn_96x64_splitk_cleanE,0.0103,293.84,954.99
gfx950,256,896,512,7168,False,torch.bfloat16,torch.bfloat16,False,False,torch,0,0,21.7453,native,0.0,302.44,970.44
gfx950,256,928,512,7168,False,torch.bfloat16,torch.bfloat16,False,False,torch,0,0,21.2379,native,0.0,320.73,1016.77
gfx950,256,960,512,7168,False,torch.bfloat16,torch.bfloat16,False,False,torch,0,0,21.4742,native,0.0,328.13,1028.47
gfx950,256,992,512,7168,False,torch.bfloat16,torch.bfloat16,False,False,opus,200,2,24.7054,opus_gemm_flatmm_splitk_256x64x64x64_2x1_16x16x32_0x0x0_wgpcu2,0.0,294.73,913.85
gfx950,256,1024,512,7168,False,torch.bfloat16,torch.bfloat16,False,False,opus,1208,2,24.7265,opus_gemm_flatmm_splitk_256x64x64x128_2x1_16x16x32_0x0x0_wgpcu1_nooob,0.0,303.97,932.95
gfx950,256,1088,512,7168,False,torch.bfloat16,torch.bfloat16,False,False,opus,1200,2,26.0717,opus_gemm_flatmm_splitk_256x64x64x64_2x1_16x16x32_0x0x0_wgpcu2_nooob,0.0,306.31,922.52
gfx950,256,1152,512,7168,False,torch.bfloat16,torch.bfloat16,False,False,torch,0,0,26.7083,native,0.0,316.6,937.34
gfx950,256,1216,512,7168,False,torch.bfloat16,torch.bfloat16,False,False,torch,0,0,25.964,native,0.0,343.76,1002.07
gfx950,256,1280,512,7168,False,torch.bfloat16,torch.bfloat16,False,False,torch,0,0,25.9095,native,0.0,362.62,1042.12
gfx950,256,1344,512,7168,False,torch.bfloat16,torch.bfloat16,False,False,opus,1221,4,28.0523,opus_gemm_flatmm_splitk_256x96x64x64_2x1_16x16x32_0x0x0_wgpcu2_nooob,0.0,351.66,997.56
gfx950,256,1408,512,7168,False,torch.bfloat16,torch.bfloat16,False,False,torch,0,0,27.1365,native,0.0,380.84,1067.45
gfx950,256,1472,512,7168,False,torch.bfloat16,torch.bfloat16,False,False,torch,0,0,27.4256,native,0.0,393.96,1092.04
gfx950,256,1536,512,7168,False,torch.bfloat16,torch.bfloat16,False,False,torch,0,0,28.7155,native,0.0,392.62,1077.22
gfx950,256,1600,512,7168,False,torch.bfloat16,torch.bfloat16,False,False,flydsl,3866,1,32.9541,flydsl_gemm3_abf16_wbf16_bf16_t64x64x128_split_k1_block_m_warp2_block_n_warp2_block_k_warp2_async_copyTrue_b_to_ldsTrue_b_preshuffleFalse_c_to_ldsFalse_gfx950,0.0062,356.38,968.5
gfx950,256,1664,512,7168,False,torch.bfloat16,torch.bfloat16,False,False,torch,0,0,30.0061,native,0.0,407.04,1096.41
gfx950,256,1728,512,7168,False,torch.bfloat16,torch.bfloat16,False,False,torch,0,0,30.5405,native,0.0,415.3,1109.42
gfx950,256,1792,512,7168,False,torch.bfloat16,torch.bfloat16,False,False,torch,0,0,29.9245,native,0.0,439.55,1165.1
gfx950,256,1856,512,7168,False,torch.bfloat16,torch.bfloat16,False,False,torch,0,0,31.8762,native,0.0,427.38,1124.61
gfx950,256,1920,512,7168,False,torch.bfloat16,torch.bfloat16,False,False,torch,0,0,31.9929,native,0.0,440.5,1151.23
gfx950,256,1984,512,7168,False,torch.bfloat16,torch.bfloat16,False,False,torch,0,0,32.2367,native,0.0,451.74,1173.02
gfx950,256,2048,512,7168,False,torch.bfloat16,torch.bfloat16,False,False,torch,0,0,29.9664,native,0.0,501.64,1294.69
gfx950,256,4096,512,7168,False,torch.bfloat16,torch.bfloat16,False,False,torch,0,0,51.5776,native,0.0,582.9,1362.11
gfx950,256,6144,512,7168,False,torch.bfloat16,torch.bfloat16,False,False,flydsl,5376,1,67.5094,flydsl_gemm4_abf16_wbf16_bf16_t96x128x64_split_k1_block_m_warp1_block_n_warp4_block_k_warp1_async_copyTrue_b_to_ldsTrue_b_preshuffleFalse_c_to_ldsFalse_gfx950,0.0,668.01,1506.63
gfx950,256,8192,512,7168,False,torch.bfloat16,torch.bfloat16,False,False,flydsl,4309,1,80.1688,flydsl_gemm4_abf16_wbf16_bf16_t128x128x64_split_k1_block_m_warp4_block_n_warp2_block_k_warp1_async_copyTrue_b_to_ldsTrue_b_preshuffleFalse_c_to_ldsFalse_gfx950,0.0,750.04,1661.11
gfx950,256,10240,512,7168,False,torch.bfloat16,torch.bfloat16,False,False,torch,0,0,92.0272,native,0.0,816.74,1788.89
gfx950,256,12288,512,7168,False,torch.bfloat16,torch.bfloat16,False,False,flydsl,2647,1,107.1619,flydsl_gemm3_abf16_wbf16_bf16_t128x256x64_split_k1_block_m_warp2_block_n_warp4_block_k_warp2_async_copyTrue_b_to_ldsTrue_b_preshuffleFalse_c_to_ldsFalse_gfx950,0.0061,841.66,1829.79
gfx950,256,14336,512,7168,False,torch.bfloat16,torch.bfloat16,False,False,flydsl,2647,1,112.7228,flydsl_gemm3_abf16_wbf16_bf16_t128x256x64_split_k1_block_m_warp2_block_n_warp4_block_k_warp2_async_copyTrue_b_to_ldsTrue_b_preshuffleFalse_c_to_ldsFalse_gfx950,0.006,933.5,2018.59
gfx950,256,16384,512,7168,False,torch.bfloat16,torch.bfloat16,False,False,opus,1401,0,110.8881,opus_gemm_mono_tile_512x128x256x64_2x4_16x16x32_0x0x0_nooob,0.0,1084.51,2335.67
gfx950,256,32768,512,7168,False,torch.bfloat16,torch.bfloat16,False,False,torch,0,0,175.3448,native,0.0,1371.69,2912.3
gfx950,256,1,1024,7168,False,torch.bfloat16,torch.bfloat16,False,False,torch,0,0,6.6039,native,0.0254,2.22,2225.42
gfx950,256,2,1024,7168,False,torch.bfloat16,torch.bfloat16,False,False,torch,0,0,6.6637,native,0.0171,4.41,2207.91
gfx950,256,4,1024,7168,False,torch.bfloat16,torch.bfloat16,False,False,torch,0,0,6.6574,native,0.0247,8.82,2214.92
gfx950,256,8,1024,7168,False,torch.bfloat16,torch.bfloat16,False,False,torch,0,0,6.7832,native,0.0198,17.31,2183.5
gfx950,256,32,1024,7168,False,torch.bfloat16,torch.bfloat16,False,False,torch,0,0,8.0729,native,0.0215,58.19,1883.38
gfx950,256,48,1024,7168,False,torch.bfloat16,torch.bfloat16,False,False,torch,0,0,8.708,native,0.0193,80.92,1776.12
gfx950,256,64,1024,7168,False,torch.bfloat16,torch.bfloat16,False,False,torch,0,0,9.5498,native,0.0199,98.38,1647.01
gfx950,256,72,1024,7168,False,torch.bfloat16,torch.bfloat16,False,False,torch,0,0,10.0605,native,0.0142,105.06,1576.43
gfx950,256,80,1024,7168,False,torch.bfloat16,torch.bfloat16,False,False,torch,0,0,10.3519,native,0.014,113.45,1544.72
gfx950,256,88,1024,7168,False,torch.bfloat16,torch.bfloat16,False,False,torch,0,0,10.7844,native,0.0138,119.79,1494.92
gfx950,256,104,1024,7168,False,torch.bfloat16,torch.bfloat16,False,False,torch,0,0,10.9568,native,0.0215,139.34,1495.33
gfx950,256,112,1024,7168,False,torch.bfloat16,torch.bfloat16,False,False,torch,0,0,11.3875,native,0.0135,144.38,1450.28
gfx950,256,128,1024,7168,False,torch.bfloat16,torch.bfloat16,False,False,torch,0,0,12.093,native,0.0143,155.38,1387.35
gfx950,256,136,1024,7168,False,torch.bfloat16,torch.bfloat16,False,False,torch,0,0,13.0145,native,0.0219,153.4,1299.19
gfx950,256,152,1024,7168,False,torch.bfloat16,torch.bfloat16,False,False,torch,0,0,13.2001,native,0.0142,169.04,1300.78
gfx950,256,160,1024,7168,False,torch.bfloat16,torch.bfloat16,False,False,torch,0,0,13.0061,native,0.0139,180.59,1330.26
gfx950,256,168,1024,7168,False,torch.bfloat16,torch.bfloat16,False,False,torch,0,0,13.2493,native,0.0144,186.14,1315.74
gfx950,256,176,1024,7168,False,torch.bfloat16,torch.bfloat16,False,False,torch,0,0,13.8817,native,0.0143,186.12,1265.24
gfx950,256,184,1024,7168,False,torch.bfloat16,torch.bfloat16,False,False,torch,0,0,13.7773,native,0.0145,196.06,1284.34
gfx950,256,224,1024,7168,False,torch.bfloat16,torch.bfloat16,False,False,flydsl,6057,4,15.4442,flydsl_gemm5_abf16_wbf16_bf16_t64x64x128_split_k4_block_m_warp1_block_n_warp4_block_k_warp2_async_copyTrue_b_to_ldsTrue_b_preshuffleFalse_c_to_ldsFalse_gfx950,0.0218,212.92,1188.15
gfx950,256,232,1024,7168,False,torch.bfloat16,torch.bfloat16,False,False,flydsl,4849,2,15.2406,flydsl_gemm4_abf16_wbf16_bf16_t32x64x128_split_k2_block_m_warp1_block_n_warp2_block_k_warp2_async_copyTrue_b_to_ldsTrue_b_preshuffleFalse_c_to_ldsFalse_gfx950,0.0138,223.47,1212.63
gfx950,256,240,1024,7168,False,torch.bfloat16,torch.bfloat16,False,False,flydsl,4850,2,15.562,flydsl_gemm4_abf16_wbf16_bf16_t32x64x128_split_k2_block_m_warp1_block_n_warp4_block_k_warp1_async_copyTrue_b_to_ldsTrue_b_preshuffleFalse_c_to_ldsFalse_gfx950,0.0059,226.4,1196.0
gfx950,256,264,1024,7168,False,torch.bfloat16,torch.bfloat16,False,False,asm,8,5,16.4273,_ZN5aiter39bf16gemm_fp32bf16_tn_96x64_splitk_cleanE,0.0162,235.92,1156.94
gfx950,256,272,1024,7168,False,torch.bfloat16,torch.bfloat16,False,False,asm,8,5,16.4801,_ZN5aiter39bf16gemm_fp32bf16_tn_96x64_splitk_cleanE,0.0163,242.29,1161.19
gfx950,256,352,1024,7168,False,torch.bfloat16,torch.bfloat16,False,False,asm,8,4,18.2424,_ZN5aiter39bf16gemm_fp32bf16_tn_96x64_splitk_cleanE,0.0137,283.26,1120.86
gfx950,256,376,1024,7168,False,torch.bfloat16,torch.bfloat16,False,False,asm,8,4,18.7006,_ZN5aiter39bf16gemm_fp32bf16_tn_96x64_splitk_cleanE,0.0138,295.16,1114.43
gfx950,256,416,1024,7168,False,torch.bfloat16,torch.bfloat16,False,False,torch,0,0,20.9479,native,0.0,291.53,1026.16
gfx950,256,448,1024,7168,False,torch.bfloat16,torch.bfloat16,False,False,asm,8,3,21.4441,_ZN5aiter39bf16gemm_fp32bf16_tn_96x64_splitk_cleanE,0.0107,306.69,1026.86
gfx950,256,480,1024,7168,False,torch.bfloat16,torch.bfloat16,False,False,asm,8,3,21.6426,_ZN5aiter39bf16gemm_fp32bf16_tn_96x64_splitk_cleanE,0.0107,325.58,1041.67
gfx950,256,512,1024,7168,False,torch.bfloat16,torch.bfloat16,False,False,torch,0,0,19.268,native,0.0,390.09,1197.25
gfx950,256,544,1024,7168,False,torch.bfloat16,torch.bfloat16,False,False,asm,7,2,26.831,_ZN5aiter39bf16gemm_fp32bf16_tn_80x64_splitk_cleanE,0.0061,297.64,879.32
gfx950,256,576,1024,7168,False,torch.bfloat16,torch.bfloat16,False,False,torch,0,0,21.1005,native,0.0,400.74,1142.97
gfx950,256,608,1024,7168,False,torch.bfloat16,torch.bfloat16,False,False,torch,0,0,26.6675,native,0.0,334.69,924.03
gfx950,256,640,1024,7168,False,torch.bfloat16,torch.bfloat16,False,False,torch,0,0,26.8357,native,0.0,350.1,937.77
gfx950,256,672,1024,7168,False,torch.bfloat16,torch.bfloat16,False,False,opus,1221,4,28.4151,opus_gemm_flatmm_splitk_256x96x64x64_2x1_16x16x32_0x0x0_wgpcu2_nooob,0.0,347.17,904.1
gfx950,256,704,1024,7168,False,torch.bfloat16,torch.bfloat16,False,False,torch,0,0,27.5298,native,0.0,375.4,952.22
gfx950,256,736,1024,7168,False,torch.bfloat16,torch.bfloat16,False,False,torch,0,0,27.8659,native,0.0,387.73,959.55
gfx950,256,768,1024,7168,False,torch.bfloat16,torch.bfloat16,False,False,torch,0,0,28.5208,native,0.0,395.3,955.9
gfx950,256,800,1024,7168,False,torch.bfloat16,torch.bfloat16,False,False,flydsl,6031,1,30.9258,flydsl_gemm5_abf16_wbf16_bf16_t64x64x128_split_k1_block_m_warp4_block_n_warp1_block_k_warp2_async_copyTrue_b_to_ldsTrue_b_preshuffleFalse_c_to_ldsFalse_gfx950,0.006,379.75,898.51
gfx950,256,832,1024,7168,False,torch.bfloat16,torch.bfloat16,False,False,torch,0,0,29.921,native,0.0,408.2,946.21
gfx950,256,864,1024,7168,False,torch.bfloat16,torch.bfloat16,False,False,torch,0,0,30.642,native,0.0,413.93,941.06
gfx950,256,896,1024,7168,False,torch.bfloat16,torch.bfloat16,False,False,torch,0,0,30.3297,native,0.0,433.68,968.03
gfx950,256,928,1024,7168,False,torch.bfloat16,torch.bfloat16,False,False,flydsl,3866,1,31.292,flydsl_gemm3_abf16_wbf16_bf16_t64x64x128_split_k1_block_m_warp2_block_n_warp2_block_k_warp2_async_copyTrue_b_to_ldsTrue_b_preshuffleFalse_c_to_ldsFalse_gfx950,0.006,435.35,955.02
gfx950,256,960,1024,7168,False,torch.bfloat16,torch.bfloat16,False,False,flydsl,3866,1,31.6494,flydsl_gemm3_abf16_wbf16_bf16_t64x64x128_split_k1_block_m_warp2_block_n_warp2_block_k_warp2_async_copyTrue_b_to_ldsTrue_b_preshuffleFalse_c_to_ldsFalse_gfx950,0.0061,445.28,960.8
gfx950,256,992,1024,7168,False,torch.bfloat16,torch.bfloat16,False,False,flydsl,3866,1,31.6368,flydsl_gemm3_abf16_wbf16_bf16_t64x64x128_split_k1_block_m_warp2_block_n_warp2_block_k_warp2_async_copyTrue_b_to_ldsTrue_b_preshuffleFalse_c_to_ldsFalse_gfx950,0.0061,460.31,977.75
gfx950,256,1024,1024,7168,False,torch.bfloat16,torch.bfloat16,False,False,torch,0,0,28.1669,native,0.0,533.69,1116.82
gfx950,256,1088,1024,7168,False,torch.bfloat16,torch.bfloat16,False,False,torch,0,0,34.5866,native,0.0,461.79,939.84
gfx950,256,1152,1024,7168,False,torch.bfloat16,torch.bfloat16,False,False,torch,0,0,34.7148,native,0.0,487.15,966.57
gfx950,256,1216,1024,7168,False,torch.bfloat16,torch.bfloat16,False,False,torch,0,0,36.1446,native,0.0,493.88,957.35
gfx950,256,1280,1024,7168,False,torch.bfloat16,torch.bfloat16,False,False,torch,0,0,35.8657,native,0.0,523.91,994.03
gfx950,256,1344,1024,7168,False,torch.bfloat16,torch.bfloat16,False,False,torch,0,0,38.9633,native,0.0,506.37,941.92
gfx950,256,1408,1024,7168,False,torch.bfloat16,torch.bfloat16,False,False,torch,0,0,40.0609,native,0.0,515.95,942.28
gfx950,256,1472,1024,7168,False,torch.bfloat16,torch.bfloat16,False,False,torch,0,0,39.5428,native,0.0,546.47,981.15
gfx950,256,1536,1024,7168,False,torch.bfloat16,torch.bfloat16,False,False,torch,0,0,36.906,native,0.0,610.97,1079.66
gfx950,256,1600,1024,7168,False,torch.bfloat16,torch.bfloat16,False,False,torch,0,0,43.3333,native,0.0,542.03,943.72
gfx950,256,1664,1024,7168,False,torch.bfloat16,torch.bfloat16,False,False,flydsl,2742,1,46.6312,flydsl_gemm3_abf16_wbf16_bf16_t128x64x128_split_k1_block_m_warp4_block_n_warp2_block_k_warp2_async_copyTrue_b_to_ldsTrue_b_preshuffleFalse_c_to_ldsFalse_gfx950,0.0061,523.85,899.46
gfx950,256,1728,1024,7168,False,torch.bfloat16,torch.bfloat16,False,False,torch,0,0,44.2477,native,0.0,573.3,971.61
gfx950,256,1792,1024,7168,False,torch.bfloat16,torch.bfloat16,False,False,torch,0,0,46.3957,native,0.0,567.01,949.23
gfx950,256,1856,1024,7168,False,torch.bfloat16,torch.bfloat16,False,False,flydsl,2737,1,48.4636,flydsl_gemm3_abf16_wbf16_bf16_t128x64x128_split_k1_block_m_warp2_block_n_warp4_block_k_warp2_async_copyTrue_b_to_ldsTrue_b_preshuffleFalse_c_to_ldsFalse_gfx950,0.006,562.2,930.36
gfx950,256,1920,1024,7168,False,torch.bfloat16,torch.bfloat16,False,False,torch,0,0,46.4962,native,0.0,606.19,992.28
gfx950,256,1984,1024,7168,False,torch.bfloat16,torch.bfloat16,False,False,flydsl,2737,1,49.5636,flydsl_gemm3_abf16_wbf16_bf16_t128x64x128_split_k1_block_m_warp2_block_n_warp4_block_k_warp2_async_copyTrue_b_to_ldsTrue_b_preshuffleFalse_c_to_ldsFalse_gfx950,0.006,587.63,952.03
gfx950,256,2048,1024,7168,False,torch.bfloat16,torch.bfloat16,False,False,torch,0,0,43.7099,native,0.0,687.83,1103.51
gfx950,256,4096,1024,7168,False,torch.bfloat16,torch.bfloat16,False,False,torch,0,0,69.5626,native,0.0,864.39,1175.76
gfx950,256,6144,1024,7168,False,torch.bfloat16,torch.bfloat16,False,False,torch,0,0,103.6631,native,0.0,870.07,1112.68
gfx950,256,8192,1024,7168,False,torch.bfloat16,torch.bfloat16,False,False,opus,1401,0,106.3943,opus_gemm_mono_tile_512x128x256x64_2x4_16x16x32_0x0x0_nooob,0.0,1130.32,1399.49
gfx950,256,10240,1024,7168,False,torch.bfloat16,torch.bfloat16,False,False,torch,0,0,127.5259,native,0.0,1178.77,1430.71
gfx950,256,12288,1024,7168,False,torch.bfloat16,torch.bfloat16,False,False,opus,1400,0,137.8139,opus_gemm_mono_tile_512x192x256x64_2x4_16x16x32_0x0x0_nooob,0.0,1308.93,1567.38
gfx950,256,14336,1024,7168,False,torch.bfloat16,torch.bfloat16,False,False,torch,0,0,165.0953,native,0.0,1274.74,1511.62
gfx950,256,16384,1024,7168,False,torch.bfloat16,torch.bfloat16,False,False,torch,0,0,171.4178,native,0.0,1403.11,1651.61
gfx950,256,32768,1024,7168,False,torch.bfloat16,torch.bfloat16,False,False,torch,0,0,327.2819,native,0.0,1469.79,1685.25
gfx950,256,1,2048,7168,False,torch.bfloat16,torch.bfloat16,False,False,flydsl,3892,7,8.0321,flydsl_gemm5_abf16_wbf16_bf16_t16x64x64_split_k7_block_m_warp1_block_n_warp2_block_k_warp1_async_copyTrue_b_to_ldsTrue_b_preshuffleFalse_c_to_ldsFalse_gfx950,0.0127,3.66,3657.64
gfx950,256,2,2048,7168,False,torch.bfloat16,torch.bfloat16,False,False,flydsl,1792,7,8.1807,flydsl_gemm3_abf16_wbf16_bf16_t16x64x128_split_k7_block_m_warp1_block_n_warp2_block_k_warp1_async_copyTrue_b_to_ldsTrue_b_preshuffleFalse_c_to_ldsFalse_gfx950,0.0173,7.18,3593.46
gfx950,256,4,2048,7168,False,torch.bfloat16,torch.bfloat16,False,False,flydsl,4947,7,8.2993,flydsl_gemm7_abf16_wbf16_bf16_t16x64x64_split_k7_block_m_warp1_block_n_warp2_block_k_warp1_async_copyTrue_b_to_ldsTrue_b_preshuffleFalse_c_to_ldsFalse_gfx950,0.0178,14.15,3546.55
gfx950,256,8,2048,7168,False,torch.bfloat16,torch.bfloat16,False,False,flydsl,3892,7,8.5192,flydsl_gemm5_abf16_wbf16_bf16_t16x64x64_split_k7_block_m_warp1_block_n_warp2_block_k_warp1_async_copyTrue_b_to_ldsTrue_b_preshuffleFalse_c_to_ldsFalse_gfx950,0.019,27.57,3463.66
gfx950,256,16,2048,7168,False,torch.bfloat16,torch.bfloat16,False,False,flydsl,3892,7,8.9187,flydsl_gemm5_abf16_wbf16_bf16_t16x64x64_split_k7_block_m_warp1_block_n_warp2_block_k_warp1_async_copyTrue_b_to_ldsTrue_b_preshuffleFalse_c_to_ldsFalse_gfx950,0.0205,52.67,3325.04
gfx950,256,32,2048,7168,False,torch.bfloat16,torch.bfloat16,False,False,flydsl,4618,7,10.3766,flydsl_gemm6_abf16_wbf16_bf16_t32x64x64_split_k7_block_m_warp1_block_n_warp4_block_k_warp1_async_copyTrue_b_to_ldsTrue_b_preshuffleFalse_c_to_ldsFalse_gfx950,0.0202,90.54,2886.3
gfx950,256,48,2048,7168,False,torch.bfloat16,torch.bfloat16,False,False,flydsl,3203,4,11.6173,flydsl_gemm4_abf16_wbf16_bf16_t32x64x128_split_k4_block_m_warp1_block_n_warp2_block_k_warp2_async_copyTrue_b_to_ldsTrue_b_preshuffleFalse_c_to_ldsFalse_gfx950,0.0216,121.31,2603.43
gfx950,256,64,2048,7168,False,torch.bfloat16,torch.bfloat16,False,False,flydsl,4319,4,12.868,flydsl_gemm4_abf16_wbf16_bf16_t32x64x128_split_k4_block_m_warp1_block_n_warp4_block_k_warp1_async_copyTrue_b_to_ldsTrue_b_preshuffleFalse_c_to_ldsFalse_gfx950,0.0138,146.02,2373.31
gfx950,256,80,2048,7168,False,torch.bfloat16,torch.bfloat16,False,False,flydsl,6806,4,13.3774,flydsl_gemm8_abf16_wbf16_bf16_t64x64x64_split_k4_block_m_warp1_block_n_warp4_block_k_warp1_async_copyTrue_b_to_ldsTrue_b_preshuffleFalse_c_to_ldsFalse_gfx950,0.0142,175.58,2304.98
gfx950,256,96,2048,7168,False,torch.bfloat16,torch.bfloat16,False,False,flydsl,4659,4,14.3113,flydsl_gemm4_abf16_wbf16_bf16_t64x64x128_split_k4_block_m_warp2_block_n_warp1_block_k_warp2_async_copyTrue_b_to_ldsTrue_b_preshuffleFalse_c_to_ldsFalse_gfx950,0.0216,196.95,2175.18
gfx950,256,112,2048,7168,False,torch.bfloat16,torch.bfloat16,False,False,flydsl,4310,2,15.4236,flydsl_gemm4_abf16_wbf16_bf16_t32x64x128_split_k2_block_m_warp1_block_n_warp4_block_k_warp1_async_copyTrue_b_to_ldsTrue_b_preshuffleFalse_c_to_ldsFalse_gfx950,0.0058,213.2,2037.43
gfx950,256,128,2048,7168,False,torch.bfloat16,torch.bfloat16,False,False,asm,5,4,17.1162,_ZN5aiter39bf16gemm_fp32bf16_tn_64x64_splitk_cleanE,0.0139,219.56,1853.18
gfx950,256,144,2048,7168,False,torch.bfloat16,torch.bfloat16,False,False,asm,7,4,17.7038,_ZN5aiter39bf16gemm_fp32bf16_tn_80x64_splitk_cleanE,0.0141,238.81,1808.33
gfx950,256,160,2048,7168,False,torch.bfloat16,torch.bfloat16,False,False,asm,7,4,17.9192,_ZN5aiter39bf16gemm_fp32bf16_tn_80x64_splitk_cleanE,0.0142,262.16,1803.05
gfx950,256,176,2048,7168,False,torch.bfloat16,torch.bfloat16,False,False,asm,8,4,18.8339,_ZN5aiter39bf16gemm_fp32bf16_tn_96x64_splitk_cleanE,0.014,274.37,1731.14
gfx950,256,192,2048,7168,False,torch.bfloat16,torch.bfloat16,False,False,asm,8,4,19.0188,_ZN5aiter39bf16gemm_fp32bf16_tn_96x64_splitk_cleanE,0.014,296.4,1729.82
gfx950,256,208,2048,7168,False,torch.bfloat16,torch.bfloat16,False,False,flydsl,3878,2,22.0336,flydsl_gemm3_abf16_wbf16_bf16_t64x64x128_split_k2_block_m_warp1_block_n_warp4_block_k_warp2_async_copyTrue_b_to_ldsTrue_b_preshuffleFalse_c_to_ldsFalse_gfx950,0.0141,277.16,1506.52
gfx950,256,224,2048,7168,False,torch.bfloat16,torch.bfloat16,False,False,flydsl,6040,2,22.2215,flydsl_gemm5_abf16_wbf16_bf16_t64x64x128_split_k2_block_m_warp1_block_n_warp4_block_k_warp2_async_copyTrue_b_to_ldsTrue_b_preshuffleFalse_c_to_ldsFalse_gfx950,0.0141,295.96,1507.05
gfx950,256,240,2048,7168,False,torch.bfloat16,torch.bfloat16,False,False,flydsl,4838,1,23.4538,flydsl_gemm4_abf16_wbf16_bf16_t32x64x128_split_k1_block_m_warp1_block_n_warp1_block_k_warp4_async_copyTrue_b_to_ldsTrue_b_preshuffleFalse_c_to_ldsFalse_gfx950,0.0138,300.44,1440.44
gfx950,256,256,2048,7168,False,torch.bfloat16,torch.bfloat16,False,False,torch,0,0,21.3173,native,0.0,352.59,1598.64
gfx950,256,288,2048,7168,False,torch.bfloat16,torch.bfloat16,False,False,asm,7,2,26.7437,_ZN5aiter39bf16gemm_fp32bf16_tn_80x64_splitk_cleanE,0.0061,316.18,1296.33
gfx950,256,320,2048,7168,False,torch.bfloat16,torch.bfloat16,False,False,torch,0,0,25.9992,native,0.0,361.37,1356.13
gfx950,256,352,2048,7168,False,torch.bfloat16,torch.bfloat16,False,False,torch,0,0,27.5807,native,0.0,374.71,1299.76
gfx950,256,384,2048,7168,False,torch.bfloat16,torch.bfloat16,False,False,torch,0,0,28.0173,native,0.0,402.4,1300.55
gfx950,256,416,2048,7168,False,torch.bfloat16,torch.bfloat16,False,False,flydsl,3866,1,29.8441,flydsl_gemm3_abf16_wbf16_bf16_t64x64x128_split_k1_block_m_warp2_block_n_warp2_block_k_warp2_async_copyTrue_b_to_ldsTrue_b_preshuffleFalse_c_to_ldsFalse_gfx950,0.0058,409.25,1240.71
gfx950,256,448,2048,7168,False,torch.bfloat16,torch.bfloat16,False,False,torch,0,0,30.5558,native,0.0,430.47,1231.11
gfx950,256,480,2048,7168,False,torch.bfloat16,torch.bfloat16,False,False,flydsl,3866,1,30.7825,flydsl_gemm3_abf16_wbf16_bf16_t64x64x128_split_k1_block_m_warp2_block_n_warp2_block_k_warp2_async_copyTrue_b_to_ldsTrue_b_preshuffleFalse_c_to_ldsFalse_gfx950,0.0058,457.82,1241.21
gfx950,256,512,2048,7168,False,torch.bfloat16,torch.bfloat16,False,False,torch,0,0,28.8314,native,0.0,521.39,1345.66
gfx950,256,544,2048,7168,False,torch.bfloat16,torch.bfloat16,False,False,torch,0,0,35.4463,native,0.0,450.59,1111.18
gfx950,256,576,2048,7168,False,torch.bfloat16,torch.bfloat16,False,False,torch,0,0,29.8177,native,0.0,567.16,1340.71
gfx950,256,608,2048,7168,False,torch.bfloat16,torch.bfloat16,False,False,torch,0,0,36.0915,native,0.0,494.6,1124.0
gfx950,256,640,2048,7168,False,torch.bfloat16,torch.bfloat16,False,False,torch,0,0,36.6466,native,0.0,512.75,1123.07
gfx950,256,672,2048,7168,False,torch.bfloat16,torch.bfloat16,False,False,flydsl,5420,1,39.7793,flydsl_gemm4_abf16_wbf16_bf16_t96x64x128_split_k1_block_m_warp1_block_n_warp2_block_k_warp2_async_copyTrue_b_to_ldsTrue_b_preshuffleFalse_c_to_ldsFalse_gfx950,0.006,495.99,1049.45
gfx950,256,704,2048,7168,False,torch.bfloat16,torch.bfloat16,False,False,torch,0,0,39.4673,native,0.0,523.71,1072.69
gfx950,256,736,2048,7168,False,torch.bfloat16,torch.bfloat16,False,False,torch,0,0,40.5077,native,0.0,533.46,1059.7
gfx950,256,768,2048,7168,False,torch.bfloat16,torch.bfloat16,False,False,torch,0,0,40.4881,native,0.0,556.92,1074.78
gfx950,256,800,2048,7168,False,torch.bfloat16,torch.bfloat16,False,False,torch,0,0,42.8657,native,0.0,547.95,1028.93
gfx950,256,832,2048,7168,False,torch.bfloat16,torch.bfloat16,False,False,torch,0,0,44.9941,native,0.0,542.91,993.36
gfx950,256,864,2048,7168,False,torch.bfloat16,torch.bfloat16,False,False,flydsl,3585,1,44.8346,flydsl_gemm3_abf16_wbf16_bf16_t64x128x128_split_k1_block_m_warp2_block_n_warp4_block_k_warp2_async_copyTrue_b_to_ldsTrue_b_preshuffleFalse_c_to_ldsFalse_gfx950,0.006,565.79,1010.05
gfx950,256,896,2048,7168,False,torch.bfloat16,torch.bfloat16,False,False,torch,0,0,45.3161,native,0.0,580.51,1012.34
gfx950,256,928,2048,7168,False,torch.bfloat16,torch.bfloat16,False,False,flydsl,3585,1,46.8232,flydsl_gemm3_abf16_wbf16_bf16_t64x128x128_split_k1_block_m_warp2_block_n_warp4_block_k_warp2_async_copyTrue_b_to_ldsTrue_b_preshuffleFalse_c_to_ldsFalse_gfx950,0.006,581.9,992.35
gfx950,256,960,2048,7168,False,torch.bfloat16,torch.bfloat16,False,False,flydsl,2737,1,46.9104,flydsl_gemm3_abf16_wbf16_bf16_t128x64x128_split_k1_block_m_warp2_block_n_warp4_block_k_warp2_async_copyTrue_b_to_ldsTrue_b_preshuffleFalse_c_to_ldsFalse_gfx950,0.0061,600.84,1003.08
gfx950,256,992,2048,7168,False,torch.bfloat16,torch.bfloat16,False,False,flydsl,2742,1,48.5232,flydsl_gemm3_abf16_wbf16_bf16_t128x64x128_split_k1_block_m_warp4_block_n_warp2_block_k_warp2_async_copyTrue_b_to_ldsTrue_b_preshuffleFalse_c_to_ldsFalse_gfx950,0.0061,600.23,981.89
gfx950,256,1024,2048,7168,False,torch.bfloat16,torch.bfloat16,False,False,torch,0,0,43.3629,native,0.0,693.33,1112.34
gfx950,256,1088,2048,7168,False,torch.bfloat16,torch.bfloat16,False,False,torch,0,0,50.7802,native,0.0,629.06,973.1
gfx950,256,1152,2048,7168,False,torch.bfloat16,torch.bfloat16,False,False,torch,0,0,53.7026,native,0.0,629.82,942.11
gfx950,256,1216,2048,7168,False,torch.bfloat16,torch.bfloat16,False,False,torch,0,0,56.0263,native,0.0,637.23,924.09
gfx950,256,1280,2048,7168,False,torch.bfloat16,torch.bfloat16,False,False,torch,0,0,53.7533,native,0.0,699.14,985.11
gfx950,256,1344,2048,7168,False,torch.bfloat16,torch.bfloat16,False,False,torch,0,0,59.1407,native,0.0,667.22,915.32
gfx950,256,1408,2048,7168,False,torch.bfloat16,torch.bfloat16,False,False,torch,0,0,60.0731,native,0.0,688.15,920.75
gfx950,256,1472,2048,7168,False,torch.bfloat16,torch.bfloat16,False,False,flydsl,5376,1,63.1922,flydsl_gemm4_abf16_wbf16_bf16_t96x128x64_split_k1_block_m_warp1_block_n_warp4_block_k_warp1_async_copyTrue_b_to_ldsTrue_b_preshuffleFalse_c_to_ldsFalse_gfx950,0.0,683.92,893.97
gfx950,256,1536,2048,7168,False,torch.bfloat16,torch.bfloat16,False,False,torch,0,0,56.9249,native,0.0,792.22,1013.12
gfx950,256,1600,2048,7168,False,torch.bfloat16,torch.bfloat16,False,False,flydsl,4311,1,67.399,flydsl_gemm4_abf16_wbf16_bf16_t128x128x64_split_k1_block_m_warp4_block_n_warp4_block_k_warp1_async_copyTrue_b_to_ldsTrue_b_preshuffleFalse_c_to_ldsFalse_gfx950,0.0,696.99,873.18
gfx950,256,1664,2048,7168,False,torch.bfloat16,torch.bfloat16,False,False,flydsl,2537,1,67.959,flydsl_gemm3_abf16_wbf16_bf16_t128x128x64_split_k1_block_m_warp2_block_n_warp4_block_k_warp2_async_copyTrue_b_to_ldsTrue_b_preshuffleFalse_c_to_ldsFalse_gfx950,0.006,718.89,883.34
gfx950,256,1728,2048,7168,False,torch.bfloat16,torch.bfloat16,False,False,flydsl,4310,1,69.453,flydsl_gemm4_abf16_wbf16_bf16_t128x128x64_split_k1_block_m_warp4_block_n_warp2_block_k_warp2_async_copyTrue_b_to_ldsTrue_b_preshuffleFalse_c_to_ldsFalse_gfx950,0.006,730.48,881.32
gfx950,256,1792,2048,7168,False,torch.bfloat16,torch.bfloat16,False,False,flydsl,4304,1,70.5297,flydsl_gemm4_abf16_wbf16_bf16_t128x128x64_split_k1_block_m_warp2_block_n_warp4_block_k_warp1_async_copyTrue_b_to_ldsTrue_b_preshuffleFalse_c_to_ldsFalse_gfx950,0.0,745.97,884.6
gfx950,256,1856,2048,7168,False,torch.bfloat16,torch.bfloat16,False,False,flydsl,4302,1,69.9945,flydsl_gemm4_abf16_wbf16_bf16_t128x128x64_split_k1_block_m_warp2_block_n_warp2_block_k_warp2_async_copyTrue_b_to_ldsTrue_b_preshuffleFalse_c_to_ldsFalse_gfx950,0.006,778.52,908.21
gfx950,256,1920,2048,7168,False,torch.bfloat16,torch.bfloat16,False,False,flydsl,4310,1,72.4751,flydsl_gemm4_abf16_wbf16_bf16_t128x128x64_split_k1_block_m_warp4_block_n_warp2_block_k_warp2_async_copyTrue_b_to_ldsTrue_b_preshuffleFalse_c_to_ldsFalse_gfx950,0.006,777.8,893.4
gfx950,256,1984,2048,7168,False,torch.bfloat16,torch.bfloat16,False,False,flydsl,4302,1,72.1623,flydsl_gemm4_abf16_wbf16_bf16_t128x128x64_split_k1_block_m_warp2_block_n_warp2_block_k_warp2_async_copyTrue_b_to_ldsTrue_b_preshuffleFalse_c_to_ldsFalse_gfx950,0.006,807.22,913.62
gfx950,256,2048,2048,7168,False,torch.bfloat16,torch.bfloat16,False,False,flydsl,5522,1,72.9495,flydsl_gemm5_abf16_wbf16_bf16_t128x128x64_split_k1_block_m_warp2_block_n_warp4_block_k_warp2_async_copyTrue_b_to_ldsTrue_b_preshuffleFalse_c_to_ldsFalse_gfx950,0.006,824.26,919.94
gfx950,256,4096,2048,7168,False,torch.bfloat16,torch.bfloat16,False,False,torch,0,0,108.2119,native,0.0,1111.33,969.0
gfx950,256,6144,2048,7168,False,torch.bfloat16,torch.bfloat16,False,False,opus,1400,0,137.8671,opus_gemm_mono_tile_512x192x256x64_2x4_16x16x32_0x0x0_nooob,0.0,1308.42,1034.38
gfx950,256,8192,2048,7168,False,torch.bfloat16,torch.bfloat16,False,False,torch,0,0,173.0731,native,0.0,1389.69,1042.07
gfx950,256,10240,2048,7168,False,torch.bfloat16,torch.bfloat16,False,False,torch,0,0,238.7187,native,0.0,1259.42,913.64
gfx950,256,12288,2048,7168,False,torch.bfloat16,torch.bfloat16,False,False,opus,1400,0,264.4713,opus_gemm_mono_tile_512x192x256x64_2x4_16x16x32_0x0x0_nooob,0.0,1364.15,967.41
gfx950,256,14336,2048,7168,False,torch.bfloat16,torch.bfloat16,False,False,torch,0,0,310.4236,native,0.0,1355.91,945.81
gfx950,256,16384,2048,7168,False,torch.bfloat16,torch.bfloat16,False,False,torch,0,0,322.9938,native,0.0,1489.31,1025.87
gfx950,256,32768,2048,7168,False,torch.bfloat16,torch.bfloat16,False,False,torch,0,0,633.2713,native,0.0,1519.21,1000.11
gfx942,80,192,384,7168,False,torch.bfloat16,torch.bfloat16,False,False,opus,10201,8,21.2254,opus_gemm_gfx942_splitk_p1_256x64x64x64_2x2_16x16x16_0x0x0,0.0,49.8,395.99
gfx942,80,352,384,7168,False,torch.bfloat16,torch.bfloat16,False,False,opus,10200,8,29.7817,opus_gemm_gfx942_splitk_legacy_512x128x128x64_2x4_16x16x16_0x0x0,0.0,65.07,363.37
gfx942,80,384,384,7168,False,torch.bfloat16,torch.bfloat16,False,False,opus,10200,8,30.5541,opus_gemm_gfx942_splitk_legacy_512x128x128x64_2x4_16x16x16_0x0x0,0.0,69.19,370.0
gfx942,80,416,384,7168,False,torch.bfloat16,torch.bfloat16,False,False,opus,10204,0,35.4087,opus_gemm_gfx942_splitk_em3en4_lds1_pgr2_256x128x96x128_2x2_16x16x16_0x0x0,0.0,64.68,332.92
gfx942,80,104,1024,7168,False,torch.bfloat16,torch.bfloat16,False,False,opus,10210,0,28.0462,opus_gemm_gfx942_splitk_legacy_bf16ws_512x128x128x64_2x4_16x16x16_0x0x0,0.0,54.44,584.18
gfx942,80,200,1024,7168,False,torch.bfloat16,torch.bfloat16,False,False,opus,10200,5,40.5018,opus_gemm_gfx942_splitk_legacy_512x128x128x64_2x4_16x16x16_0x0x0,0.0,72.49,443.36
gfx942,80,208,1024,7168,False,torch.bfloat16,torch.bfloat16,False,False,opus,10210,0,41.1359,opus_gemm_gfx942_splitk_legacy_bf16ws_512x128x128x64_2x4_16x16x16_0x0x0,0.0,74.23,439.71
gfx942,80,160,384,7168,False,torch.bfloat16,torch.bfloat16,False,False,opus,10201,8,20.2282,opus_gemm_gfx942_splitk_p1_256x64x64x64_2x2_16x16x16_0x0x0,0.0,43.54,391.61
gfx942,80,768,384,7168,False,torch.bfloat16,torch.bfloat16,False,False,opus,10200,4,51.6252,opus_gemm_gfx942_splitk_legacy_512x128x128x64_2x4_16x16x16_0x0x0,0.0,81.9,331.33
gfx942,80,128,512,7168,False,torch.bfloat16,torch.bfloat16,False,False,opus,10201,10,19.7843,opus_gemm_gfx942_splitk_p1_256x64x64x64_2x2_16x16x16_0x0x0,0.0,47.49,470.38
gfx942,80,208,512,7168,False,torch.bfloat16,torch.bfloat16,False,False,opus,10210,0,27.7763,opus_gemm_gfx942_splitk_legacy_bf16ws_512x128x128x64_2x4_16x16x16_0x0x0,0.0,54.97,379.28
gfx942,80,224,512,7168,False,torch.bfloat16,torch.bfloat16,False,False,opus,10210,0,27.8194,opus_gemm_gfx942_splitk_legacy_bf16ws_512x128x128x64_2x4_16x16x16_0x0x0,0.0,59.1,387.52
gfx942,80,240,512,7168,False,torch.bfloat16,torch.bfloat16,False,False,opus,10210,0,28.0936,opus_gemm_gfx942_splitk_legacy_bf16ws_512x128x128x64_2x4_16x16x16_0x0x0,0.0,62.7,392.49
gfx942,80,256,512,7168,False,torch.bfloat16,torch.bfloat16,False,False,opus,10210,0,28.3166,opus_gemm_gfx942_splitk_legacy_bf16ws_512x128x128x64_2x4_16x16x16_0x0x0,0.0,66.36,398.08
gfx942,80,352,512,7168,False,torch.bfloat16,torch.bfloat16,False,False,opus,10200,6,32.1674,opus_gemm_gfx942_splitk_legacy_512x128x128x64_2x4_16x16x16_0x0x0,0.0,80.32,396.26
gfx942,80,384,512,7168,False,torch.bfloat16,torch.bfloat16,False,False,opus,10200,6,32.3477,opus_gemm_gfx942_splitk_legacy_512x128x128x64_2x4_16x16x16_0x0x0,0.0,87.13,409.25
gfx942,80,448,512,7168,False,torch.bfloat16,torch.bfloat16,False,False,opus,10200,0,36.729,opus_gemm_gfx942_splitk_legacy_512x128x128x64_2x4_16x16x16_0x0x0,0.0,89.53,387.2
gfx942,80,480,512,7168,False,torch.bfloat16,torch.bfloat16,False,False,opus,10210,0,42.1268,opus_gemm_gfx942_splitk_legacy_bf16ws_512x128x128x64_2x4_16x16x16_0x0x0,0.0,83.63,349.25
gfx942,80,512,512,7168,False,torch.bfloat16,torch.bfloat16,False,False,opus,10210,0,42.8344,opus_gemm_gfx942_splitk_legacy_bf16ws_512x128x128x64_2x4_16x16x16_0x0x0,0.0,87.74,354.96
gfx942,80,608,512,7168,False,torch.bfloat16,torch.bfloat16,False,False,opus,10210,0,49.5677,opus_gemm_gfx942_splitk_legacy_bf16ws_512x128x128x64_2x4_16x16x16_0x0x0,0.0,90.03,336.49
gfx942,80,640,512,7168,False,torch.bfloat16,torch.bfloat16,False,False,opus,10200,0,50.224,opus_gemm_gfx942_splitk_legacy_512x128x128x64_2x4_16x16x16_0x0x0,0.0,93.53,341.88
gfx942,80,736,512,7168,False,torch.bfloat16,torch.bfloat16,False,False,opus,10200,3,60.7273,opus_gemm_gfx942_splitk_legacy_512x128x128x64_2x4_16x16x16_0x0x0,0.0,88.96,307.03
gfx942,80,768,512,7168,False,torch.bfloat16,torch.bfloat16,False,False,opus,10200,3,61.6035,opus_gemm_gfx942_splitk_legacy_512x128x128x64_2x4_16x16x16_0x0x0,0.0,91.51,310.64
gfx942,80,640,2048,7168,False,torch.bfloat16,torch.bfloat16,False,False,opus,10000,0,151.0107,opus_gemm_gfx942_512x128x128x64_2x4_16x16x16_0x0x0,0.0,124.43,272.54
gfx942,80,96,384,7168,False,torch.bfloat16,torch.bfloat16,False,False,opus,10302,0,15.5162,opus_gemm_gfx942_wkc_512x32x16x64_1x1_16x16x16_0x0x0,0.0,34.06,448.24
gfx942,80,1,1024,7168,False,torch.bfloat16,torch.bfloat16,False,False,opus,10300,0,11.7745,opus_gemm_gfx942_wkc_512x16x16x64_1x1_16x16x16_0x0x0,0.0,1.25,1248.16
gfx942,80,4,1024,7168,False,torch.bfloat16,torch.bfloat16,False,False,opus,10300,0,11.8598,opus_gemm_gfx942_wkc_512x16x16x64_1x1_16x16x16_0x0x0,0.0,4.95,1243.33
gfx942,80,8,1024,7168,False,torch.bfloat16,torch.bfloat16,False,False,opus,10300,0,11.9403,opus_gemm_gfx942_wkc_512x16x16x64_1x1_16x16x16_0x0x0,0.0,9.84,1240.43
gfx942,80,112,1024,7168,False,torch.bfloat16,torch.bfloat16,False,False,opus,10210,0,28.5379,opus_gemm_gfx942_splitk_legacy_bf16ws_512x128x128x64_2x4_16x16x16_0x0x0,0.0,57.61,578.71
gfx942,80,120,1024,7168,False,torch.bfloat16,torch.bfloat16,False,False,opus,10210,0,28.6248,opus_gemm_gfx942_splitk_legacy_bf16ws_512x128x128x64_2x4_16x16x16_0x0x0,0.0,61.54,581.53
gfx942,80,128,1024,7168,False,torch.bfloat16,torch.bfloat16,False,False,opus,10210,0,28.7869,opus_gemm_gfx942_splitk_legacy_bf16ws_512x128x128x64_2x4_16x16x16_0x0x0,0.0,65.27,582.81
gfx942,80,216,1024,7168,False,torch.bfloat16,torch.bfloat16,False,False,opus,10210,0,41.3267,opus_gemm_gfx942_splitk_legacy_bf16ws_512x128x128x64_2x4_16x16x16_0x0x0,0.0,76.73,440.85
gfx942,80,224,1024,7168,False,torch.bfloat16,torch.bfloat16,False,False,opus,10210,0,41.3224,opus_gemm_gfx942_splitk_legacy_bf16ws_512x128x128x64_2x4_16x16x16_0x0x0,0.0,79.58,444.07
gfx942,80,232,1024,7168,False,torch.bfloat16,torch.bfloat16,False,False,opus,10210,0,41.7262,opus_gemm_gfx942_splitk_legacy_bf16ws_512x128x128x64_2x4_16x16x16_0x0x0,0.0,81.62,442.91
gfx942,80,240,1024,7168,False,torch.bfloat16,torch.bfloat16,False,False,opus,10210,0,42.0916,opus_gemm_gfx942_splitk_legacy_bf16ws_512x128x128x64_2x4_16x16x16_0x0x0,0.0,83.7,442.18
gfx942,80,248,1024,7168,False,torch.bfloat16,torch.bfloat16,False,False,opus,10210,0,42.5615,opus_gemm_gfx942_splitk_legacy_bf16ws_512x128x128x64_2x4_16x16x16_0x0x0,0.0,85.54,440.38
gfx942,80,256,1024,7168,False,torch.bfloat16,torch.bfloat16,False,False,opus,10210,0,42.823,opus_gemm_gfx942_splitk_legacy_bf16ws_512x128x128x64_2x4_16x16x16_0x0x0,0.0,87.76,440.75
gfx942,80,4,2048,7168,False,torch.bfloat16,torch.bfloat16,False,False,opus,10301,0,20.483,opus_gemm_gfx942_wkc_512x16x32x32_1x1_16x16x16_0x0x0,0.0,5.73,1436.99
gfx942,80,8,2048,7168,False,torch.bfloat16,torch.bfloat16,False,False,opus,10301,0,20.5934,opus_gemm_gfx942_wkc_512x16x32x32_1x1_16x16x16_0x0x0,0.0,11.41,1432.87
gfx942,80,16,2048,7168,False,torch.bfloat16,torch.bfloat16,False,False,opus,10301,0,20.8499,opus_gemm_gfx942_wkc_512x16x32x32_1x1_16x16x16_0x0x0,0.0,22.53,1422.31
gfx942,80,112,2048,7168,False,torch.bfloat16,torch.bfloat16,False,False,opus,10210,0,42.9434,opus_gemm_gfx942_splitk_legacy_bf16ws_512x128x128x64_2x4_16x16x16_0x0x0,0.0,76.57,731.77
gfx942,80,128,2048,7168,False,torch.bfloat16,torch.bfloat16,False,False,opus,10210,0,44.0662,opus_gemm_gfx942_splitk_legacy_bf16ws_512x128x128x64_2x4_16x16x16_0x0x0,0.0,85.28,719.81
gfx942,80,512,2048,4096,False,torch.bfloat16,torch.bfloat16,False,False,opus,10216,5,64.5672,opus_gemm_gfx942_splitk_quad_mfma32_bf16ws_256x256x256x32_2x2_32x32x8_6x0x0,0.0094,133.04,357.28
gfx942,80,512,256,4096,False,torch.bfloat16,torch.bfloat16,False,False,torch,0,0,23.0724,native,0.0,46.54,284.05
gfx942,80,256,2048,4096,False,torch.bfloat16,torch.bfloat16,False,False,opus,10210,5,49.3661,opus_gemm_gfx942_splitk_legacy_bf16ws_512x128x128x64_2x4_16x16x16_0x0x0,0.0095,87.0,403.58
gfx942,80,512,1024,4096,False,torch.bfloat16,torch.bfloat16,False,False,torch,0,0,42.5719,native,0.0,100.89,320.2
gfx942,80,256,256,4096,False,torch.bfloat16,torch.bfloat16,False,False,asm,5,5,14.1963,_ZN5aiter39bf16gemm_fp32bf16_tn_64x64_splitk_cleanE,0.0146,37.82,304.68
gfx942,80,256,1024,4096,False,torch.bfloat16,torch.bfloat16,False,False,opus,10210,0,29.3736,opus_gemm_gfx942_splitk_legacy_bf16ws_512x128x128x64_2x4_16x16x16_0x0x0,0.0,73.11,374.83
gfx942,80,512,512,4096,False,torch.bfloat16,torch.bfloat16,False,False,opus,10210,0,29.1965,opus_gemm_gfx942_splitk_legacy_bf16ws_512x128x128x64_2x4_16x16x16_0x0x0,0.0,73.55,305.27
gfx942,80,128,2048,4096,False,torch.bfloat16,torch.bfloat16,False,False,opus,10210,0,29.7021,opus_gemm_gfx942_splitk_legacy_bf16ws_512x128x128x64_2x4_16x16x16_0x0x0,0.0,72.3,617.8
gfx942,80,128,256,4096,False,torch.bfloat16,torch.bfloat16,False,False,opus,10302,0,10.1493,opus_gemm_gfx942_wkc_512x32x16x64_1x1_16x16x16_0x0x0,0.0,26.45,316.4
gfx942,80,256,512,4096,False,torch.bfloat16,torch.bfloat16,False,False,torch,0,0,23.1381,native,0.0,46.41,283.24
gfx942,80,48,2048,4096,False,torch.bfloat16,torch.bfloat16,False,False,asm,3,2,22.906,_ZN5aiter39bf16gemm_fp32bf16_tn_48x64_splitk_cleanE,0.0049,35.16,758.19
gfx942,80,64,2048,4096,False,torch.bfloat16,torch.bfloat16,False,False,torch,0,0,23.5578,native,0.0,45.58,745.56
gfx942,80,64,256,4096,False,torch.bfloat16,torch.bfloat16,False,False,opus,10300,0,7.9398,opus_gemm_gfx942_wkc_512x16x16x64_1x1_16x16x16_0x0x0,0.0,16.9,334.29
gfx942,80,32,256,4096,False,torch.bfloat16,torch.bfloat16,False,False,opus,10313,0,6.5263,opus_gemm_gfx942_wkc_accum_256x32x32x64_1x1_16x16x16_0x0x0,0.0199,10.28,364.02
gfx942,80,8,256,4096,False,torch.bfloat16,torch.bfloat16,False,False,opus,10310,0,4.894,opus_gemm_gfx942_wkc_accum_256x16x16x64_1x1_16x16x16_0x0x0,0.0186,3.43,442.74
gfx942,80,48,256,4096,False,torch.bfloat16,torch.bfloat16,False,False,opus,10300,0,7.45,opus_gemm_gfx942_wkc_512x16x16x64_1x1_16x16x16_0x0x0,0.0,13.51,337.58
gfx942,80,2,256,4096,False,torch.bfloat16,torch.bfloat16,False,False,opus,10310,0,4.8679,opus_gemm_gfx942_wkc_accum_256x16x16x64_1x1_16x16x16_0x0x0,0.0176,0.86,434.39
gfx942,80,16,256,4096,False,torch.bfloat16,torch.bfloat16,False,False,opus,10311,0,4.9659,opus_gemm_gfx942_wkc_accum_512x16x32x32_1x1_16x16x16_0x0x0,0.0181,6.76,450.35
gfx942,80,128,1024,4096,False,torch.bfloat16,torch.bfloat16,False,False,torch,0,0,19.8904,native,0.0,53.98,487.64
gfx942,80,4,256,4096,False,torch.bfloat16,torch.bfloat16,False,False,opus,10310,0,4.8338,opus_gemm_gfx942_wkc_accum_256x16x16x64_1x1_16x16x16_0x0x0,0.0293,1.74,441.05
gfx942,80,1,256,4096,False,torch.bfloat16,torch.bfloat16,False,False,opus,10310,0,4.8174,opus_gemm_gfx942_wkc_accum_256x16x16x64_1x1_16x16x16_0x0x0,0.0273,0.44,437.14
gfx942,80,32,2048,4096,False,torch.bfloat16,torch.bfloat16,False,False,torch,0,0,17.4838,native,0.0,30.71,982.08
gfx942,80,128,512,4096,False,torch.bfloat16,torch.bfloat16,False,False,asm,5,5,14.5712,_ZN5aiter39bf16gemm_fp32bf16_tn_64x64_splitk_cleanE,0.0148,36.84,368.81
gfx942,80,64,1024,4096,False,torch.bfloat16,torch.bfloat16,False,False,asm,5,5,15.1527,_ZN5aiter39bf16gemm_fp32bf16_tn_64x64_splitk_cleanE,0.0141,35.43,596.86
gfx942,80,48,1024,4096,False,torch.bfloat16,torch.bfloat16,False,False,asm,3,5,13.8806,_ZN5aiter39bf16gemm_fp32bf16_tn_48x64_splitk_cleanE,0.0146,29.01,639.75
gfx942,80,2,2048,4096,False,torch.bfloat16,torch.bfloat16,False,False,opus,10301,0,12.9907,opus_gemm_gfx942_wkc_512x16x32x32_1x1_16x16x16_0x0x0,0.0,2.58,1293.37
gfx942,80,8,2048,4096,False,torch.bfloat16,torch.bfloat16,False,False,opus,10301,0,13.0097,opus_gemm_gfx942_wkc_512x16x32x32_1x1_16x16x16_0x0x0,0.0,10.32,1297.15
gfx942,80,48,512,4096,False,torch.bfloat16,torch.bfloat16,False,False,asm,3,10,10.4683,_ZN5aiter39bf16gemm_fp32bf16_tn_48x64_splitk_cleanE,0.0228,19.23,442.93
gfx942,80,64,512,4096,False,torch.bfloat16,torch.bfloat16,False,False,opus,10302,0,10.7679,opus_gemm_gfx942_wkc_512x32x16x64_1x1_16x16x16_0x0x0,0.0,24.93,444.3
gfx942,80,4,2048,4096,False,torch.bfloat16,torch.bfloat16,False,False,opus,10301,0,12.7075,opus_gemm_gfx942_wkc_512x16x32x32_1x1_16x16x16_0x0x0,0.0,5.28,1324.13
gfx942,80,512,64,4096,False,torch.bfloat16,torch.bfloat16,False,False,opus,10302,0,10.5756,opus_gemm_gfx942_wkc_512x32x16x64_1x1_16x16x16_0x0x0,0.0,25.38,452.37
gfx942,80,1,2048,4096,False,torch.bfloat16,torch.bfloat16,False,False,opus,10301,0,13.0372,opus_gemm_gfx942_wkc_512x16x32x32_1x1_16x16x16_0x0x0,0.0,1.29,1287.82
gfx942,80,16,2048,4096,False,torch.bfloat16,torch.bfloat16,False,False,opus,10301,0,13.3916,opus_gemm_gfx942_wkc_512x16x32x32_1x1_16x16x16_0x0x0,0.0,20.05,1267.5
gfx942,80,32,1024,4096,False,torch.bfloat16,torch.bfloat16,False,False,opus,10302,0,11.8246,opus_gemm_gfx942_wkc_512x32x16x64_1x1_16x16x16_0x0x0,0.0,22.7,737.13
gfx942,80,32,512,4096,False,torch.bfloat16,torch.bfloat16,False,False,flydsl,759,8,9.2194,flydsl_gemm4_abf16_wbf16_bf16_t32x64x64_split_k8_block_m_warp2_block_n_warp2_block_k_warp1_async_copyFalse_b_to_ldsTrue_b_preshuffleFalse_c_to_ldsFalse_gfx942,0.0198,14.56,486.93
gfx942,80,256,64,4096,False,torch.bfloat16,torch.bfloat16,False,False,asm,5,16,8.1263,_ZN5aiter39bf16gemm_fp32bf16_tn_64x64_splitk_cleanE,0.0281,16.52,326.62
gfx942,80,8,512,4096,False,torch.bfloat16,torch.bfloat16,False,False,opus,10300,0,8.1931,opus_gemm_gfx942_wkc_512x16x16x64_1x1_16x16x16_0x0x0,0.0,4.1,520.93
gfx942,80,16,512,4096,False,torch.bfloat16,torch.bfloat16,False,False,opus,10310,0,8.6225,opus_gemm_gfx942_wkc_accum_256x16x16x64_1x1_16x16x16_0x0x0,0.02,7.78,503.54
gfx942,80,4,512,4096,False,torch.bfloat16,torch.bfloat16,False,False,opus,10300,0,8.1018,opus_gemm_gfx942_wkc_512x16x16x64_1x1_16x16x16_0x0x0,0.0,2.07,522.25
gfx942,80,2,512,4096,False,torch.bfloat16,torch.bfloat16,False,False,opus,10300,0,8.3322,opus_gemm_gfx942_wkc_512x16x16x64_1x1_16x16x16_0x0x0,0.0,1.01,505.6
gfx942,80,128,64,4096,False,torch.bfloat16,torch.bfloat16,False,False,asm,1,16,6.8358,_ZN5aiter39bf16gemm_fp32bf16_tn_32x64_splitk_cleanE,0.0271,9.82,232.49
gfx942,80,1,512,4096,False,torch.bfloat16,torch.bfloat16,False,False,opus,10300,0,8.0662,opus_gemm_gfx942_wkc_512x16x16x64_1x1_16x16x16_0x0x0,0.0,0.52,521.13
gfx942,80,2,1024,4096,False,torch.bfloat16,torch.bfloat16,False,False,opus,10300,0,9.4623,opus_gemm_gfx942_wkc_512x16x16x64_1x1_16x16x16_0x0x0,0.0,1.77,888.69
gfx942,80,16,1024,4096,False,torch.bfloat16,torch.bfloat16,False,False,opus,10302,0,11.2766,opus_gemm_gfx942_wkc_512x32x16x64_1x1_16x16x16_0x0x0,0.0,11.9,758.42
gfx942,80,8,1024,4096,False,torch.bfloat16,torch.bfloat16,False,False,opus,10300,0,9.6515,opus_gemm_gfx942_wkc_512x16x16x64_1x1_16x16x16_0x0x0,0.0,6.95,877.64
gfx942,80,4,1024,4096,False,torch.bfloat16,torch.bfloat16,False,False,opus,10300,0,9.5499,opus_gemm_gfx942_wkc_512x16x16x64_1x1_16x16x16_0x0x0,0.0,3.51,882.69
gfx942,80,1,1024,4096,False,torch.bfloat16,torch.bfloat16,False,False,opus,10300,0,9.1734,opus_gemm_gfx942_wkc_512x16x16x64_1x1_16x16x16_0x0x0,0.0,0.91,915.57
gfx942,80,32,64,4096,False,torch.bfloat16,torch.bfloat16,False,False,opus,10310,0,4.5291,opus_gemm_gfx942_wkc_accum_256x16x16x64_1x1_16x16x16_0x0x0,0.0229,3.7,174.54
gfx942,80,48,64,4096,False,torch.bfloat16,torch.bfloat16,False,False,opus,10312,0,4.7978,opus_gemm_gfx942_wkc_accum_512x32x16x64_1x1_16x16x16_0x0x0,0.0186,5.25,192.51
gfx942,80,64,64,4096,False,torch.bfloat16,torch.bfloat16,False,False,opus,10312,0,4.7714,opus_gemm_gfx942_wkc_accum_512x32x16x64_1x1_16x16x16_0x0x0,0.0215,7.03,221.48
gfx942,80,16,64,4096,False,torch.bfloat16,torch.bfloat16,False,False,opus,10310,0,4.5125,opus_gemm_gfx942_wkc_accum_256x16x16x64_1x1_16x16x16_0x0x0,0.0205,1.86,145.69
gfx1250,256,1,256,4096,False,torch.bfloat16,torch.bfloat16,False,False,triton,0,0,0.0,auto,0.0,0.0,0.0
gfx1250,256,2,256,4096,False,torch.bfloat16,torch.bfloat16,False,False,triton,0,0,0.0,auto,0.0,0.0,0.0
gfx1250,256,4,256,4096,False,torch.bfloat16,torch.bfloat16,False,False,triton,0,0,0.0,auto,0.0,0.0,0.0
gfx1250,256,8,256,4096,False,torch.bfloat16,torch.bfloat16,False,False,triton,0,0,0.0,auto,0.0,0.0,0.0
gfx1250,256,16,256,4096,False,torch.bfloat16,torch.bfloat16,False,False,triton,0,0,0.0,auto,0.0,0.0,0.0
gfx1250,256,32,256,4096,False,torch.bfloat16,torch.bfloat16,False,False,triton,0,0,0.0,auto,0.0,0.0,0.0
gfx1250,256,64,256,4096,False,torch.bfloat16,torch.bfloat16,False,False,triton,0,0,0.0,auto,0.0,0.0,0.0
gfx1250,256,128,256,4096,False,torch.bfloat16,torch.bfloat16,False,False,triton,0,0,0.0,auto,0.0,0.0,0.0
gfx1250,256,256,256,4096,False,torch.bfloat16,torch.bfloat16,False,False,triton,0,0,0.0,auto,0.0,0.0,0.0
gfx1250,256,512,256,4096,False,torch.bfloat16,torch.bfloat16,False,False,triton,0,0,0.0,auto,0.0,0.0,0.0
gfx1250,256,1024,256,4096,False,torch.bfloat16,torch.bfloat16,False,False,triton,0,0,0.0,auto,0.0,0.0,0.0
gfx1250,256,2048,256,4096,False,torch.bfloat16,torch.bfloat16,False,False,triton,0,0,0.0,auto,0.0,0.0,0.0
gfx1250,256,4096,256,4096,False,torch.bfloat16,torch.bfloat16,False,False,triton,0,0,0.0,auto,0.0,0.0,0.0
gfx1250,256,8192,256,4096,False,torch.bfloat16,torch.bfloat16,False,False,triton,0,0,0.0,auto,0.0,0.0,0.0
gfx1250,256,16384,256,4096,False,torch.bfloat16,torch.bfloat16,False,False,triton,0,0,0.0,auto,0.0,0.0,0.0
gfx1250,256,1,512,4096,False,torch.bfloat16,torch.bfloat16,False,False,triton,0,0,0.0,auto,0.0,0.0,0.0
gfx1250,256,2,512,4096,False,torch.bfloat16,torch.bfloat16,False,False,triton,0,0,0.0,auto,0.0,0.0,0.0
gfx1250,256,4,512,4096,False,torch.bfloat16,torch.bfloat16,False,False,triton,0,0,0.0,auto,0.0,0.0,0.0
gfx1250,256,8,512,4096,False,torch.bfloat16,torch.bfloat16,False,False,triton,0,0,0.0,auto,0.0,0.0,0.0
gfx1250,256,16,512,4096,False,torch.bfloat16,torch.bfloat16,False,False,triton,0,0,0.0,auto,0.0,0.0,0.0
gfx1250,256,32,512,4096,False,torch.bfloat16,torch.bfloat16,False,False,triton,0,0,0.0,auto,0.0,0.0,0.0
gfx1250,256,64,512,4096,False,torch.bfloat16,torch.bfloat16,False,False,triton,0,0,0.0,auto,0.0,0.0,0.0
gfx1250,256,128,512,4096,False,torch.bfloat16,torch.bfloat16,False,False,triton,0,0,0.0,auto,0.0,0.0,0.0
gfx1250,256,256,512,4096,False,torch.bfloat16,torch.bfloat16,False,False,triton,0,0,0.0,auto,0.0,0.0,0.0
gfx1250,256,512,512,4096,False,torch.bfloat16,torch.bfloat16,False,False,triton,0,0,0.0,auto,0.0,0.0,0.0
gfx1250,256,1024,512,4096,False,torch.bfloat16,torch.bfloat16,False,False,triton,0,0,0.0,auto,0.0,0.0,0.0
gfx1250,256,2048,512,4096,False,torch.bfloat16,torch.bfloat16,False,False,triton,0,0,0.0,auto,0.0,0.0,0.0
gfx1250,256,4096,512,4096,False,torch.bfloat16,torch.bfloat16,False,False,triton,0,0,0.0,auto,0.0,0.0,0.0
gfx1250,256,8192,512,4096,False,torch.bfloat16,torch.bfloat16,False,False,triton,0,0,0.0,auto,0.0,0.0,0.0
gfx1250,256,16384,512,4096,False,torch.bfloat16,torch.bfloat16,False,False,triton,0,0,0.0,auto,0.0,0.0,0.0
gfx1250,256,1,1024,4096,False,torch.bfloat16,torch.bfloat16,False,False,triton,0,0,0.0,auto,0.0,0.0,0.0
gfx1250,256,2,1024,4096,False,torch.bfloat16,torch.bfloat16,False,False,triton,0,0,0.0,auto,0.0,0.0,0.0
gfx1250,256,4,1024,4096,False,torch.bfloat16,torch.bfloat16,False,False,triton,0,0,0.0,auto,0.0,0.0,0.0
gfx1250,256,8,1024,4096,False,torch.bfloat16,torch.bfloat16,False,False,triton,0,0,0.0,auto,0.0,0.0,0.0
gfx1250,256,16,1024,4096,False,torch.bfloat16,torch.bfloat16,False,False,triton,0,0,0.0,auto,0.0,0.0,0.0
gfx1250,256,32,1024,4096,False,torch.bfloat16,torch.bfloat16,False,False,triton,0,0,0.0,auto,0.0,0.0,0.0
gfx1250,256,64,1024,4096,False,torch.bfloat16,torch.bfloat16,False,False,triton,0,0,0.0,auto,0.0,0.0,0.0
gfx1250,256,128,1024,4096,False,torch.bfloat16,torch.bfloat16,False,False,triton,0,0,0.0,auto,0.0,0.0,0.0
gfx1250,256,256,1024,4096,False,torch.bfloat16,torch.bfloat16,False,False,triton,0,0,0.0,auto,0.0,0.0,0.0
gfx1250,256,512,1024,4096,False,torch.bfloat16,torch.bfloat16,False,False,triton,0,0,0.0,auto,0.0,0.0,0.0
gfx1250,256,1024,1024,4096,False,torch.bfloat16,torch.bfloat16,False,False,triton,0,0,0.0,auto,0.0,0.0,0.0
gfx1250,256,2048,1024,4096,False,torch.bfloat16,torch.bfloat16,False,False,triton,0,0,0.0,auto,0.0,0.0,0.0
gfx1250,256,4096,1024,4096,False,torch.bfloat16,torch.bfloat16,False,False,triton,0,0,0.0,auto,0.0,0.0,0.0
gfx1250,256,8192,1024,4096,False,torch.bfloat16,torch.bfloat16,False,False,triton,0,0,0.0,auto,0.0,0.0,0.0
gfx1250,256,16384,1024,4096,False,torch.bfloat16,torch.bfloat16,False,False,triton,0,0,0.0,auto,0.0,0.0,0.0
gfx1250,256,1,2048,4096,False,torch.bfloat16,torch.bfloat16,False,False,triton,0,0,0.0,auto,0.0,0.0,0.0
gfx1250,256,2,2048,4096,False,torch.bfloat16,torch.bfloat16,False,False,triton,0,0,0.0,auto,0.0,0.0,0.0
gfx1250,256,4,2048,4096,False,torch.bfloat16,torch.bfloat16,False,False,triton,0,0,0.0,auto,0.0,0.0,0.0
gfx1250,256,8,2048,4096,False,torch.bfloat16,torch.bfloat16,False,False,triton,0,0,0.0,auto,0.0,0.0,0.0
gfx1250,256,16,2048,4096,False,torch.bfloat16,torch.bfloat16,False,False,triton,0,0,0.0,auto,0.0,0.0,0.0
gfx1250,256,32,2048,4096,False,torch.bfloat16,torch.bfloat16,False,False,triton,0,0,0.0,auto,0.0,0.0,0.0
gfx1250,256,64,2048,4096,False,torch.bfloat16,torch.bfloat16,False,False,triton,0,0,0.0,auto,0.0,0.0,0.0
gfx1250,256,128,2048,4096,False,torch.bfloat16,torch.bfloat16,False,False,triton,0,0,0.0,auto,0.0,0.0,0.0
gfx1250,256,256,2048,4096,False,torch.bfloat16,torch.bfloat16,False,False,triton,0,0,0.0,auto,0.0,0.0,0.0
gfx1250,256,512,2048,4096,False,torch.bfloat16,torch.bfloat16,False,False,triton,0,0,0.0,auto,0.0,0.0,0.0
gfx1250,256,1024,2048,4096,False,torch.bfloat16,torch.bfloat16,False,False,triton,0,0,0.0,auto,0.0,0.0,0.0
gfx1250,256,2048,2048,4096,False,torch.bfloat16,torch.bfloat16,False,False,triton,0,0,0.0,auto,0.0,0.0,0.0
gfx1250,256,4096,2048,4096,False,torch.bfloat16,torch.bfloat16,False,False,triton,0,0,0.0,auto,0.0,0.0,0.0
gfx1250,256,8192,2048,4096,False,torch.bfloat16,torch.bfloat16,False,False,triton,0,0,0.0,auto,0.0,0.0,0.0
gfx1250,256,16384,2048,4096,False,torch.bfloat16,torch.bfloat16,False,False,triton,0,0,0.0,auto,0.0,0.0,0.0
gfx1250,256,1,64,4096,False,torch.bfloat16,torch.bfloat16,False,False,triton,0,0,0.0,auto,0.0,0.0,0.0
gfx1250,256,2,64,4096,False,torch.bfloat16,torch.bfloat16,False,False,triton,0,0,0.0,auto,0.0,0.0,0.0
gfx1250,256,4,64,4096,False,torch.bfloat16,torch.bfloat16,False,False,triton,0,0,0.0,auto,0.0,0.0,0.0
gfx1250,256,8,64,4096,False,torch.bfloat16,torch.bfloat16,False,False,triton,0,0,0.0,auto,0.0,0.0,0.0
gfx1250,256,16,64,4096,False,torch.bfloat16,torch.bfloat16,False,False,triton,0,0,0.0,auto,0.0,0.0,0.0
gfx1250,256,32,64,4096,False,torch.bfloat16,torch.bfloat16,False,False,triton,0,0,0.0,auto,0.0,0.0,0.0
gfx1250,256,64,64,4096,False,torch.bfloat16,torch.bfloat16,False,False,triton,0,0,0.0,auto,0.0,0.0,0.0
gfx1250,256,128,64,4096,False,torch.bfloat16,torch.bfloat16,False,False,triton,0,0,0.0,auto,0.0,0.0,0.0
gfx1250,256,256,64,4096,False,torch.bfloat16,torch.bfloat16,False,False,triton,0,0,0.0,auto,0.0,0.0,0.0
gfx1250,256,512,64,4096,False,torch.bfloat16,torch.bfloat16,False,False,triton,0,0,0.0,auto,0.0,0.0,0.0
gfx1250,256,1024,64,4096,False,torch.bfloat16,torch.bfloat16,False,False,triton,0,0,0.0,auto,0.0,0.0,0.0
gfx1250,256,2048,64,4096,False,torch.bfloat16,torch.bfloat16,False,False,triton,0,0,0.0,auto,0.0,0.0,0.0
gfx1250,256,4096,64,4096,False,torch.bfloat16,torch.bfloat16,False,False,triton,0,0,0.0,auto,0.0,0.0,0.0
gfx1250,256,8192,64,4096,False,torch.bfloat16,torch.bfloat16,False,False,triton,0,0,0.0,auto,0.0,0.0,0.0
gfx1250,256,16384,64,4096,False,torch.bfloat16,torch.bfloat16,False,False,triton,0,0,0.0,auto,0.0,0.0,0.0
gfx1250,256,1,129280,4096,False,torch.bfloat16,torch.bfloat16,False,False,triton,0,0,0.0,auto,0.0,0.0,0.0
gfx1250,256,2,129280,4096,False,torch.bfloat16,torch.bfloat16,False,False,triton,0,0,0.0,auto,0.0,0.0,0.0
gfx1250,256,4,129280,4096,False,torch.bfloat16,torch.bfloat16,False,False,triton,0,0,0.0,auto,0.0,0.0,0.0
gfx1250,256,8,129280,4096,False,torch.bfloat16,torch.bfloat16,False,False,triton,0,0,0.0,auto,0.0,0.0,0.0
gfx1250,256,16,129280,4096,False,torch.bfloat16,torch.bfloat16,False,False,triton,0,0,0.0,auto,0.0,0.0,0.0
gfx1250,256,32,129280,4096,False,torch.bfloat16,torch.bfloat16,False,False,triton,0,0,0.0,auto,0.0,0.0,0.0
gfx1250,256,64,129280,4096,False,torch.bfloat16,torch.bfloat16,False,False,triton,0,0,0.0,auto,0.0,0.0,0.0
gfx1250,256,128,129280,4096,False,torch.bfloat16,torch.bfloat16,False,False,triton,0,0,0.0,auto,0.0,0.0,0.0
gfx1250,256,256,129280,4096,False,torch.bfloat16,torch.bfloat16,False,False,triton,0,0,0.0,auto,0.0,0.0,0.0
gfx1250,256,512,129280,4096,False,torch.bfloat16,torch.bfloat16,False,False,triton,0,0,0.0,auto,0.0,0.0,0.0
gfx1250,256,1024,129280,4096,False,torch.bfloat16,torch.bfloat16,False,False,triton,0,0,0.0,auto,0.0,0.0,0.0
gfx1250,256,2048,129280,4096,False,torch.bfloat16,torch.bfloat16,False,False,triton,0,0,0.0,auto,0.0,0.0,0.0
gfx1250,256,4096,129280,4096,False,torch.bfloat16,torch.bfloat16,False,False,triton,0,0,0.0,auto,0.0,0.0,0.0
gfx1250,256,8192,129280,4096,False,torch.bfloat16,torch.bfloat16,False,False,triton,0,0,0.0,auto,0.0,0.0,0.0
gfx1250,256,16384,129280,4096,False,torch.bfloat16,torch.bfloat16,False,False,triton,0,0,0.0,auto,0.0,0.0,0.0
gfx942,80,1,64,4096,False,torch.bfloat16,torch.bfloat16,False,False,skinny,2,0,3.6782,sol2,0.0,0.14,144.8
gfx942,80,2,64,4096,False,torch.bfloat16,torch.bfloat16,False,False,opus,10310,0,4.1922,opus_gemm_gfx942_wkc_accum_256x16x16x64_1x1_16x16x16_0x0x0,0.0234,0.25,129.03
gfx942,80,4,64,4096,False,torch.bfloat16,torch.bfloat16,False,False,opus,10310,0,4.2146,opus_gemm_gfx942_wkc_accum_256x16x16x64_1x1_16x16x16_0x0x0,0.0234,0.5,132.29
gfx942,80,8,64,4096,False,torch.bfloat16,torch.bfloat16,False,False,opus,10310,0,4.5113,opus_gemm_gfx942_wkc_accum_256x16x16x64_1x1_16x16x16_0x0x0,0.0195,0.93,130.97
gfx942,80,7680,64,4096,False,torch.bfloat16,torch.bfloat16,False,False,torch,0,0,47.248,native,0.0,85.22,1363.48
gfx942,80,7680,256,4096,False,torch.bfloat16,torch.bfloat16,False,False,torch,0,0,124.4846,native,0.0,129.38,553.83
gfx942,80,7680,512,4096,False,torch.bfloat16,torch.bfloat16,False,False,torch,0,0,211.985,native,0.0,151.96,353.67
gfx942,80,7680,1024,4096,False,torch.bfloat16,torch.bfloat16,False,False,torch,0,0,345.2932,native,0.0,186.58,252.05
gfx942,80,7680,2048,4096,False,torch.bfloat16,torch.bfloat16,False,False,opus,10216,0,693.9949,opus_gemm_gfx942_splitk_quad_mfma32_bf16ws_256x256x256x32_2x2_32x32x8_6x0x0,0.0,185.66,160.16
gfx942,80,1,32320,4096,False,torch.bfloat16,torch.bfloat16,False,False,torch,0,0,109.2233,native,0.0,2.42,2424.74
gfx942,80,15,32320,4096,False,torch.bfloat16,torch.bfloat16,False,False,torch,0,0,112.235,native,0.0,35.39,2368.76
gfx942,80,16,32320,4096,False,torch.bfloat16,torch.bfloat16,False,False,torch,0,0,112.6187,native,0.0,37.62,2361.34
gfx950,256,16,64,4096,False,torch.bfloat16,torch.bfloat16,False,False,flydsl,1619,8,4.1038,flydsl_gemm6_abf16_wbf16_bf16_t16x64x64_split_k8_block_m_warp1_block_n_warp2_block_k_warp1_async_copyTrue_b_to_ldsTrue_b_preshuffleFalse_c_to_ldsFalse_gfx950,0.0244,2.04,160.19
gfx950,256,32,64,4096,False,torch.bfloat16,torch.bfloat16,False,False,flydsl,1843,8,4.3226,flydsl_gemm7_abf16_wbf16_bf16_t16x64x64_split_k8_block_m_warp1_block_n_warp2_block_k_warp1_async_copyTrue_b_to_ldsTrue_b_preshuffleFalse_c_to_ldsFalse_gfx950,0.0205,3.88,182.88
gfx950,256,48,64,4096,False,torch.bfloat16,torch.bfloat16,False,False,flydsl,1618,8,4.2653,flydsl_gemm6_abf16_wbf16_bf16_t16x64x64_split_k8_block_m_warp1_block_n_warp1_block_k_warp2_async_copyTrue_b_to_ldsTrue_b_preshuffleFalse_c_to_ldsFalse_gfx950,0.0306,5.9,216.55
gfx950,256,64,64,4096,False,torch.bfloat16,torch.bfloat16,False,False,flydsl,1327,8,4.4524,flydsl_gemm4_abf16_wbf16_bf16_t16x64x128_split_k8_block_m_warp1_block_n_warp2_block_k_warp1_async_copyTrue_b_to_ldsTrue_b_preshuffleFalse_c_to_ldsFalse_gfx950,0.0198,7.54,237.35
gfx950,256,80,64,4096,False,torch.bfloat16,torch.bfloat16,False,False,flydsl,2367,8,4.297,flydsl_gemm7_abf16_wbf16_bf16_t16x64x64_split_k8_block_m_warp1_block_n_warp2_block_k_warp1_async_copyTrue_b_to_ldsTrue_b_preshuffleFalse_c_to_ldsFalse_gfx950,0.0199,9.76,276.91
gfx950,256,96,64,4096,False,torch.bfloat16,torch.bfloat16,False,False,flydsl,2143,8,4.419,flydsl_gemm6_abf16_wbf16_bf16_t16x64x64_split_k8_block_m_warp1_block_n_warp2_block_k_warp1_async_copyTrue_b_to_ldsTrue_b_preshuffleFalse_c_to_ldsFalse_gfx950,0.019,11.39,299.39
gfx950,256,112,64,4096,False,torch.bfloat16,torch.bfloat16,False,False,flydsl,2367,8,4.413,flydsl_gemm7_abf16_wbf16_bf16_t16x64x64_split_k8_block_m_warp1_block_n_warp2_block_k_warp1_async_copyTrue_b_to_ldsTrue_b_preshuffleFalse_c_to_ldsFalse_gfx950,0.0199,13.31,329.96
gfx950,256,128,64,4096,False,torch.bfloat16,torch.bfloat16,False,False,flydsl,2139,8,4.6882,flydsl_gemm5_abf16_wbf16_bf16_t32x64x64_split_k8_block_m_warp2_block_n_warp2_block_k_warp1_async_copyTrue_b_to_ldsTrue_b_preshuffleFalse_c_to_ldsFalse_gfx950,0.0194,14.31,338.99
gfx950,256,144,64,4096,False,torch.bfloat16,torch.bfloat16,False,False,flydsl,2663,8,4.4734,flydsl_gemm7_abf16_wbf16_bf16_t16x64x64_split_k8_block_m_warp1_block_n_warp2_block_k_warp1_async_copyTrue_b_to_ldsTrue_b_preshuffleFalse_c_to_ldsFalse_gfx950,0.0201,16.88,385.02
gfx950,256,160,64,4096,False,torch.bfloat16,torch.bfloat16,False,False,flydsl,2139,8,4.5639,flydsl_gemm5_abf16_wbf16_bf16_t32x64x64_split_k8_block_m_warp2_block_n_warp2_block_k_warp1_async_copyTrue_b_to_ldsTrue_b_preshuffleFalse_c_to_ldsFalse_gfx950,0.0195,18.38,406.56
gfx950,256,176,64,4096,False,torch.bfloat16,torch.bfloat16,False,False,flydsl,2438,8,4.7231,flydsl_gemm6_abf16_wbf16_bf16_t16x64x64_split_k8_block_m_warp1_block_n_warp1_block_k_warp2_async_copyTrue_b_to_ldsTrue_b_preshuffleFalse_c_to_ldsFalse_gfx950,0.0252,19.54,421.04
gfx950,256,192,64,4096,False,torch.bfloat16,torch.bfloat16,False,False,flydsl,2139,8,4.7019,flydsl_gemm5_abf16_wbf16_bf16_t32x64x64_split_k8_block_m_warp2_block_n_warp2_block_k_warp1_async_copyTrue_b_to_ldsTrue_b_preshuffleFalse_c_to_ldsFalse_gfx950,0.0192,21.41,451.25
gfx950,256,208,64,4096,False,torch.bfloat16,torch.bfloat16,False,False,flydsl,2508,8,4.6194,flydsl_gemm6_abf16_wbf16_bf16_t32x64x64_split_k8_block_m_warp1_block_n_warp4_block_k_warp1_async_copyTrue_b_to_ldsTrue_b_preshuffleFalse_c_to_ldsFalse_gfx950,0.0184,23.61,488.13
gfx950,256,224,64,4096,False,torch.bfloat16,torch.bfloat16,False,False,flydsl,2508,8,4.6771,flydsl_gemm6_abf16_wbf16_bf16_t32x64x64_split_k8_block_m_warp1_block_n_warp4_block_k_warp1_async_copyTrue_b_to_ldsTrue_b_preshuffleFalse_c_to_ldsFalse_gfx950,0.0181,25.11,510.57
gfx950,256,240,64,4096,False,torch.bfloat16,torch.bfloat16,False,False,flydsl,2663,8,5.1759,flydsl_gemm7_abf16_wbf16_bf16_t16x64x64_split_k8_block_m_warp1_block_n_warp2_block_k_warp1_async_copyTrue_b_to_ldsTrue_b_preshuffleFalse_c_to_ldsFalse_gfx950,0.0187,24.31,487.08
gfx950,256,256,64,4096,False,torch.bfloat16,torch.bfloat16,False,False,flydsl,2439,8,5.3468,flydsl_gemm6_abf16_wbf16_bf16_t16x64x64_split_k8_block_m_warp1_block_n_warp2_block_k_warp1_async_copyTrue_b_to_ldsTrue_b_preshuffleFalse_c_to_ldsFalse_gfx950,0.0185,25.1,496.41
gfx950,256,288,64,4096,False,torch.bfloat16,torch.bfloat16,False,False,flydsl,2851,8,5.4754,flydsl_gemm8_abf16_wbf16_bf16_t16x64x64_split_k8_block_m_warp1_block_n_warp2_block_k_warp1_async_copyTrue_b_to_ldsTrue_b_preshuffleFalse_c_to_ldsFalse_gfx950,0.0182,27.58,533.38
gfx950,256,320,64,4096,False,torch.bfloat16,torch.bfloat16,False,False,flydsl,2851,8,5.8174,flydsl_gemm8_abf16_wbf16_bf16_t16x64x64_split_k8_block_m_warp1_block_n_warp2_block_k_warp1_async_copyTrue_b_to_ldsTrue_b_preshuffleFalse_c_to_ldsFalse_gfx950,0.0182,28.84,547.79
gfx950,256,352,64,4096,False,torch.bfloat16,torch.bfloat16,False,False,flydsl,2139,8,5.9388,flydsl_gemm5_abf16_wbf16_bf16_t32x64x64_split_k8_block_m_warp2_block_n_warp2_block_k_warp1_async_copyTrue_b_to_ldsTrue_b_preshuffleFalse_c_to_ldsFalse_gfx950,0.0194,31.08,581.42
gfx950,256,384,64,4096,False,torch.bfloat16,torch.bfloat16,False,False,flydsl,2508,8,6.0403,flydsl_gemm6_abf16_wbf16_bf16_t32x64x64_split_k8_block_m_warp1_block_n_warp4_block_k_warp1_async_copyTrue_b_to_ldsTrue_b_preshuffleFalse_c_to_ldsFalse_gfx950,0.0186,33.33,615.73
gfx950,256,416,64,4096,False,torch.bfloat16,torch.bfloat16,False,False,flydsl,2511,8,6.1084,flydsl_gemm6_abf16_wbf16_bf16_t32x64x64_split_k8_block_m_warp2_block_n_warp2_block_k_warp1_async_copyTrue_b_to_ldsTrue_b_preshuffleFalse_c_to_ldsFalse_gfx950,0.0182,35.71,652.45
gfx950,256,448,64,4096,False,torch.bfloat16,torch.bfloat16,False,False,flydsl,2884,8,6.2706,flydsl_gemm8_abf16_wbf16_bf16_t32x64x64_split_k8_block_m_warp1_block_n_warp4_block_k_warp1_async_copyTrue_b_to_ldsTrue_b_preshuffleFalse_c_to_ldsFalse_gfx950,0.019,37.46,678.03
gfx950,256,480,64,4096,False,torch.bfloat16,torch.bfloat16,False,False,flydsl,2696,8,6.3498,flydsl_gemm7_abf16_wbf16_bf16_t32x64x64_split_k8_block_m_warp1_block_n_warp4_block_k_warp1_async_copyTrue_b_to_ldsTrue_b_preshuffleFalse_c_to_ldsFalse_gfx950,0.0197,39.63,711.5
gfx950,256,512,64,4096,False,torch.bfloat16,torch.bfloat16,False,False,flydsl,2439,8,6.6119,flydsl_gemm6_abf16_wbf16_bf16_t16x64x64_split_k8_block_m_warp1_block_n_warp2_block_k_warp1_async_copyTrue_b_to_ldsTrue_b_preshuffleFalse_c_to_ldsFalse_gfx950,0.0183,40.6,723.56
gfx950,256,544,64,4096,False,torch.bfloat16,torch.bfloat16,False,False,flydsl,2696,8,6.7254,flydsl_gemm7_abf16_wbf16_bf16_t32x64x64_split_k8_block_m_warp1_block_n_warp4_block_k_warp1_async_copyTrue_b_to_ldsTrue_b_preshuffleFalse_c_to_ldsFalse_gfx950,0.0194,42.41,750.94
gfx950,256,576,64,4096,False,torch.bfloat16,torch.bfloat16,False,False,flydsl,1027,4,6.9102,flydsl_gemm3_abf16_wbf16_bf16_t16x64x256_split_k4_block_m_warp1_block_n_warp1_block_k_warp2_async_copyTrue_b_to_ldsTrue_b_preshuffleFalse_c_to_ldsFalse_gfx950,0.0193,43.7,769.39
gfx950,256,608,64,4096,False,torch.bfloat16,torch.bfloat16,False,False,flydsl,2848,4,6.9328,flydsl_gemm8_abf16_wbf16_bf16_t16x64x64_split_k4_block_m_warp1_block_n_warp2_block_k_warp1_async_copyTrue_b_to_ldsTrue_b_preshuffleFalse_c_to_ldsFalse_gfx950,0.0116,45.98,805.28
gfx950,256,640,64,4096,False,torch.bfloat16,torch.bfloat16,False,False,flydsl,2136,8,7.0507,flydsl_gemm5_abf16_wbf16_bf16_t32x64x64_split_k8_block_m_warp1_block_n_warp4_block_k_warp1_async_copyTrue_b_to_ldsTrue_b_preshuffleFalse_c_to_ldsFalse_gfx950,0.0199,47.59,829.58
gfx950,256,672,64,4096,False,torch.bfloat16,torch.bfloat16,False,False,flydsl,2136,8,7.1007,flydsl_gemm5_abf16_wbf16_bf16_t32x64x64_split_k8_block_m_warp1_block_n_warp4_block_k_warp1_async_copyTrue_b_to_ldsTrue_b_preshuffleFalse_c_to_ldsFalse_gfx950,0.0198,49.62,861.23
gfx950,256,704,64,4096,False,torch.bfloat16,torch.bfloat16,False,False,flydsl,2847,4,7.1671,flydsl_gemm8_abf16_wbf16_bf16_t16x64x64_split_k4_block_m_warp1_block_n_warp1_block_k_warp2_async_copyTrue_b_to_ldsTrue_b_preshuffleFalse_c_to_ldsFalse_gfx950,0.0199,51.5,890.4
gfx950,256,736,64,4096,False,torch.bfloat16,torch.bfloat16,False,False,flydsl,2848,4,7.2154,flydsl_gemm8_abf16_wbf16_bf16_t16x64x64_split_k4_block_m_warp1_block_n_warp2_block_k_warp1_async_copyTrue_b_to_ldsTrue_b_preshuffleFalse_c_to_ldsFalse_gfx950,0.0116,53.48,921.34
gfx950,256,768,64,4096,False,torch.bfloat16,torch.bfloat16,False,False,flydsl,1563,4,7.3716,flydsl_gemm4_abf16_wbf16_bf16_t16x64x256_split_k4_block_m_warp1_block_n_warp1_block_k_warp2_async_copyTrue_b_to_ldsTrue_b_preshuffleFalse_c_to_ldsFalse_gfx950,0.0184,54.62,937.93
gfx950,256,800,64,4096,False,torch.bfloat16,torch.bfloat16,False,False,flydsl,2848,4,7.3776,flydsl_gemm8_abf16_wbf16_bf16_t16x64x64_split_k4_block_m_warp1_block_n_warp2_block_k_warp1_async_copyTrue_b_to_ldsTrue_b_preshuffleFalse_c_to_ldsFalse_gfx950,0.0117,56.85,973.26
gfx950,256,832,64,4096,False,torch.bfloat16,torch.bfloat16,False,False,flydsl,1551,4,7.5362,flydsl_gemm4_abf16_wbf16_bf16_t16x64x128_split_k4_block_m_warp1_block_n_warp1_block_k_warp2_async_copyTrue_b_to_ldsTrue_b_preshuffleFalse_c_to_ldsFalse_gfx950,0.0189,57.88,988.1
gfx950,256,864,64,4096,False,torch.bfloat16,torch.bfloat16,False,False,flydsl,1552,4,7.6575,flydsl_gemm4_abf16_wbf16_bf16_t16x64x128_split_k4_block_m_warp1_block_n_warp2_block_k_warp1_async_copyTrue_b_to_ldsTrue_b_preshuffleFalse_c_to_ldsFalse_gfx950,0.0118,59.16,1007.22
gfx950,256,896,64,4096,False,torch.bfloat16,torch.bfloat16,False,False,flydsl,2091,4,7.8185,flydsl_gemm5_abf16_wbf16_bf16_t32x64x128_split_k4_block_m_warp1_block_n_warp4_block_k_warp1_async_copyTrue_b_to_ldsTrue_b_preshuffleFalse_c_to_ldsFalse_gfx950,0.0118,60.08,1020.53
gfx950,256,928,64,4096,False,torch.bfloat16,torch.bfloat16,False,False,flydsl,2848,4,7.7091,flydsl_gemm8_abf16_wbf16_bf16_t16x64x64_split_k4_block_m_warp1_block_n_warp2_block_k_warp1_async_copyTrue_b_to_ldsTrue_b_preshuffleFalse_c_to_ldsFalse_gfx950,0.0112,63.11,1069.55
gfx950,256,960,64,4096,False,torch.bfloat16,torch.bfloat16,False,False,flydsl,1563,4,7.6155,flydsl_gemm4_abf16_wbf16_bf16_t16x64x256_split_k4_block_m_warp1_block_n_warp1_block_k_warp2_async_copyTrue_b_to_ldsTrue_b_preshuffleFalse_c_to_ldsFalse_gfx950,0.0192,66.09,1117.65
gfx950,256,992,64,4096,False,torch.bfloat16,torch.bfloat16,False,False,flydsl,2848,4,7.9301,flydsl_gemm8_abf16_wbf16_bf16_t16x64x64_split_k4_block_m_warp1_block_n_warp2_block_k_warp1_async_copyTrue_b_to_ldsTrue_b_preshuffleFalse_c_to_ldsFalse_gfx950,0.0115,65.58,1106.89
gfx950,256,1024,64,4096,False,torch.bfloat16,torch.bfloat16,False,False,flydsl,1563,4,8.0602,flydsl_gemm4_abf16_wbf16_bf16_t16x64x256_split_k4_block_m_warp1_block_n_warp1_block_k_warp2_async_copyTrue_b_to_ldsTrue_b_preshuffleFalse_c_to_ldsFalse_gfx950,0.0191,66.61,1122.05
gfx950,256,1088,64,4096,False,torch.bfloat16,torch.bfloat16,False,False,flydsl,2091,4,8.2663,flydsl_gemm5_abf16_wbf16_bf16_t32x64x128_split_k4_block_m_warp1_block_n_warp4_block_k_warp1_async_copyTrue_b_to_ldsTrue_b_preshuffleFalse_c_to_ldsFalse_gfx950,0.0117,69.01,1158.49
gfx950,256,1152,64,4096,False,torch.bfloat16,torch.bfloat16,False,False,flydsl,1170,4,8.3247,flydsl_gemm3_abf16_wbf16_bf16_t32x64x256_split_k4_block_m_warp1_block_n_warp2_block_k_warp2_async_copyTrue_b_to_ldsTrue_b_preshuffleFalse_c_to_ldsFalse_gfx950,0.0191,72.55,1214.33
gfx950,256,1216,64,4096,False,torch.bfloat16,torch.bfloat16,False,False,flydsl,2499,4,8.2066,flydsl_gemm6_abf16_wbf16_bf16_t32x64x64_split_k4_block_m_warp1_block_n_warp4_block_k_warp1_async_copyTrue_b_to_ldsTrue_b_preshuffleFalse_c_to_ldsFalse_gfx950,0.0116,77.69,1296.69
gfx950,256,1280,64,4096,False,torch.bfloat16,torch.bfloat16,False,False,flydsl,2874,4,8.6059,flydsl_gemm8_abf16_wbf16_bf16_t32x64x64_split_k4_block_m_warp1_block_n_warp2_block_k_warp2_async_copyTrue_b_to_ldsTrue_b_preshuffleFalse_c_to_ldsFalse_gfx950,0.0188,77.98,1298.4
gfx950,256,1344,64,4096,False,torch.bfloat16,torch.bfloat16,False,False,flydsl,2499,4,8.4381,flydsl_gemm6_abf16_wbf16_bf16_t32x64x64_split_k4_block_m_warp1_block_n_warp4_block_k_warp1_async_copyTrue_b_to_ldsTrue_b_preshuffleFalse_c_to_ldsFalse_gfx950,0.0116,83.51,1387.32
gfx950,256,1408,64,4096,False,torch.bfloat16,torch.bfloat16,False,False,flydsl,1670,4,8.5749,flydsl_gemm4_abf16_wbf16_bf16_t32x64x128_split_k4_block_m_warp1_block_n_warp2_block_k_warp2_async_copyTrue_b_to_ldsTrue_b_preshuffleFalse_c_to_ldsFalse_gfx950,0.019,86.09,1427.29
gfx950,256,1472,64,4096,False,torch.bfloat16,torch.bfloat16,False,False,flydsl,2878,4,8.6431,flydsl_gemm8_abf16_wbf16_bf16_t32x64x64_split_k4_block_m_warp2_block_n_warp2_block_k_warp1_async_copyTrue_b_to_ldsTrue_b_preshuffleFalse_c_to_ldsFalse_gfx950,0.012,89.29,1477.63
gfx950,256,1536,64,4096,False,torch.bfloat16,torch.bfloat16,False,False,flydsl,2875,4,9.1554,flydsl_gemm8_abf16_wbf16_bf16_t32x64x64_split_k4_block_m_warp1_block_n_warp4_block_k_warp1_async_copyTrue_b_to_ldsTrue_b_preshuffleFalse_c_to_ldsFalse_gfx950,0.0116,87.96,1453.11
gfx950,256,1600,64,4096,False,torch.bfloat16,torch.bfloat16,False,False,flydsl,2875,4,8.9698,flydsl_gemm8_abf16_wbf16_bf16_t32x64x64_split_k4_block_m_warp1_block_n_warp4_block_k_warp1_async_copyTrue_b_to_ldsTrue_b_preshuffleFalse_c_to_ldsFalse_gfx950,0.0128,93.52,1542.54
gfx950,256,1664,64,4096,False,torch.bfloat16,torch.bfloat16,False,False,flydsl,2091,4,9.1114,flydsl_gemm5_abf16_wbf16_bf16_t32x64x128_split_k4_block_m_warp1_block_n_warp4_block_k_warp1_async_copyTrue_b_to_ldsTrue_b_preshuffleFalse_c_to_ldsFalse_gfx950,0.0123,95.75,1577.01
gfx950,256,1728,64,4096,False,torch.bfloat16,torch.bfloat16,False,False,flydsl,2091,4,9.2559,flydsl_gemm5_abf16_wbf16_bf16_t32x64x128_split_k4_block_m_warp1_block_n_warp4_block_k_warp1_async_copyTrue_b_to_ldsTrue_b_preshuffleFalse_c_to_ldsFalse_gfx950,0.0125,97.88,1609.92
gfx950,256,1792,64,4096,False,torch.bfloat16,torch.bfloat16,False,False,flydsl,2832,2,9.7007,flydsl_gemm8_abf16_wbf16_bf16_t16x64x128_split_k2_block_m_warp1_block_n_warp1_block_k_warp2_async_copyTrue_b_to_ldsTrue_b_preshuffleFalse_c_to_ldsFalse_gfx950,0.0132,96.85,1590.99
gfx950,256,1856,64,4096,False,torch.bfloat16,torch.bfloat16,False,False,flydsl,2127,4,9.5633,flydsl_gemm5_abf16_wbf16_bf16_t32x64x64_split_k4_block_m_warp1_block_n_warp4_block_k_warp1_async_copyTrue_b_to_ldsTrue_b_preshuffleFalse_c_to_ldsFalse_gfx950,0.0128,101.75,1669.53
gfx950,256,1920,64,4096,False,torch.bfloat16,torch.bfloat16,False,False,flydsl,2090,4,9.6433,flydsl_gemm5_abf16_wbf16_bf16_t32x64x128_split_k4_block_m_warp1_block_n_warp2_block_k_warp2_async_copyTrue_b_to_ldsTrue_b_preshuffleFalse_c_to_ldsFalse_gfx950,0.0192,104.39,1710.9
gfx950,256,1984,64,4096,False,torch.bfloat16,torch.bfloat16,False,False,flydsl,2127,4,9.9659,flydsl_gemm5_abf16_wbf16_bf16_t32x64x64_split_k4_block_m_warp1_block_n_warp4_block_k_warp1_async_copyTrue_b_to_ldsTrue_b_preshuffleFalse_c_to_ldsFalse_gfx950,0.0126,104.37,1708.94
gfx950,256,2048,64,4096,False,torch.bfloat16,torch.bfloat16,False,False,flydsl,2844,2,10.3002,flydsl_gemm8_abf16_wbf16_bf16_t16x64x64_split_k2_block_m_warp1_block_n_warp1_block_k_warp2_async_copyTrue_b_to_ldsTrue_b_preshuffleFalse_c_to_ldsFalse_gfx950,0.0125,104.24,1705.18
gfx950,256,4096,64,4096,False,torch.bfloat16,torch.bfloat16,False,False,asm,8,5,13.7773,_ZN5aiter39bf16gemm_fp32bf16_tn_96x64_splitk_cleanE,0.0139,155.87,2511.6
gfx950,256,6144,64,4096,False,torch.bfloat16,torch.bfloat16,False,False,asm,8,4,16.1277,_ZN5aiter39bf16gemm_fp32bf16_tn_96x64_splitk_cleanE,0.0116,199.73,3202.09
gfx950,256,8192,64,4096,False,torch.bfloat16,torch.bfloat16,False,False,flydsl,2890,1,19.9899,flydsl_gemm8_abf16_wbf16_bf16_t48x64x64_split_k1_block_m_warp1_block_n_warp2_block_k_warp1_async_copyTrue_b_to_ldsTrue_b_preshuffleFalse_c_to_ldsFalse_gfx950,0.0,214.86,3435.82
gfx950,256,10240,64,4096,False,torch.bfloat16,torch.bfloat16,False,False,flydsl,2890,1,20.5426,flydsl_gemm8_abf16_wbf16_bf16_t48x64x64_split_k1_block_m_warp1_block_n_warp2_block_k_warp1_async_copyTrue_b_to_ldsTrue_b_preshuffleFalse_c_to_ldsFalse_gfx950,0.0,261.35,4172.85
gfx950,256,12288,64,4096,False,torch.bfloat16,torch.bfloat16,False,False,flydsl,2890,1,23.366,flydsl_gemm8_abf16_wbf16_bf16_t48x64x64_split_k1_block_m_warp1_block_n_warp2_block_k_warp1_async_copyTrue_b_to_ldsTrue_b_preshuffleFalse_c_to_ldsFalse_gfx950,0.0,275.72,4397.86
gfx950,256,14336,64,4096,False,torch.bfloat16,torch.bfloat16,False,False,flydsl,1760,1,25.7433,flydsl_gemm4_abf16_wbf16_bf16_t64x64x128_split_k1_block_m_warp4_block_n_warp2_block_k_warp1_async_copyTrue_b_to_ldsTrue_b_preshuffleFalse_c_to_ldsFalse_gfx950,0.0,291.97,4653.63
gfx950,256,16384,64,4096,False,torch.bfloat16,torch.bfloat16,False,False,flydsl,2171,1,29.1633,flydsl_gemm5_abf16_wbf16_bf16_t64x64x128_split_k1_block_m_warp1_block_n_warp4_block_k_warp2_async_copyTrue_b_to_ldsTrue_b_preshuffleFalse_c_to_ldsFalse_gfx950,0.0049,294.55,4692.17
gfx950,256,16,256,4096,False,torch.bfloat16,torch.bfloat16,False,False,flydsl,4270,8,4.2553,flydsl_gemm8_abf16_wbf16_bf16_t16x64x64_split_k8_block_m_warp1_block_n_warp1_block_k_warp2_async_copyTrue_b_to_ldsTrue_b_preshuffleFalse_c_to_ldsFalse_gfx950,0.0266,7.89,525.56
gfx950,256,32,256,4096,False,torch.bfloat16,torch.bfloat16,False,False,flydsl,4095,8,4.4972,flydsl_gemm7_abf16_wbf16_bf16_t32x64x64_split_k8_block_m_warp2_block_n_warp2_block_k_warp1_async_copyTrue_b_to_ldsTrue_b_preshuffleFalse_c_to_ldsFalse_gfx950,0.0201,14.92,528.26
gfx950,256,48,256,4096,False,torch.bfloat16,torch.bfloat16,False,False,flydsl,3659,8,4.9041,flydsl_gemm6_abf16_wbf16_bf16_t16x64x64_split_k8_block_m_warp1_block_n_warp2_block_k_warp1_async_copyTrue_b_to_ldsTrue_b_preshuffleFalse_c_to_ldsFalse_gfx950,0.0181,20.53,512.82
gfx950,256,64,256,4096,False,torch.bfloat16,torch.bfloat16,False,False,flydsl,3347,8,5.3049,flydsl_gemm4_abf16_wbf16_bf16_t16x64x128_split_k8_block_m_warp1_block_n_warp2_block_k_warp1_async_copyTrue_b_to_ldsTrue_b_preshuffleFalse_c_to_ldsFalse_gfx950,0.0201,25.3,500.33
gfx950,256,80,256,4096,False,torch.bfloat16,torch.bfloat16,False,False,flydsl,5212,8,5.5507,flydsl_gemm7_abf16_wbf16_bf16_t32x64x64_split_k8_block_m_warp1_block_n_warp4_block_k_warp1_async_copyTrue_b_to_ldsTrue_b_preshuffleFalse_c_to_ldsFalse_gfx950,0.0195,30.23,503.26
gfx950,256,96,256,4096,False,torch.bfloat16,torch.bfloat16,False,False,flydsl,3532,8,5.7875,flydsl_gemm4_abf16_wbf16_bf16_t32x64x128_split_k8_block_m_warp1_block_n_warp4_block_k_warp1_async_copyTrue_b_to_ldsTrue_b_preshuffleFalse_c_to_ldsFalse_gfx950,0.0193,34.79,506.74
gfx950,256,112,256,4096,False,torch.bfloat16,torch.bfloat16,False,False,flydsl,3344,4,6.1242,flydsl_gemm4_abf16_wbf16_bf16_t16x64x128_split_k4_block_m_warp1_block_n_warp2_block_k_warp1_async_copyTrue_b_to_ldsTrue_b_preshuffleFalse_c_to_ldsFalse_gfx950,0.0113,38.35,501.62
gfx950,256,128,256,4096,False,torch.bfloat16,torch.bfloat16,False,False,flydsl,5559,4,6.2443,flydsl_gemm7_abf16_wbf16_bf16_t16x64x128_split_k4_block_m_warp1_block_n_warp1_block_k_warp2_async_copyTrue_b_to_ldsTrue_b_preshuffleFalse_c_to_ldsFalse_gfx950,0.0201,42.99,514.27
gfx950,256,144,256,4096,False,torch.bfloat16,torch.bfloat16,False,False,flydsl,3707,4,6.471,flydsl_gemm4_abf16_wbf16_bf16_t16x64x128_split_k4_block_m_warp1_block_n_warp1_block_k_warp2_async_copyTrue_b_to_ldsTrue_b_preshuffleFalse_c_to_ldsFalse_gfx950,0.0199,46.67,517.78
gfx950,256,160,256,4096,False,torch.bfloat16,torch.bfloat16,False,False,flydsl,4647,4,6.6415,flydsl_gemm5_abf16_wbf16_bf16_t16x64x128_split_k4_block_m_warp1_block_n_warp1_block_k_warp2_async_copyTrue_b_to_ldsTrue_b_preshuffleFalse_c_to_ldsFalse_gfx950,0.0186,50.52,525.45
gfx950,256,176,256,4096,False,torch.bfloat16,torch.bfloat16,False,False,flydsl,3719,4,6.7046,flydsl_gemm4_abf16_wbf16_bf16_t16x64x256_split_k4_block_m_warp1_block_n_warp1_block_k_warp2_async_copyTrue_b_to_ldsTrue_b_preshuffleFalse_c_to_ldsFalse_gfx950,0.0181,55.05,541.28
gfx950,256,192,256,4096,False,torch.bfloat16,torch.bfloat16,False,False,flydsl,3719,4,6.7845,flydsl_gemm4_abf16_wbf16_bf16_t16x64x256_split_k4_block_m_warp1_block_n_warp1_block_k_warp2_async_copyTrue_b_to_ldsTrue_b_preshuffleFalse_c_to_ldsFalse_gfx950,0.0186,59.35,555.43
gfx950,256,208,256,4096,False,torch.bfloat16,torch.bfloat16,False,False,flydsl,5559,4,7.0109,flydsl_gemm7_abf16_wbf16_bf16_t16x64x128_split_k4_block_m_warp1_block_n_warp1_block_k_warp2_async_copyTrue_b_to_ldsTrue_b_preshuffleFalse_c_to_ldsFalse_gfx950,0.0194,62.22,557.36
gfx950,256,224,256,4096,False,torch.bfloat16,torch.bfloat16,False,False,flydsl,3708,4,7.2547,flydsl_gemm4_abf16_wbf16_bf16_t16x64x128_split_k4_block_m_warp1_block_n_warp2_block_k_warp1_async_copyTrue_b_to_ldsTrue_b_preshuffleFalse_c_to_ldsFalse_gfx950,0.0115,64.75,557.82
gfx950,256,240,256,4096,False,torch.bfloat16,torch.bfloat16,False,False,flydsl,5819,4,7.5295,flydsl_gemm8_abf16_wbf16_bf16_t16x64x64_split_k4_block_m_warp1_block_n_warp1_block_k_warp2_async_copyTrue_b_to_ldsTrue_b_preshuffleFalse_c_to_ldsFalse_gfx950,0.0188,66.85,555.96
gfx950,256,256,256,4096,False,torch.bfloat16,torch.bfloat16,False,False,flydsl,3707,4,7.5691,flydsl_gemm4_abf16_wbf16_bf16_t16x64x128_split_k4_block_m_warp1_block_n_warp1_block_k_warp2_async_copyTrue_b_to_ldsTrue_b_preshuffleFalse_c_to_ldsFalse_gfx950,0.0187,70.93,571.45
gfx950,256,288,256,4096,False,torch.bfloat16,torch.bfloat16,False,False,flydsl,3955,4,8.0564,flydsl_gemm4_abf16_wbf16_bf16_t32x64x128_split_k4_block_m_warp1_block_n_warp4_block_k_warp1_async_copyTrue_b_to_ldsTrue_b_preshuffleFalse_c_to_ldsFalse_gfx950,0.0113,74.97,571.46
gfx950,256,320,256,4096,False,torch.bfloat16,torch.bfloat16,False,False,flydsl,3955,4,8.0714,flydsl_gemm4_abf16_wbf16_bf16_t32x64x128_split_k4_block_m_warp1_block_n_warp4_block_k_warp1_async_copyTrue_b_to_ldsTrue_b_preshuffleFalse_c_to_ldsFalse_gfx950,0.0116,83.14,604.91
gfx950,256,352,256,4096,False,torch.bfloat16,torch.bfloat16,False,False,flydsl,5886,4,8.8003,flydsl_gemm8_abf16_wbf16_bf16_t32x64x64_split_k4_block_m_warp2_block_n_warp2_block_k_warp1_async_copyTrue_b_to_ldsTrue_b_preshuffleFalse_c_to_ldsFalse_gfx950,0.0114,83.88,586.45
gfx950,256,384,256,4096,False,torch.bfloat16,torch.bfloat16,False,False,flydsl,4723,4,8.6955,flydsl_gemm5_abf16_wbf16_bf16_t32x64x128_split_k4_block_m_warp1_block_n_warp4_block_k_warp1_async_copyTrue_b_to_ldsTrue_b_preshuffleFalse_c_to_ldsFalse_gfx950,0.0117,92.61,625.55
gfx950,256,416,256,4096,False,torch.bfloat16,torch.bfloat16,False,False,flydsl,3704,2,9.5162,flydsl_gemm4_abf16_wbf16_bf16_t16x64x128_split_k2_block_m_warp1_block_n_warp1_block_k_warp2_async_copyTrue_b_to_ldsTrue_b_preshuffleFalse_c_to_ldsFalse_gfx950,0.012,91.68,600.87
gfx950,256,448,256,4096,False,torch.bfloat16,torch.bfloat16,False,False,flydsl,4722,4,9.2939,flydsl_gemm5_abf16_wbf16_bf16_t32x64x128_split_k4_block_m_warp1_block_n_warp2_block_k_warp2_async_copyTrue_b_to_ldsTrue_b_preshuffleFalse_c_to_ldsFalse_gfx950,0.0185,101.09,645.21
gfx950,256,480,256,4096,False,torch.bfloat16,torch.bfloat16,False,False,flydsl,5192,2,9.8411,flydsl_gemm6_abf16_wbf16_bf16_t16x64x128_split_k2_block_m_warp1_block_n_warp1_block_k_warp2_async_copyTrue_b_to_ldsTrue_b_preshuffleFalse_c_to_ldsFalse_gfx950,0.0122,102.29,637.64
gfx950,256,512,256,4096,False,torch.bfloat16,torch.bfloat16,False,False,flydsl,3704,2,9.9183,flydsl_gemm4_abf16_wbf16_bf16_t16x64x128_split_k2_block_m_warp1_block_n_warp1_block_k_warp2_async_copyTrue_b_to_ldsTrue_b_preshuffleFalse_c_to_ldsFalse_gfx950,0.0124,108.26,660.76
gfx950,256,544,256,4096,False,torch.bfloat16,torch.bfloat16,False,False,flydsl,4803,4,10.1958,flydsl_gemm5_abf16_wbf16_bf16_t48x64x64_split_k4_block_m_warp1_block_n_warp1_block_k_warp2_async_copyTrue_b_to_ldsTrue_b_preshuffleFalse_c_to_ldsFalse_gfx950,0.0192,111.89,670.09
gfx950,256,576,256,4096,False,torch.bfloat16,torch.bfloat16,False,False,flydsl,2755,4,10.3304,flydsl_gemm3_abf16_wbf16_bf16_t32x64x128_split_k4_block_m_warp1_block_n_warp1_block_k_warp2_async_copyTrue_b_to_ldsTrue_b_preshuffleFalse_c_to_ldsFalse_gfx950,0.0194,116.93,688.32
gfx950,256,608,256,4096,False,torch.bfloat16,torch.bfloat16,False,False,flydsl,4804,4,10.6498,flydsl_gemm5_abf16_wbf16_bf16_t48x64x64_split_k4_block_m_warp1_block_n_warp2_block_k_warp1_async_copyTrue_b_to_ldsTrue_b_preshuffleFalse_c_to_ldsFalse_gfx950,0.0121,119.73,693.83
gfx950,256,640,256,4096,False,torch.bfloat16,torch.bfloat16,False,False,flydsl,5667,4,10.3591,flydsl_gemm7_abf16_wbf16_bf16_t48x64x64_split_k4_block_m_warp1_block_n_warp1_block_k_warp2_async_copyTrue_b_to_ldsTrue_b_preshuffleFalse_c_to_ldsFalse_gfx950,0.0196,129.57,740.19
gfx950,256,672,256,4096,False,torch.bfloat16,torch.bfloat16,False,False,flydsl,3948,2,10.9182,flydsl_gemm4_abf16_wbf16_bf16_t32x64x128_split_k2_block_m_warp2_block_n_warp1_block_k_warp2_async_copyTrue_b_to_ldsTrue_b_preshuffleFalse_c_to_ldsFalse_gfx950,0.012,129.08,727.8
gfx950,256,704,256,4096,False,torch.bfloat16,torch.bfloat16,False,False,flydsl,2759,4,11.0048,flydsl_gemm3_abf16_wbf16_bf16_t32x64x128_split_k4_block_m_warp1_block_n_warp4_block_k_warp1_async_copyTrue_b_to_ldsTrue_b_preshuffleFalse_c_to_ldsFalse_gfx950,0.0119,134.16,747.38
gfx950,256,736,256,4096,False,torch.bfloat16,torch.bfloat16,False,False,flydsl,3946,2,11.0818,flydsl_gemm4_abf16_wbf16_bf16_t32x64x128_split_k2_block_m_warp1_block_n_warp4_block_k_warp1_async_copyTrue_b_to_ldsTrue_b_preshuffleFalse_c_to_ldsFalse_gfx950,0.0046,139.28,767.32
gfx950,256,768,256,4096,False,torch.bfloat16,torch.bfloat16,False,False,flydsl,4761,4,11.1956,flydsl_gemm5_abf16_wbf16_bf16_t32x64x64_split_k4_block_m_warp2_block_n_warp1_block_k_warp2_async_copyTrue_b_to_ldsTrue_b_preshuffleFalse_c_to_ldsFalse_gfx950,0.0189,143.86,784.4
gfx950,256,800,256,4096,False,torch.bfloat16,torch.bfloat16,False,False,flydsl,2786,2,11.3999,flydsl_gemm3_abf16_wbf16_bf16_t32x64x256_split_k2_block_m_warp1_block_n_warp4_block_k_warp1_async_copyTrue_b_to_ldsTrue_b_preshuffleFalse_c_to_ldsFalse_gfx950,0.0046,147.17,794.77
gfx950,256,832,256,4096,False,torch.bfloat16,torch.bfloat16,False,False,asm,7,5,12.0303,_ZN5aiter39bf16gemm_fp32bf16_tn_80x64_splitk_cleanE,0.0142,145.04,776.28
gfx950,256,864,256,4096,False,torch.bfloat16,torch.bfloat16,False,False,flydsl,5877,2,11.6383,flydsl_gemm8_abf16_wbf16_bf16_t32x64x64_split_k2_block_m_warp2_block_n_warp2_block_k_warp1_async_copyTrue_b_to_ldsTrue_b_preshuffleFalse_c_to_ldsFalse_gfx950,0.0047,155.69,826.36
gfx950,256,896,256,4096,False,torch.bfloat16,torch.bfloat16,False,False,asm,7,5,12.1672,_ZN5aiter39bf16gemm_fp32bf16_tn_80x64_splitk_cleanE,0.0143,154.44,813.33
gfx950,256,928,256,4096,False,torch.bfloat16,torch.bfloat16,False,False,flydsl,3945,2,11.6563,flydsl_gemm4_abf16_wbf16_bf16_t32x64x128_split_k2_block_m_warp1_block_n_warp2_block_k_warp2_async_copyTrue_b_to_ldsTrue_b_preshuffleFalse_c_to_ldsFalse_gfx950,0.0118,166.96,872.87
gfx950,256,960,256,4096,False,torch.bfloat16,torch.bfloat16,False,False,asm,8,5,12.3396,_ZN5aiter39bf16gemm_fp32bf16_tn_96x64_splitk_cleanE,0.0141,163.15,847.11
gfx950,256,992,256,4096,False,torch.bfloat16,torch.bfloat16,False,False,asm,7,4,12.4278,_ZN5aiter39bf16gemm_fp32bf16_tn_80x64_splitk_cleanE,0.0117,167.4,863.51
gfx950,256,1024,256,4096,False,torch.bfloat16,torch.bfloat16,False,False,asm,8,5,12.5455,_ZN5aiter39bf16gemm_fp32bf16_tn_96x64_splitk_cleanE,0.0142,171.18,877.61
gfx950,256,1088,256,4096,False,torch.bfloat16,torch.bfloat16,False,False,asm,7,4,12.7263,_ZN5aiter39bf16gemm_fp32bf16_tn_80x64_splitk_cleanE,0.0118,179.29,908.91
gfx950,256,1152,256,4096,False,torch.bfloat16,torch.bfloat16,False,False,asm,8,5,12.7965,_ZN5aiter39bf16gemm_fp32bf16_tn_96x64_splitk_cleanE,0.014,188.8,947.46
gfx950,256,1216,256,4096,False,torch.bfloat16,torch.bfloat16,False,False,asm,7,4,13.2484,_ZN5aiter39bf16gemm_fp32bf16_tn_80x64_splitk_cleanE,0.0118,192.49,957.19
gfx950,256,1280,256,4096,False,torch.bfloat16,torch.bfloat16,False,False,asm,8,4,13.4026,_ZN5aiter39bf16gemm_fp32bf16_tn_96x64_splitk_cleanE,0.012,200.29,987.74
gfx950,256,1344,256,4096,False,torch.bfloat16,torch.bfloat16,False,False,asm,8,4,13.6055,_ZN5aiter39bf16gemm_fp32bf16_tn_96x64_splitk_cleanE,0.0119,207.16,1013.95
gfx950,256,1408,256,4096,False,torch.bfloat16,torch.bfloat16,False,False,asm,7,3,14.1991,_ZN5aiter39bf16gemm_fp32bf16_tn_80x64_splitk_cleanE,0.0089,207.96,1010.8
gfx950,256,1472,256,4096,False,torch.bfloat16,torch.bfloat16,False,False,asm,7,3,14.2348,_ZN5aiter39bf16gemm_fp32bf16_tn_80x64_splitk_cleanE,0.0088,216.86,1047.39
gfx950,256,1536,256,4096,False,torch.bfloat16,torch.bfloat16,False,False,asm,7,3,14.1786,_ZN5aiter39bf16gemm_fp32bf16_tn_80x64_splitk_cleanE,0.0089,227.19,1090.83
gfx950,256,1600,256,4096,False,torch.bfloat16,torch.bfloat16,False,False,asm,7,3,14.5521,_ZN5aiter39bf16gemm_fp32bf16_tn_80x64_splitk_cleanE,0.0092,230.58,1101.12
gfx950,256,1664,256,4096,False,torch.bfloat16,torch.bfloat16,False,False,asm,7,3,14.7319,_ZN5aiter39bf16gemm_fp32bf16_tn_80x64_splitk_cleanE,0.009,236.88,1125.49
gfx950,256,1728,256,4096,False,torch.bfloat16,torch.bfloat16,False,False,asm,8,3,15.1885,_ZN5aiter39bf16gemm_fp32bf16_tn_96x64_splitk_cleanE,0.0091,238.59,1128.33
gfx950,256,1792,256,4096,False,torch.bfloat16,torch.bfloat16,False,False,asm,8,3,15.5954,_ZN5aiter39bf16gemm_fp32bf16_tn_96x64_splitk_cleanE,0.0091,240.97,1134.61
gfx950,256,1856,256,4096,False,torch.bfloat16,torch.bfloat16,False,False,asm,8,3,15.4772,_ZN5aiter39bf16gemm_fp32bf16_tn_96x64_splitk_cleanE,0.0091,251.49,1179.27
gfx950,256,1920,256,4096,False,torch.bfloat16,torch.bfloat16,False,False,asm,8,3,15.884,_ZN5aiter39bf16gemm_fp32bf16_tn_96x64_splitk_cleanE,0.0091,253.5,1184.14
gfx950,256,1984,256,4096,False,torch.bfloat16,torch.bfloat16,False,False,asm,8,3,16.8476,_ZN5aiter39bf16gemm_fp32bf16_tn_96x64_splitk_cleanE,0.0091,246.96,1149.47
gfx950,256,2048,256,4096,False,torch.bfloat16,torch.bfloat16,False,False,asm,5,2,17.4249,_ZN5aiter39bf16gemm_fp32bf16_tn_64x64_splitk_cleanE,0.005,246.48,1143.36
gfx950,256,4096,256,4096,False,torch.bfloat16,torch.bfloat16,False,False,flydsl,3160,1,21.7734,flydsl_gemm3_abf16_wbf16_bf16_t64x64x128_split_k1_block_m_warp4_block_n_warp2_block_k_warp1_async_copyTrue_b_to_ldsTrue_b_preshuffleFalse_c_to_ldsFalse_gfx950,0.0,394.52,1733.71
gfx950,256,6144,256,4096,False,torch.bfloat16,torch.bfloat16,False,False,flydsl,2848,1,28.5069,flydsl_gemm3_abf16_wbf16_bf16_t48x128x128_split_k1_block_m_warp1_block_n_warp2_block_k_warp2_async_copyTrue_b_to_ldsTrue_b_preshuffleFalse_c_to_ldsFalse_gfx950,0.0048,451.99,1949.51
gfx950,256,8192,256,4096,False,torch.bfloat16,torch.bfloat16,False,False,flydsl,4365,1,35.5682,flydsl_gemm4_abf16_wbf16_bf16_t96x128x64_split_k1_block_m_warp1_block_n_warp4_block_k_warp1_async_copyTrue_b_to_ldsTrue_b_preshuffleFalse_c_to_ldsFalse_gfx950,0.0,483.01,2063.65
gfx950,256,10240,256,4096,False,torch.bfloat16,torch.bfloat16,False,False,flydsl,4367,1,39.1262,flydsl_gemm4_abf16_wbf16_bf16_t96x128x64_split_k1_block_m_warp2_block_n_warp1_block_k_warp2_async_copyTrue_b_to_ldsTrue_b_preshuffleFalse_c_to_ldsFalse_gfx950,0.0049,548.86,2331.59
gfx950,256,12288,256,4096,False,torch.bfloat16,torch.bfloat16,False,False,flydsl,4365,1,42.4878,flydsl_gemm4_abf16_wbf16_bf16_t96x128x64_split_k1_block_m_warp1_block_n_warp4_block_k_warp1_async_copyTrue_b_to_ldsTrue_b_preshuffleFalse_c_to_ldsFalse_gfx950,0.0,606.52,2566.66
gfx950,256,14336,256,4096,False,torch.bfloat16,torch.bfloat16,False,False,flydsl,3507,1,47.079,flydsl_gemm4_abf16_wbf16_bf16_t128x128x64_split_k1_block_m_warp2_block_n_warp4_block_k_warp1_async_copyTrue_b_to_ldsTrue_b_preshuffleFalse_c_to_ldsFalse_gfx950,0.0,638.6,2695.0
gfx950,256,16384,256,4096,False,torch.bfloat16,torch.bfloat16,False,False,torch,0,0,49.8606,native,0.0,689.12,2902.16
gfx950,256,16,512,4096,False,torch.bfloat16,torch.bfloat16,False,False,flydsl,4271,8,5.2807,flydsl_gemm8_abf16_wbf16_bf16_t16x64x64_split_k8_block_m_warp1_block_n_warp2_block_k_warp1_async_copyTrue_b_to_ldsTrue_b_preshuffleFalse_c_to_ldsFalse_gfx950,0.0206,12.71,822.19
gfx950,256,32,512,4096,False,torch.bfloat16,torch.bfloat16,False,False,flydsl,3284,8,5.6218,flydsl_gemm5_abf16_wbf16_bf16_t32x64x64_split_k8_block_m_warp1_block_n_warp4_block_k_warp1_async_copyTrue_b_to_ldsTrue_b_preshuffleFalse_c_to_ldsFalse_gfx950,0.0204,23.87,798.54
gfx950,256,48,512,4096,False,torch.bfloat16,torch.bfloat16,False,False,flydsl,2455,8,6.1235,flydsl_gemm4_abf16_wbf16_bf16_t16x64x128_split_k8_block_m_warp1_block_n_warp2_block_k_warp1_async_copyTrue_b_to_ldsTrue_b_preshuffleFalse_c_to_ldsFalse_gfx950,0.019,32.88,757.19
gfx950,256,64,512,4096,False,torch.bfloat16,torch.bfloat16,False,False,flydsl,5127,4,6.6407,flydsl_gemm7_abf16_wbf16_bf16_t16x64x128_split_k4_block_m_warp1_block_n_warp1_block_k_warp2_async_copyTrue_b_to_ldsTrue_b_preshuffleFalse_c_to_ldsFalse_gfx950,0.0204,40.42,720.43
gfx950,256,80,512,4096,False,torch.bfloat16,torch.bfloat16,False,False,flydsl,5375,4,6.894,flydsl_gemm8_abf16_wbf16_bf16_t16x64x128_split_k4_block_m_warp1_block_n_warp1_block_k_warp2_async_copyTrue_b_to_ldsTrue_b_preshuffleFalse_c_to_ldsFalse_gfx950,0.0209,48.67,715.34
gfx950,256,96,512,4096,False,torch.bfloat16,torch.bfloat16,False,False,flydsl,4215,4,7.0779,flydsl_gemm5_abf16_wbf16_bf16_t16x64x128_split_k4_block_m_warp1_block_n_warp1_block_k_warp2_async_copyTrue_b_to_ldsTrue_b_preshuffleFalse_c_to_ldsFalse_gfx950,0.0207,56.89,717.59
gfx950,256,112,512,4096,False,torch.bfloat16,torch.bfloat16,False,False,flydsl,4215,4,7.3471,flydsl_gemm5_abf16_wbf16_bf16_t16x64x128_split_k4_block_m_warp1_block_n_warp1_block_k_warp2_async_copyTrue_b_to_ldsTrue_b_preshuffleFalse_c_to_ldsFalse_gfx950,0.0199,63.94,711.37
gfx950,256,128,512,4096,False,torch.bfloat16,torch.bfloat16,False,False,flydsl,4647,4,7.7051,flydsl_gemm5_abf16_wbf16_bf16_t16x64x128_split_k4_block_m_warp1_block_n_warp1_block_k_warp2_async_copyTrue_b_to_ldsTrue_b_preshuffleFalse_c_to_ldsFalse_gfx950,0.0198,69.68,697.45
gfx950,256,144,512,4096,False,torch.bfloat16,torch.bfloat16,False,False,flydsl,3955,4,7.8946,flydsl_gemm4_abf16_wbf16_bf16_t32x64x128_split_k4_block_m_warp1_block_n_warp4_block_k_warp1_async_copyTrue_b_to_ldsTrue_b_preshuffleFalse_c_to_ldsFalse_gfx950,0.0119,76.51,699.39
gfx950,256,160,512,4096,False,torch.bfloat16,torch.bfloat16,False,False,flydsl,2794,4,8.2027,flydsl_gemm3_abf16_wbf16_bf16_t32x64x256_split_k4_block_m_warp1_block_n_warp2_block_k_warp2_async_copyTrue_b_to_ldsTrue_b_preshuffleFalse_c_to_ldsFalse_gfx950,0.0187,81.81,691.1
gfx950,256,176,512,4096,False,torch.bfloat16,torch.bfloat16,False,False,flydsl,4722,4,8.6175,flydsl_gemm5_abf16_wbf16_bf16_t32x64x128_split_k4_block_m_warp1_block_n_warp2_block_k_warp2_async_copyTrue_b_to_ldsTrue_b_preshuffleFalse_c_to_ldsFalse_gfx950,0.0196,85.66,674.94
gfx950,256,192,512,4096,False,torch.bfloat16,torch.bfloat16,False,False,flydsl,3955,4,8.7284,flydsl_gemm4_abf16_wbf16_bf16_t32x64x128_split_k4_block_m_warp1_block_n_warp4_block_k_warp1_async_copyTrue_b_to_ldsTrue_b_preshuffleFalse_c_to_ldsFalse_gfx950,0.0116,92.26,683.26
gfx950,256,208,512,4096,False,torch.bfloat16,torch.bfloat16,False,False,flydsl,5883,4,9.1315,flydsl_gemm8_abf16_wbf16_bf16_t32x64x64_split_k4_block_m_warp1_block_n_warp4_block_k_warp1_async_copyTrue_b_to_ldsTrue_b_preshuffleFalse_c_to_ldsFalse_gfx950,0.0121,95.54,669.25
gfx950,256,224,512,4096,False,torch.bfloat16,torch.bfloat16,False,False,flydsl,3954,4,9.3315,flydsl_gemm4_abf16_wbf16_bf16_t32x64x128_split_k4_block_m_warp1_block_n_warp2_block_k_warp2_async_copyTrue_b_to_ldsTrue_b_preshuffleFalse_c_to_ldsFalse_gfx950,0.0193,100.68,670.71
gfx950,256,240,512,4096,False,torch.bfloat16,torch.bfloat16,False,False,flydsl,3958,4,9.7336,flydsl_gemm4_abf16_wbf16_bf16_t32x64x128_split_k4_block_m_warp2_block_n_warp2_block_k_warp1_async_copyTrue_b_to_ldsTrue_b_preshuffleFalse_c_to_ldsFalse_gfx950,0.0119,103.42,658.15
gfx950,256,256,512,4096,False,torch.bfloat16,torch.bfloat16,False,False,flydsl,4722,4,9.7231,flydsl_gemm5_abf16_wbf16_bf16_t32x64x128_split_k4_block_m_warp1_block_n_warp2_block_k_warp2_async_copyTrue_b_to_ldsTrue_b_preshuffleFalse_c_to_ldsFalse_gfx950,0.0191,110.43,674.02
gfx950,256,288,512,4096,False,torch.bfloat16,torch.bfloat16,False,False,flydsl,4237,4,10.2164,flydsl_gemm4_abf16_wbf16_bf16_t64x64x128_split_k4_block_m_warp4_block_n_warp1_block_k_warp2_async_copyTrue_b_to_ldsTrue_b_preshuffleFalse_c_to_ldsFalse_gfx950,0.0188,118.24,670.34
gfx950,256,320,512,4096,False,torch.bfloat16,torch.bfloat16,False,False,flydsl,4036,4,10.2775,flydsl_gemm4_abf16_wbf16_bf16_t48x64x128_split_k4_block_m_warp1_block_n_warp2_block_k_warp1_async_copyTrue_b_to_ldsTrue_b_preshuffleFalse_c_to_ldsFalse_gfx950,0.0114,130.59,695.05
gfx950,256,352,512,4096,False,torch.bfloat16,torch.bfloat16,False,False,flydsl,3945,2,10.6369,flydsl_gemm4_abf16_wbf16_bf16_t32x64x128_split_k2_block_m_warp1_block_n_warp2_block_k_warp2_async_copyTrue_b_to_ldsTrue_b_preshuffleFalse_c_to_ldsFalse_gfx950,0.0122,138.8,699.3
gfx950,256,384,512,4096,False,torch.bfloat16,torch.bfloat16,False,False,flydsl,3946,2,10.917,flydsl_gemm4_abf16_wbf16_bf16_t32x64x128_split_k2_block_m_warp1_block_n_warp4_block_k_warp1_async_copyTrue_b_to_ldsTrue_b_preshuffleFalse_c_to_ldsFalse_gfx950,0.0049,147.53,708.37
gfx950,256,416,512,4096,False,torch.bfloat16,torch.bfloat16,False,False,flydsl,2786,2,11.1586,flydsl_gemm3_abf16_wbf16_bf16_t32x64x256_split_k2_block_m_warp1_block_n_warp4_block_k_warp1_async_copyTrue_b_to_ldsTrue_b_preshuffleFalse_c_to_ldsFalse_gfx950,0.0049,156.37,719.46
gfx950,256,448,512,4096,False,torch.bfloat16,torch.bfloat16,False,False,flydsl,4714,2,11.6804,flydsl_gemm5_abf16_wbf16_bf16_t32x64x128_split_k2_block_m_warp1_block_n_warp4_block_k_warp1_async_copyTrue_b_to_ldsTrue_b_preshuffleFalse_c_to_ldsFalse_gfx950,0.0049,160.87,712.57
gfx950,256,480,512,4096,False,torch.bfloat16,torch.bfloat16,False,False,asm,7,5,12.2513,_ZN5aiter39bf16gemm_fp32bf16_tn_80x64_splitk_cleanE,0.0141,164.33,703.43
gfx950,256,512,512,4096,False,torch.bfloat16,torch.bfloat16,False,False,flydsl,5625,2,12.3798,flydsl_gemm7_abf16_wbf16_bf16_t32x64x64_split_k2_block_m_warp1_block_n_warp2_block_k_warp2_async_copyTrue_b_to_ldsTrue_b_preshuffleFalse_c_to_ldsFalse_gfx950,0.012,173.47,719.95
gfx950,256,544,512,4096,False,torch.bfloat16,torch.bfloat16,False,False,asm,7,4,12.8083,_ZN5aiter39bf16gemm_fp32bf16_tn_80x64_splitk_cleanE,0.0119,178.14,718.89
gfx950,256,576,512,4096,False,torch.bfloat16,torch.bfloat16,False,False,asm,8,5,13.0114,_ZN5aiter39bf16gemm_fp32bf16_tn_96x64_splitk_cleanE,0.0143,185.68,730.34
gfx950,256,608,512,4096,False,torch.bfloat16,torch.bfloat16,False,False,asm,7,4,13.233,_ZN5aiter39bf16gemm_fp32bf16_tn_80x64_splitk_cleanE,0.012,192.71,740.39
gfx950,256,640,512,4096,False,torch.bfloat16,torch.bfloat16,False,False,asm,8,4,13.4583,_ZN5aiter39bf16gemm_fp32bf16_tn_96x64_splitk_cleanE,0.0116,199.46,749.91
gfx950,256,672,512,4096,False,torch.bfloat16,torch.bfloat16,False,False,asm,8,4,13.6966,_ZN5aiter39bf16gemm_fp32bf16_tn_96x64_splitk_cleanE,0.0118,205.79,758.4
gfx950,256,704,512,4096,False,torch.bfloat16,torch.bfloat16,False,False,asm,8,4,13.9441,_ZN5aiter39bf16gemm_fp32bf16_tn_96x64_splitk_cleanE,0.0118,211.76,766.09
gfx950,256,736,512,4096,False,torch.bfloat16,torch.bfloat16,False,False,asm,8,4,14.0382,_ZN5aiter39bf16gemm_fp32bf16_tn_96x64_splitk_cleanE,0.0118,219.9,781.96
gfx950,256,768,512,4096,False,torch.bfloat16,torch.bfloat16,False,False,asm,8,4,14.4099,_ZN5aiter39bf16gemm_fp32bf16_tn_96x64_splitk_cleanE,0.0118,223.54,782.25
gfx950,256,800,512,4096,False,torch.bfloat16,torch.bfloat16,False,False,asm,7,3,14.6178,_ZN5aiter39bf16gemm_fp32bf16_tn_80x64_splitk_cleanE,0.0088,229.55,791.3
gfx950,256,832,512,4096,False,torch.bfloat16,torch.bfloat16,False,False,flydsl,3937,1,14.9991,flydsl_gemm4_abf16_wbf16_bf16_t32x64x128_split_k1_block_m_warp1_block_n_warp4_block_k_warp1_async_copyTrue_b_to_ldsTrue_b_preshuffleFalse_c_to_ldsFalse_gfx950,0.0,232.66,790.85
gfx950,256,864,512,4096,False,torch.bfloat16,torch.bfloat16,False,False,asm,8,3,15.0822,_ZN5aiter39bf16gemm_fp32bf16_tn_96x64_splitk_cleanE,0.0087,240.28,806.04
gfx950,256,896,512,4096,False,torch.bfloat16,torch.bfloat16,False,False,flydsl,5252,1,15.1406,flydsl_gemm6_abf16_wbf16_bf16_t32x64x128_split_k1_block_m_warp1_block_n_warp2_block_k_warp2_async_copyTrue_b_to_ldsTrue_b_preshuffleFalse_c_to_ldsFalse_gfx950,0.005,248.21,822.41
gfx950,256,928,512,4096,False,torch.bfloat16,torch.bfloat16,False,False,flydsl,4704,1,15.2841,flydsl_gemm5_abf16_wbf16_bf16_t32x64x128_split_k1_block_m_warp1_block_n_warp2_block_k_warp2_async_copyTrue_b_to_ldsTrue_b_preshuffleFalse_c_to_ldsFalse_gfx950,0.005,254.66,833.99
gfx950,256,960,512,4096,False,torch.bfloat16,torch.bfloat16,False,False,flydsl,3934,1,15.3437,flydsl_gemm4_abf16_wbf16_bf16_t32x64x128_split_k1_block_m_warp1_block_n_warp1_block_k_warp4_async_copyTrue_b_to_ldsTrue_b_preshuffleFalse_c_to_ldsFalse_gfx950,0.0116,262.42,849.97
gfx950,256,992,512,4096,False,torch.bfloat16,torch.bfloat16,False,False,flydsl,5252,1,15.3444,flydsl_gemm6_abf16_wbf16_bf16_t32x64x128_split_k1_block_m_warp1_block_n_warp2_block_k_warp2_async_copyTrue_b_to_ldsTrue_b_preshuffleFalse_c_to_ldsFalse_gfx950,0.0049,271.16,869.15
gfx950,256,1024,512,4096,False,torch.bfloat16,torch.bfloat16,False,False,flydsl,4704,1,15.3621,flydsl_gemm5_abf16_wbf16_bf16_t32x64x128_split_k1_block_m_warp1_block_n_warp2_block_k_warp2_async_copyTrue_b_to_ldsTrue_b_preshuffleFalse_c_to_ldsFalse_gfx950,0.0049,279.58,887.35
gfx950,256,1088,512,4096,False,torch.bfloat16,torch.bfloat16,False,False,asm,7,2,18.0861,_ZN5aiter39bf16gemm_fp32bf16_tn_80x64_splitk_cleanE,0.005,252.32,786.31
gfx950,256,1152,512,4096,False,torch.bfloat16,torch.bfloat16,False,False,asm,7,2,18.3381,_ZN5aiter39bf16gemm_fp32bf16_tn_80x64_splitk_cleanE,0.005,263.49,807.67
gfx950,256,1216,512,4096,False,torch.bfloat16,torch.bfloat16,False,False,asm,7,2,18.5962,_ZN5aiter39bf16gemm_fp32bf16_tn_80x64_splitk_cleanE,0.005,274.26,828.18
gfx950,256,1280,512,4096,False,torch.bfloat16,torch.bfloat16,False,False,flydsl,4888,1,18.9739,flydsl_gemm5_abf16_wbf16_bf16_t64x64x128_split_k1_block_m_warp2_block_n_warp2_block_k_warp2_async_copyTrue_b_to_ldsTrue_b_preshuffleFalse_c_to_ldsFalse_gfx950,0.0051,282.95,842.78
gfx950,256,1344,512,4096,False,torch.bfloat16,torch.bfloat16,False,False,flydsl,3156,1,19.0866,flydsl_gemm3_abf16_wbf16_bf16_t64x64x128_split_k1_block_m_warp2_block_n_warp2_block_k_warp2_async_copyTrue_b_to_ldsTrue_b_preshuffleFalse_c_to_ldsFalse_gfx950,0.0051,295.35,868.7
gfx950,256,1408,512,4096,False,torch.bfloat16,torch.bfloat16,False,False,flydsl,4888,1,19.1606,flydsl_gemm5_abf16_wbf16_bf16_t64x64x128_split_k1_block_m_warp2_block_n_warp2_block_k_warp2_async_copyTrue_b_to_ldsTrue_b_preshuffleFalse_c_to_ldsFalse_gfx950,0.0051,308.21,896.13
gfx950,256,1472,512,4096,False,torch.bfloat16,torch.bfloat16,False,False,flydsl,4888,1,19.1924,flydsl_gemm5_abf16_wbf16_bf16_t64x64x128_split_k1_block_m_warp2_block_n_warp2_block_k_warp2_async_copyTrue_b_to_ldsTrue_b_preshuffleFalse_c_to_ldsFalse_gfx950,0.0051,321.69,925.38
gfx950,256,1536,512,4096,False,torch.bfloat16,torch.bfloat16,False,False,flydsl,3157,1,19.2515,flydsl_gemm3_abf16_wbf16_bf16_t64x64x128_split_k1_block_m_warp2_block_n_warp4_block_k_warp1_async_copyTrue_b_to_ldsTrue_b_preshuffleFalse_c_to_ldsFalse_gfx950,0.0,334.65,953.18
gfx950,256,1600,512,4096,False,torch.bfloat16,torch.bfloat16,False,False,flydsl,4888,1,19.3567,flydsl_gemm5_abf16_wbf16_bf16_t64x64x128_split_k1_block_m_warp2_block_n_warp2_block_k_warp2_async_copyTrue_b_to_ldsTrue_b_preshuffleFalse_c_to_ldsFalse_gfx950,0.0049,346.7,978.47
gfx950,256,1664,512,4096,False,torch.bfloat16,torch.bfloat16,False,False,flydsl,3157,1,19.7156,flydsl_gemm3_abf16_wbf16_bf16_t64x64x128_split_k1_block_m_warp2_block_n_warp4_block_k_warp1_async_copyTrue_b_to_ldsTrue_b_preshuffleFalse_c_to_ldsFalse_gfx950,0.0,354.0,990.57
gfx950,256,1728,512,4096,False,torch.bfloat16,torch.bfloat16,False,False,flydsl,3156,1,20.0324,flydsl_gemm3_abf16_wbf16_bf16_t64x64x128_split_k1_block_m_warp2_block_n_warp2_block_k_warp2_async_copyTrue_b_to_ldsTrue_b_preshuffleFalse_c_to_ldsFalse_gfx950,0.0049,361.8,1004.35
gfx950,256,1792,512,4096,False,torch.bfloat16,torch.bfloat16,False,False,flydsl,4888,1,20.0323,flydsl_gemm5_abf16_wbf16_bf16_t64x64x128_split_k1_block_m_warp2_block_n_warp2_block_k_warp2_async_copyTrue_b_to_ldsTrue_b_preshuffleFalse_c_to_ldsFalse_gfx950,0.0049,375.2,1033.8
gfx950,256,1856,512,4096,False,torch.bfloat16,torch.bfloat16,False,False,flydsl,3156,1,20.4162,flydsl_gemm3_abf16_wbf16_bf16_t64x64x128_split_k1_block_m_warp2_block_n_warp2_block_k_warp2_async_copyTrue_b_to_ldsTrue_b_preshuffleFalse_c_to_ldsFalse_gfx950,0.0049,381.3,1043.25
gfx950,256,1920,512,4096,False,torch.bfloat16,torch.bfloat16,False,False,flydsl,4204,1,21.2279,flydsl_gemm4_abf16_wbf16_bf16_t64x64x128_split_k1_block_m_warp4_block_n_warp2_block_k_warp1_async_copyTrue_b_to_ldsTrue_b_preshuffleFalse_c_to_ldsFalse_gfx950,0.0,379.36,1031.14
gfx950,256,1984,512,4096,False,torch.bfloat16,torch.bfloat16,False,False,flydsl,3157,1,21.1211,flydsl_gemm3_abf16_wbf16_bf16_t64x64x128_split_k1_block_m_warp2_block_n_warp4_block_k_warp1_async_copyTrue_b_to_ldsTrue_b_preshuffleFalse_c_to_ldsFalse_gfx950,0.0,393.99,1064.28
gfx950,256,2048,512,4096,False,torch.bfloat16,torch.bfloat16,False,False,flydsl,4888,1,21.2677,flydsl_gemm5_abf16_wbf16_bf16_t64x64x128_split_k1_block_m_warp2_block_n_warp2_block_k_warp2_async_copyTrue_b_to_ldsTrue_b_preshuffleFalse_c_to_ldsFalse_gfx950,0.0049,403.9,1084.68
gfx950,256,4096,512,4096,False,torch.bfloat16,torch.bfloat16,False,False,flydsl,4065,1,30.6676,flydsl_gemm4_abf16_wbf16_bf16_t64x128x64_split_k1_block_m_warp2_block_n_warp4_block_k_warp1_async_copyTrue_b_to_ldsTrue_b_preshuffleFalse_c_to_ldsFalse_gfx950,0.0,560.2,1367.67
gfx950,256,6144,512,4096,False,torch.bfloat16,torch.bfloat16,False,False,flydsl,4365,1,38.8247,flydsl_gemm4_abf16_wbf16_bf16_t96x128x64_split_k1_block_m_warp1_block_n_warp4_block_k_warp1_async_copyTrue_b_to_ldsTrue_b_preshuffleFalse_c_to_ldsFalse_gfx950,0.0,663.75,1566.46
gfx950,256,8192,512,4096,False,torch.bfloat16,torch.bfloat16,False,False,torch,0,0,45.7645,native,0.0,750.79,1741.34
gfx950,256,10240,512,4096,False,torch.bfloat16,torch.bfloat16,False,False,torch,0,0,54.113,native,0.0,793.7,1821.49
gfx950,256,12288,512,4096,False,torch.bfloat16,torch.bfloat16,False,False,opus,6402,0,61.1809,opus_gemm_mono_tile_512x192x128x64_2x4_16x16x32_0x0x0_nooob_4g_safe,0.0,842.41,1919.56
gfx950,256,14336,512,4096,False,torch.bfloat16,torch.bfloat16,False,False,opus,6401,0,64.5807,opus_gemm_mono_tile_512x128x256x64_2x4_16x16x32_0x0x0_nooob_4g_safe,0.0,931.08,2110.77
gfx950,256,16384,512,4096,False,torch.bfloat16,torch.bfloat16,False,False,opus,1401,0,68.3623,opus_gemm_mono_tile_512x128x256x64_2x4_16x16x32_0x0x0_nooob,0.0,1005.22,2270.1
gfx950,256,32,1024,4096,False,torch.bfloat16,torch.bfloat16,False,False,flydsl,4007,4,6.8983,flydsl_gemm7_abf16_wbf16_bf16_t16x64x128_split_k4_block_m_warp1_block_n_warp1_block_k_warp2_async_copyTrue_b_to_ldsTrue_b_preshuffleFalse_c_to_ldsFalse_gfx950,0.019,38.91,1263.54
gfx950,256,48,1024,4096,False,torch.bfloat16,torch.bfloat16,False,False,flydsl,1495,4,7.2215,flydsl_gemm3_abf16_wbf16_bf16_t16x64x256_split_k4_block_m_warp1_block_n_warp1_block_k_warp2_async_copyTrue_b_to_ldsTrue_b_preshuffleFalse_c_to_ldsFalse_gfx950,0.0187,55.76,1229.68
gfx950,256,64,1024,4096,False,torch.bfloat16,torch.bfloat16,False,False,flydsl,4763,4,7.8339,flydsl_gemm6_abf16_wbf16_bf16_t16x64x128_split_k4_block_m_warp1_block_n_warp1_block_k_warp2_async_copyTrue_b_to_ldsTrue_b_preshuffleFalse_c_to_ldsFalse_gfx950,0.0195,68.53,1154.47
gfx950,256,80,1024,4096,False,torch.bfloat16,torch.bfloat16,False,False,flydsl,3523,4,8.5375,flydsl_gemm4_abf16_wbf16_bf16_t32x64x128_split_k4_block_m_warp1_block_n_warp4_block_k_warp1_async_copyTrue_b_to_ldsTrue_b_preshuffleFalse_c_to_ldsFalse_gfx950,0.0122,78.6,1078.51
gfx950,256,96,1024,4096,False,torch.bfloat16,torch.bfloat16,False,False,flydsl,4875,4,8.907,flydsl_gemm6_abf16_wbf16_bf16_t32x64x64_split_k4_block_m_warp1_block_n_warp4_block_k_warp1_async_copyTrue_b_to_ldsTrue_b_preshuffleFalse_c_to_ldsFalse_gfx950,0.0122,90.41,1052.17
gfx950,256,112,1024,4096,False,torch.bfloat16,torch.bfloat16,False,False,flydsl,4291,4,9.4295,flydsl_gemm5_abf16_wbf16_bf16_t32x64x128_split_k4_block_m_warp1_block_n_warp4_block_k_warp1_async_copyTrue_b_to_ldsTrue_b_preshuffleFalse_c_to_ldsFalse_gfx950,0.0119,99.64,1011.24
gfx950,256,144,1024,4096,False,torch.bfloat16,torch.bfloat16,False,False,flydsl,5721,4,10.2177,flydsl_gemm7_abf16_wbf16_bf16_t64x64x64_split_k4_block_m_warp4_block_n_warp1_block_k_warp2_async_copyTrue_b_to_ldsTrue_b_preshuffleFalse_c_to_ldsFalse_gfx950,0.0186,118.22,965.3
gfx950,256,160,1024,4096,False,torch.bfloat16,torch.bfloat16,False,False,flydsl,5953,4,10.549,flydsl_gemm8_abf16_wbf16_bf16_t64x64x64_split_k4_block_m_warp2_block_n_warp2_block_k_warp1_async_copyTrue_b_to_ldsTrue_b_preshuffleFalse_c_to_ldsFalse_gfx950,0.0114,127.23,950.52
gfx950,256,176,1024,4096,False,torch.bfloat16,torch.bfloat16,False,False,flydsl,2786,2,10.5895,flydsl_gemm3_abf16_wbf16_bf16_t32x64x256_split_k2_block_m_warp1_block_n_warp4_block_k_warp1_async_copyTrue_b_to_ldsTrue_b_preshuffleFalse_c_to_ldsFalse_gfx950,0.005,139.42,962.35
gfx950,256,192,1024,4096,False,torch.bfloat16,torch.bfloat16,False,False,flydsl,2785,2,10.7679,flydsl_gemm3_abf16_wbf16_bf16_t32x64x256_split_k2_block_m_warp1_block_n_warp2_block_k_warp2_async_copyTrue_b_to_ldsTrue_b_preshuffleFalse_c_to_ldsFalse_gfx950,0.0122,149.58,961.63
gfx950,256,208,1024,4096,False,torch.bfloat16,torch.bfloat16,False,False,flydsl,5877,2,10.9186,flydsl_gemm8_abf16_wbf16_bf16_t32x64x64_split_k2_block_m_warp2_block_n_warp2_block_k_warp1_async_copyTrue_b_to_ldsTrue_b_preshuffleFalse_c_to_ldsFalse_gfx950,0.0049,159.8,963.36
gfx950,256,224,1024,4096,False,torch.bfloat16,torch.bfloat16,False,False,flydsl,2783,2,11.6175,flydsl_gemm3_abf16_wbf16_bf16_t32x64x256_split_k2_block_m_warp1_block_n_warp1_block_k_warp4_async_copyTrue_b_to_ldsTrue_b_preshuffleFalse_c_to_ldsFalse_gfx950,0.0199,161.74,919.51
gfx950,256,240,1024,4096,False,torch.bfloat16,torch.bfloat16,False,False,flydsl,3946,2,10.9612,flydsl_gemm4_abf16_wbf16_bf16_t32x64x128_split_k2_block_m_warp1_block_n_warp4_block_k_warp1_async_copyTrue_b_to_ldsTrue_b_preshuffleFalse_c_to_ldsFalse_gfx950,0.0049,183.67,989.51
gfx950,256,288,1024,4096,False,torch.bfloat16,torch.bfloat16,False,False,asm,7,4,12.7897,_ZN5aiter39bf16gemm_fp32bf16_tn_80x64_splitk_cleanE,0.0118,188.9,886.47
gfx950,256,320,1024,4096,False,torch.bfloat16,torch.bfloat16,False,False,asm,7,4,13.1072,_ZN5aiter39bf16gemm_fp32bf16_tn_80x64_splitk_cleanE,0.0119,204.8,890.0
gfx950,256,352,1024,4096,False,torch.bfloat16,torch.bfloat16,False,False,asm,8,4,13.5616,_ZN5aiter39bf16gemm_fp32bf16_tn_96x64_splitk_cleanE,0.0116,217.73,884.34
gfx950,256,384,1024,4096,False,torch.bfloat16,torch.bfloat16,False,False,asm,8,4,13.8164,_ZN5aiter39bf16gemm_fp32bf16_tn_96x64_splitk_cleanE,0.0117,233.15,891.75
gfx950,256,416,1024,4096,False,torch.bfloat16,torch.bfloat16,False,False,flydsl,3937,1,14.5842,flydsl_gemm4_abf16_wbf16_bf16_t32x64x128_split_k1_block_m_warp1_block_n_warp4_block_k_warp1_async_copyTrue_b_to_ldsTrue_b_preshuffleFalse_c_to_ldsFalse_gfx950,0.0,239.28,867.27
gfx950,256,448,1024,4096,False,torch.bfloat16,torch.bfloat16,False,False,flydsl,4704,1,14.6186,flydsl_gemm5_abf16_wbf16_bf16_t32x64x128_split_k1_block_m_warp1_block_n_warp2_block_k_warp2_async_copyTrue_b_to_ldsTrue_b_preshuffleFalse_c_to_ldsFalse_gfx950,0.0051,257.08,887.65
gfx950,256,480,1024,4096,False,torch.bfloat16,torch.bfloat16,False,False,flydsl,4704,1,14.7117,flydsl_gemm5_abf16_wbf16_bf16_t32x64x128_split_k1_block_m_warp1_block_n_warp2_block_k_warp2_async_copyTrue_b_to_ldsTrue_b_preshuffleFalse_c_to_ldsFalse_gfx950,0.0051,273.7,904.3
gfx950,256,544,1024,4096,False,torch.bfloat16,torch.bfloat16,False,False,flydsl,4204,1,17.7773,flydsl_gemm4_abf16_wbf16_bf16_t64x64x128_split_k1_block_m_warp4_block_n_warp2_block_k_warp1_async_copyTrue_b_to_ldsTrue_b_preshuffleFalse_c_to_ldsFalse_gfx950,0.0,256.7,785.22
gfx950,256,576,1024,4096,False,torch.bfloat16,torch.bfloat16,False,False,asm,7,2,17.8483,_ZN5aiter39bf16gemm_fp32bf16_tn_80x64_splitk_cleanE,0.0049,270.72,800.46
gfx950,256,608,1024,4096,False,torch.bfloat16,torch.bfloat16,False,False,flydsl,3156,1,18.0026,flydsl_gemm3_abf16_wbf16_bf16_t64x64x128_split_k1_block_m_warp2_block_n_warp2_block_k_warp2_async_copyTrue_b_to_ldsTrue_b_preshuffleFalse_c_to_ldsFalse_gfx950,0.005,283.31,811.8
gfx950,256,640,1024,4096,False,torch.bfloat16,torch.bfloat16,False,False,flydsl,4888,1,18.1352,flydsl_gemm5_abf16_wbf16_bf16_t64x64x128_split_k1_block_m_warp2_block_n_warp2_block_k_warp2_async_copyTrue_b_to_ldsTrue_b_preshuffleFalse_c_to_ldsFalse_gfx950,0.005,296.04,823.93
gfx950,256,672,1024,4096,False,torch.bfloat16,torch.bfloat16,False,False,flydsl,4888,1,18.0182,flydsl_gemm5_abf16_wbf16_bf16_t64x64x128_split_k1_block_m_warp2_block_n_warp2_block_k_warp2_async_copyTrue_b_to_ldsTrue_b_preshuffleFalse_c_to_ldsFalse_gfx950,0.005,312.86,847.47
gfx950,256,704,1024,4096,False,torch.bfloat16,torch.bfloat16,False,False,flydsl,4888,1,18.2824,flydsl_gemm5_abf16_wbf16_bf16_t64x64x128_split_k1_block_m_warp2_block_n_warp2_block_k_warp2_async_copyTrue_b_to_ldsTrue_b_preshuffleFalse_c_to_ldsFalse_gfx950,0.005,323.02,853.15
gfx950,256,736,1024,4096,False,torch.bfloat16,torch.bfloat16,False,False,flydsl,4888,1,18.0484,flydsl_gemm5_abf16_wbf16_bf16_t64x64x128_split_k1_block_m_warp2_block_n_warp2_block_k_warp2_async_copyTrue_b_to_ldsTrue_b_preshuffleFalse_c_to_ldsFalse_gfx950,0.005,342.08,882.36
gfx950,256,768,1024,4096,False,torch.bfloat16,torch.bfloat16,False,False,flydsl,4891,1,18.3952,flydsl_gemm5_abf16_wbf16_bf16_t64x64x128_split_k1_block_m_warp4_block_n_warp1_block_k_warp2_async_copyTrue_b_to_ldsTrue_b_preshuffleFalse_c_to_ldsFalse_gfx950,0.005,350.22,883.54
gfx950,256,800,1024,4096,False,torch.bfloat16,torch.bfloat16,False,False,flydsl,4888,1,18.2017,flydsl_gemm5_abf16_wbf16_bf16_t64x64x128_split_k1_block_m_warp2_block_n_warp2_block_k_warp2_async_copyTrue_b_to_ldsTrue_b_preshuffleFalse_c_to_ldsFalse_gfx950,0.005,368.7,910.94
gfx950,256,832,1024,4096,False,torch.bfloat16,torch.bfloat16,False,False,flydsl,3157,1,18.7633,flydsl_gemm3_abf16_wbf16_bf16_t64x64x128_split_k1_block_m_warp2_block_n_warp4_block_k_warp1_async_copyTrue_b_to_ldsTrue_b_preshuffleFalse_c_to_ldsFalse_gfx950,0.0,371.97,901.14
gfx950,256,864,1024,4096,False,torch.bfloat16,torch.bfloat16,False,False,flydsl,4888,1,18.5932,flydsl_gemm5_abf16_wbf16_bf16_t64x64x128_split_k1_block_m_warp2_block_n_warp2_block_k_warp2_async_copyTrue_b_to_ldsTrue_b_preshuffleFalse_c_to_ldsFalse_gfx950,0.005,389.81,927.0
gfx950,256,896,1024,4096,False,torch.bfloat16,torch.bfloat16,False,False,flydsl,3156,1,18.6587,flydsl_gemm3_abf16_wbf16_bf16_t64x64x128_split_k1_block_m_warp2_block_n_warp2_block_k_warp2_async_copyTrue_b_to_ldsTrue_b_preshuffleFalse_c_to_ldsFalse_gfx950,0.005,402.83,941.31
gfx950,256,928,1024,4096,False,torch.bfloat16,torch.bfloat16,False,False,flydsl,4888,1,18.3806,flydsl_gemm5_abf16_wbf16_bf16_t64x64x128_split_k1_block_m_warp2_block_n_warp2_block_k_warp2_async_copyTrue_b_to_ldsTrue_b_preshuffleFalse_c_to_ldsFalse_gfx950,0.005,423.52,973.38
gfx950,256,960,1024,4096,False,torch.bfloat16,torch.bfloat16,False,False,flydsl,3156,1,18.8103,flydsl_gemm3_abf16_wbf16_bf16_t64x64x128_split_k1_block_m_warp2_block_n_warp2_block_k_warp2_async_copyTrue_b_to_ldsTrue_b_preshuffleFalse_c_to_ldsFalse_gfx950,0.005,428.12,968.57
gfx950,256,992,1024,4096,False,torch.bfloat16,torch.bfloat16,False,False,flydsl,4204,1,18.776,flydsl_gemm4_abf16_wbf16_bf16_t64x64x128_split_k1_block_m_warp4_block_n_warp2_block_k_warp1_async_copyTrue_b_to_ldsTrue_b_preshuffleFalse_c_to_ldsFalse_gfx950,0.0,443.2,987.79
gfx950,256,1088,1024,4096,False,torch.bfloat16,torch.bfloat16,False,False,flydsl,4401,1,23.1814,flydsl_gemm4_abf16_wbf16_bf16_t96x64x128_split_k1_block_m_warp1_block_n_warp4_block_k_warp1_async_copyTrue_b_to_ldsTrue_b_preshuffleFalse_c_to_ldsFalse_gfx950,0.0,393.71,842.47
gfx950,256,1152,1024,4096,False,torch.bfloat16,torch.bfloat16,False,False,flydsl,4440,1,23.8168,flydsl_gemm4_abf16_wbf16_bf16_t96x64x64_split_k1_block_m_warp2_block_n_warp2_block_k_warp1_async_copyTrue_b_to_ldsTrue_b_preshuffleFalse_c_to_ldsFalse_gfx950,0.0,405.75,847.51
gfx950,256,1216,1024,4096,False,torch.bfloat16,torch.bfloat16,False,False,flydsl,4440,1,23.6238,flydsl_gemm4_abf16_wbf16_bf16_t96x64x64_split_k1_block_m_warp2_block_n_warp2_block_k_warp1_async_copyTrue_b_to_ldsTrue_b_preshuffleFalse_c_to_ldsFalse_gfx950,0.0,431.79,882.18
gfx950,256,1280,1024,4096,False,torch.bfloat16,torch.bfloat16,False,False,flydsl,4440,1,23.6116,flydsl_gemm4_abf16_wbf16_bf16_t96x64x64_split_k1_block_m_warp2_block_n_warp2_block_k_warp1_async_copyTrue_b_to_ldsTrue_b_preshuffleFalse_c_to_ldsFalse_gfx950,0.0,454.75,910.39
gfx950,256,1344,1024,4096,False,torch.bfloat16,torch.bfloat16,False,False,flydsl,4440,1,24.5832,flydsl_gemm4_abf16_wbf16_bf16_t96x64x64_split_k1_block_m_warp2_block_n_warp2_block_k_warp1_async_copyTrue_b_to_ldsTrue_b_preshuffleFalse_c_to_ldsFalse_gfx950,0.0,458.62,901.07
gfx950,256,1408,1024,4096,False,torch.bfloat16,torch.bfloat16,False,False,flydsl,4403,1,24.3156,flydsl_gemm4_abf16_wbf16_bf16_t96x64x128_split_k1_block_m_warp2_block_n_warp1_block_k_warp2_async_copyTrue_b_to_ldsTrue_b_preshuffleFalse_c_to_ldsFalse_gfx950,0.005,485.74,937.94
gfx950,256,1472,1024,4096,False,torch.bfloat16,torch.bfloat16,False,False,flydsl,4400,1,25.1834,flydsl_gemm4_abf16_wbf16_bf16_t96x64x128_split_k1_block_m_warp1_block_n_warp2_block_k_warp2_async_copyTrue_b_to_ldsTrue_b_preshuffleFalse_c_to_ldsFalse_gfx950,0.005,490.32,931.64
gfx950,256,1536,1024,4096,False,torch.bfloat16,torch.bfloat16,False,False,flydsl,5992,1,24.9138,flydsl_gemm8_abf16_wbf16_bf16_t96x64x64_split_k1_block_m_warp1_block_n_warp2_block_k_warp2_async_copyTrue_b_to_ldsTrue_b_preshuffleFalse_c_to_ldsFalse_gfx950,0.0049,517.18,968.03
gfx950,256,1600,1024,4096,False,torch.bfloat16,torch.bfloat16,False,False,flydsl,2249,1,27.4332,flydsl_gemm3_abf16_wbf16_bf16_t128x64x128_split_k1_block_m_warp4_block_n_warp2_block_k_warp2_async_copyTrue_b_to_ldsTrue_b_preshuffleFalse_c_to_ldsFalse_gfx950,0.0048,489.25,903.02
gfx950,256,1664,1024,4096,False,torch.bfloat16,torch.bfloat16,False,False,flydsl,3597,1,27.9859,flydsl_gemm4_abf16_wbf16_bf16_t128x64x64_split_k1_block_m_warp2_block_n_warp4_block_k_warp1_async_copyTrue_b_to_ldsTrue_b_preshuffleFalse_c_to_ldsFalse_gfx950,0.0,498.77,908.6
gfx950,256,1728,1024,4096,False,torch.bfloat16,torch.bfloat16,False,False,flydsl,3597,1,28.258,flydsl_gemm4_abf16_wbf16_bf16_t128x64x64_split_k1_block_m_warp2_block_n_warp4_block_k_warp1_async_copyTrue_b_to_ldsTrue_b_preshuffleFalse_c_to_ldsFalse_gfx950,0.0,512.97,923.04
gfx950,256,1792,1024,4096,False,torch.bfloat16,torch.bfloat16,False,False,flydsl,2932,1,28.2948,flydsl_gemm3_abf16_wbf16_bf16_t64x128x128_split_k1_block_m_warp2_block_n_warp4_block_k_warp2_async_copyTrue_b_to_ldsTrue_b_preshuffleFalse_c_to_ldsFalse_gfx950,0.0048,531.28,945.0
gfx950,256,1856,1024,4096,False,torch.bfloat16,torch.bfloat16,False,False,flydsl,3597,1,28.6664,flydsl_gemm4_abf16_wbf16_bf16_t128x64x64_split_k1_block_m_warp2_block_n_warp4_block_k_warp1_async_copyTrue_b_to_ldsTrue_b_preshuffleFalse_c_to_ldsFalse_gfx950,0.0,543.12,955.62
gfx950,256,1920,1024,4096,False,torch.bfloat16,torch.bfloat16,False,False,flydsl,2249,1,29.2212,flydsl_gemm3_abf16_wbf16_bf16_t128x64x128_split_k1_block_m_warp4_block_n_warp2_block_k_warp2_async_copyTrue_b_to_ldsTrue_b_preshuffleFalse_c_to_ldsFalse_gfx950,0.0049,551.18,959.9
gfx950,256,1984,1024,4096,False,torch.bfloat16,torch.bfloat16,False,False,flydsl,3600,1,28.9124,flydsl_gemm4_abf16_wbf16_bf16_t128x64x64_split_k1_block_m_warp4_block_n_warp2_block_k_warp1_async_copyTrue_b_to_ldsTrue_b_preshuffleFalse_c_to_ldsFalse_gfx950,0.0,575.64,992.82
gfx950,256,6144,1024,4096,False,torch.bfloat16,torch.bfloat16,False,False,opus,1402,0,58.7387,opus_gemm_mono_tile_512x192x128x64_2x4_16x16x32_0x0x0_nooob,0.0,877.44,1213.9
gfx950,256,10240,1024,4096,False,torch.bfloat16,torch.bfloat16,False,False,torch,0,0,86.7871,native,0.0,989.77,1304.87
gfx950,256,12288,1024,4096,False,torch.bfloat16,torch.bfloat16,False,False,opus,1400,0,85.0021,opus_gemm_mono_tile_512x192x256x64_2x4_16x16x32_0x0x0_nooob,0.0,1212.67,1578.99
gfx950,256,14336,1024,4096,False,torch.bfloat16,torch.bfloat16,False,False,asm,10,1,107.4085,_ZN5aiter24bf16gemm_bf16_tn_256x256E,0.0,1119.64,1444.85
gfx950,256,16,2048,4096,False,torch.bfloat16,torch.bfloat16,False,False,flydsl,2455,8,7.3919,flydsl_gemm4_abf16_wbf16_bf16_t16x64x128_split_k8_block_m_warp1_block_n_warp2_block_k_warp1_async_copyTrue_b_to_ldsTrue_b_preshuffleFalse_c_to_ldsFalse_gfx950,0.02,36.31,2296.27
gfx950,256,32,2048,4096,False,torch.bfloat16,torch.bfloat16,False,False,flydsl,3239,4,7.9052,flydsl_gemm5_abf16_wbf16_bf16_t32x64x128_split_k4_block_m_warp1_block_n_warp4_block_k_warp1_async_copyTrue_b_to_ldsTrue_b_preshuffleFalse_c_to_ldsFalse_gfx950,0.0115,67.91,2172.04
gfx950,256,48,2048,4096,False,torch.bfloat16,torch.bfloat16,False,False,flydsl,4334,4,9.0772,flydsl_gemm8_abf16_wbf16_bf16_t32x64x64_split_k4_block_m_warp2_block_n_warp2_block_k_warp1_async_copyTrue_b_to_ldsTrue_b_preshuffleFalse_c_to_ldsFalse_gfx950,0.0117,88.72,1913.26
gfx950,256,64,2048,4096,False,torch.bfloat16,torch.bfloat16,False,False,flydsl,4293,4,9.9551,flydsl_gemm5_abf16_wbf16_bf16_t32x64x128_split_k4_block_m_warp2_block_n_warp1_block_k_warp2_async_copyTrue_b_to_ldsTrue_b_preshuffleFalse_c_to_ldsFalse_gfx950,0.0196,107.86,1764.29
gfx950,256,80,2048,4096,False,torch.bfloat16,torch.bfloat16,False,False,flydsl,3799,4,10.4071,flydsl_gemm4_abf16_wbf16_bf16_t64x64x128_split_k4_block_m_warp2_block_n_warp1_block_k_warp2_async_copyTrue_b_to_ldsTrue_b_preshuffleFalse_c_to_ldsFalse_gfx950,0.0188,128.97,1706.55
gfx950,256,96,2048,4096,False,torch.bfloat16,torch.bfloat16,False,False,flydsl,4279,2,10.7224,flydsl_gemm5_abf16_wbf16_bf16_t32x64x128_split_k2_block_m_warp1_block_n_warp1_block_k_warp4_async_copyTrue_b_to_ldsTrue_b_preshuffleFalse_c_to_ldsFalse_gfx950,0.0201,150.21,1674.71
gfx950,256,112,2048,4096,False,torch.bfloat16,torch.bfloat16,False,False,flydsl,4827,2,10.6741,flydsl_gemm6_abf16_wbf16_bf16_t32x64x128_split_k2_block_m_warp1_block_n_warp1_block_k_warp4_async_copyTrue_b_to_ldsTrue_b_preshuffleFalse_c_to_ldsFalse_gfx950,0.0201,176.04,1700.7
gfx950,256,128,2048,4096,False,torch.bfloat16,torch.bfloat16,False,False,flydsl,2785,2,11.5715,flydsl_gemm3_abf16_wbf16_bf16_t32x64x256_split_k2_block_m_warp1_block_n_warp2_block_k_warp2_async_copyTrue_b_to_ldsTrue_b_preshuffleFalse_c_to_ldsFalse_gfx950,0.012,185.58,1585.8
gfx950,256,144,2048,4096,False,torch.bfloat16,torch.bfloat16,False,False,asm,7,4,13.0747,_ZN5aiter39bf16gemm_fp32bf16_tn_80x64_splitk_cleanE,0.0115,184.78,1418.52
gfx950,256,160,2048,4096,False,torch.bfloat16,torch.bfloat16,False,False,asm,7,4,13.1312,_ZN5aiter39bf16gemm_fp32bf16_tn_80x64_splitk_cleanE,0.0115,204.43,1427.39
gfx950,256,176,2048,4096,False,torch.bfloat16,torch.bfloat16,False,False,asm,8,4,13.7343,_ZN5aiter39bf16gemm_fp32bf16_tn_96x64_splitk_cleanE,0.0116,214.99,1379.02
gfx950,256,192,2048,4096,False,torch.bfloat16,torch.bfloat16,False,False,asm,8,4,13.9968,_ZN5aiter39bf16gemm_fp32bf16_tn_96x64_splitk_cleanE,0.0117,230.14,1367.21
gfx950,256,208,2048,4096,False,torch.bfloat16,torch.bfloat16,False,False,flydsl,3939,1,14.0771,flydsl_gemm4_abf16_wbf16_bf16_t32x64x128_split_k1_block_m_warp2_block_n_warp1_block_k_warp2_async_copyTrue_b_to_ldsTrue_b_preshuffleFalse_c_to_ldsFalse_gfx950,0.0049,247.9,1373.37
gfx950,256,224,2048,4096,False,torch.bfloat16,torch.bfloat16,False,False,flydsl,3937,1,14.7312,flydsl_gemm4_abf16_wbf16_bf16_t32x64x128_split_k1_block_m_warp1_block_n_warp4_block_k_warp1_async_copyTrue_b_to_ldsTrue_b_preshuffleFalse_c_to_ldsFalse_gfx950,0.0,255.11,1325.74
gfx950,256,240,2048,4096,False,torch.bfloat16,torch.bfloat16,False,False,flydsl,3934,1,14.1905,flydsl_gemm4_abf16_wbf16_bf16_t32x64x128_split_k1_block_m_warp1_block_n_warp1_block_k_warp4_async_copyTrue_b_to_ldsTrue_b_preshuffleFalse_c_to_ldsFalse_gfx950,0.0119,283.75,1390.11
gfx950,256,256,2048,4096,False,torch.bfloat16,torch.bfloat16,False,False,flydsl,3937,1,14.8864,flydsl_gemm4_abf16_wbf16_bf16_t32x64x128_split_k1_block_m_warp1_block_n_warp4_block_k_warp1_async_copyTrue_b_to_ldsTrue_b_preshuffleFalse_c_to_ldsFalse_gfx950,0.0,288.52,1338.33
gfx950,256,288,2048,4096,False,torch.bfloat16,torch.bfloat16,False,False,flydsl,4888,1,17.3132,flydsl_gemm5_abf16_wbf16_bf16_t64x64x128_split_k1_block_m_warp2_block_n_warp2_block_k_warp2_async_copyTrue_b_to_ldsTrue_b_preshuffleFalse_c_to_ldsFalse_gfx950,0.0049,279.08,1173.45
gfx950,256,320,2048,4096,False,torch.bfloat16,torch.bfloat16,False,False,flydsl,4888,1,18.1275,flydsl_gemm5_abf16_wbf16_bf16_t64x64x128_split_k1_block_m_warp2_block_n_warp2_block_k_warp2_async_copyTrue_b_to_ldsTrue_b_preshuffleFalse_c_to_ldsFalse_gfx950,0.0049,296.16,1142.43
gfx950,256,352,2048,4096,False,torch.bfloat16,torch.bfloat16,False,False,flydsl,3156,1,17.7114,flydsl_gemm3_abf16_wbf16_bf16_t64x64x128_split_k1_block_m_warp2_block_n_warp2_block_k_warp2_async_copyTrue_b_to_ldsTrue_b_preshuffleFalse_c_to_ldsFalse_gfx950,0.0049,333.43,1191.47
gfx950,256,384,2048,4096,False,torch.bfloat16,torch.bfloat16,False,False,flydsl,4888,1,18.3847,flydsl_gemm5_abf16_wbf16_bf16_t64x64x128_split_k1_block_m_warp2_block_n_warp2_block_k_warp2_async_copyTrue_b_to_ldsTrue_b_preshuffleFalse_c_to_ldsFalse_gfx950,0.0049,350.42,1169.22
gfx950,256,416,2048,4096,False,torch.bfloat16,torch.bfloat16,False,False,flydsl,4888,1,17.783,flydsl_gemm5_abf16_wbf16_bf16_t64x64x128_split_k1_block_m_warp2_block_n_warp2_block_k_warp2_async_copyTrue_b_to_ldsTrue_b_preshuffleFalse_c_to_ldsFalse_gfx950,0.0049,392.47,1230.9
gfx950,256,448,2048,4096,False,torch.bfloat16,torch.bfloat16,False,False,flydsl,4888,1,18.6023,flydsl_gemm5_abf16_wbf16_bf16_t64x64x128_split_k1_block_m_warp2_block_n_warp2_block_k_warp2_async_copyTrue_b_to_ldsTrue_b_preshuffleFalse_c_to_ldsFalse_gfx950,0.005,404.05,1197.82
gfx950,256,480,2048,4096,False,torch.bfloat16,torch.bfloat16,False,False,flydsl,3156,1,18.4104,flydsl_gemm3_abf16_wbf16_bf16_t64x64x128_split_k1_block_m_warp2_block_n_warp2_block_k_warp2_async_copyTrue_b_to_ldsTrue_b_preshuffleFalse_c_to_ldsFalse_gfx950,0.005,437.42,1231.67
gfx950,256,512,2048,4096,False,torch.bfloat16,torch.bfloat16,False,False,flydsl,4888,1,18.6303,flydsl_gemm5_abf16_wbf16_bf16_t64x64x128_split_k1_block_m_warp2_block_n_warp2_block_k_warp2_async_copyTrue_b_to_ldsTrue_b_preshuffleFalse_c_to_ldsFalse_gfx950,0.005,461.07,1238.23
gfx950,256,544,2048,4096,False,torch.bfloat16,torch.bfloat16,False,False,flydsl,4401,1,22.8042,flydsl_gemm4_abf16_wbf16_bf16_t96x64x128_split_k1_block_m_warp1_block_n_warp4_block_k_warp1_async_copyTrue_b_to_ldsTrue_b_preshuffleFalse_c_to_ldsFalse_gfx950,0.0,400.22,1028.84
gfx950,256,576,2048,4096,False,torch.bfloat16,torch.bfloat16,False,False,flydsl,4401,1,23.7078,flydsl_gemm4_abf16_wbf16_bf16_t96x64x128_split_k1_block_m_warp1_block_n_warp4_block_k_warp1_async_copyTrue_b_to_ldsTrue_b_preshuffleFalse_c_to_ldsFalse_gfx950,0.0,407.62,1006.21
gfx950,256,608,2048,4096,False,torch.bfloat16,torch.bfloat16,False,False,flydsl,4400,1,23.3284,flydsl_gemm4_abf16_wbf16_bf16_t96x64x128_split_k1_block_m_warp1_block_n_warp2_block_k_warp2_async_copyTrue_b_to_ldsTrue_b_preshuffleFalse_c_to_ldsFalse_gfx950,0.0049,437.26,1039.43
gfx950,256,640,2048,4096,False,torch.bfloat16,torch.bfloat16,False,False,flydsl,4400,1,23.6132,flydsl_gemm4_abf16_wbf16_bf16_t96x64x128_split_k1_block_m_warp1_block_n_warp2_block_k_warp2_async_copyTrue_b_to_ldsTrue_b_preshuffleFalse_c_to_ldsFalse_gfx950,0.0049,454.72,1043.55
gfx950,256,672,2048,4096,False,torch.bfloat16,torch.bfloat16,False,False,flydsl,4403,1,24.1974,flydsl_gemm4_abf16_wbf16_bf16_t96x64x128_split_k1_block_m_warp2_block_n_warp1_block_k_warp2_async_copyTrue_b_to_ldsTrue_b_preshuffleFalse_c_to_ldsFalse_gfx950,0.0049,465.93,1034.61
gfx950,256,704,2048,4096,False,torch.bfloat16,torch.bfloat16,False,False,flydsl,4400,1,23.688,flydsl_gemm4_abf16_wbf16_bf16_t96x64x128_split_k1_block_m_warp1_block_n_warp2_block_k_warp2_async_copyTrue_b_to_ldsTrue_b_preshuffleFalse_c_to_ldsFalse_gfx950,0.0049,498.61,1073.45
gfx950,256,736,2048,4096,False,torch.bfloat16,torch.bfloat16,False,False,flydsl,5992,1,24.215,flydsl_gemm8_abf16_wbf16_bf16_t96x64x64_split_k1_block_m_warp1_block_n_warp2_block_k_warp2_async_copyTrue_b_to_ldsTrue_b_preshuffleFalse_c_to_ldsFalse_gfx950,0.0049,509.93,1066.33
gfx950,256,768,2048,4096,False,torch.bfloat16,torch.bfloat16,False,False,flydsl,4403,1,24.9392,flydsl_gemm4_abf16_wbf16_bf16_t96x64x128_split_k1_block_m_warp2_block_n_warp1_block_k_warp2_async_copyTrue_b_to_ldsTrue_b_preshuffleFalse_c_to_ldsFalse_gfx950,0.0049,516.65,1051.13
gfx950,256,800,2048,4096,False,torch.bfloat16,torch.bfloat16,False,False,flydsl,4065,1,26.9537,flydsl_gemm4_abf16_wbf16_bf16_t64x128x64_split_k1_block_m_warp2_block_n_warp4_block_k_warp1_async_copyTrue_b_to_ldsTrue_b_preshuffleFalse_c_to_ldsFalse_gfx950,0.0,497.96,987.16
gfx950,256,832,2048,4096,False,torch.bfloat16,torch.bfloat16,False,False,flydsl,2244,1,26.642,flydsl_gemm3_abf16_wbf16_bf16_t128x64x128_split_k1_block_m_warp2_block_n_warp4_block_k_warp2_async_copyTrue_b_to_ldsTrue_b_preshuffleFalse_c_to_ldsFalse_gfx950,0.0049,523.93,1013.47
gfx950,256,864,2048,4096,False,torch.bfloat16,torch.bfloat16,False,False,flydsl,2932,1,26.5474,flydsl_gemm3_abf16_wbf16_bf16_t64x128x128_split_k1_block_m_warp2_block_n_warp4_block_k_warp2_async_copyTrue_b_to_ldsTrue_b_preshuffleFalse_c_to_ldsFalse_gfx950,0.0049,546.02,1031.89
gfx950,256,896,2048,4096,False,torch.bfloat16,torch.bfloat16,False,False,flydsl,3597,1,27.0663,flydsl_gemm4_abf16_wbf16_bf16_t128x64x64_split_k1_block_m_warp2_block_n_warp4_block_k_warp1_async_copyTrue_b_to_ldsTrue_b_preshuffleFalse_c_to_ldsFalse_gfx950,0.0,555.39,1026.64
gfx950,256,928,2048,4096,False,torch.bfloat16,torch.bfloat16,False,False,flydsl,2249,1,27.4632,flydsl_gemm3_abf16_wbf16_bf16_t128x64x128_split_k1_block_m_warp4_block_n_warp2_block_k_warp2_async_copyTrue_b_to_ldsTrue_b_preshuffleFalse_c_to_ldsFalse_gfx950,0.0049,566.91,1026.12
gfx950,256,960,2048,4096,False,torch.bfloat16,torch.bfloat16,False,False,flydsl,2249,1,28.1232,flydsl_gemm3_abf16_wbf16_bf16_t128x64x128_split_k1_block_m_warp4_block_n_warp2_block_k_warp2_async_copyTrue_b_to_ldsTrue_b_preshuffleFalse_c_to_ldsFalse_gfx950,0.0049,572.7,1016.02
gfx950,256,992,2048,4096,False,torch.bfloat16,torch.bfloat16,False,False,flydsl,4065,1,28.2952,flydsl_gemm4_abf16_wbf16_bf16_t64x128x64_split_k1_block_m_warp2_block_n_warp4_block_k_warp1_async_copyTrue_b_to_ldsTrue_b_preshuffleFalse_c_to_ldsFalse_gfx950,0.0,588.19,1023.74
gfx950,256,1024,2048,4096,False,torch.bfloat16,torch.bfloat16,False,False,flydsl,2932,1,28.6524,flydsl_gemm3_abf16_wbf16_bf16_t64x128x128_split_k1_block_m_warp2_block_n_warp4_block_k_warp2_async_copyTrue_b_to_ldsTrue_b_preshuffleFalse_c_to_ldsFalse_gfx950,0.0049,599.6,1024.7
gfx950,256,1088,2048,4096,False,torch.bfloat16,torch.bfloat16,False,False,flydsl,4368,1,34.9077,flydsl_gemm4_abf16_wbf16_bf16_t96x128x64_split_k1_block_m_warp2_block_n_warp2_block_k_warp1_async_copyTrue_b_to_ldsTrue_b_preshuffleFalse_c_to_ldsFalse_gfx950,0.0,522.91,863.61
gfx950,256,1152,2048,4096,False,torch.bfloat16,torch.bfloat16,False,False,flydsl,4365,1,35.7465,flydsl_gemm4_abf16_wbf16_bf16_t96x128x64_split_k1_block_m_warp1_block_n_warp4_block_k_warp1_async_copyTrue_b_to_ldsTrue_b_preshuffleFalse_c_to_ldsFalse_gfx950,0.0,540.68,865.34
gfx950,256,1216,2048,4096,False,torch.bfloat16,torch.bfloat16,False,False,flydsl,4365,1,35.5964,flydsl_gemm4_abf16_wbf16_bf16_t96x128x64_split_k1_block_m_warp1_block_n_warp4_block_k_warp1_async_copyTrue_b_to_ldsTrue_b_preshuffleFalse_c_to_ldsFalse_gfx950,0.0,573.12,891.09
gfx950,256,1280,2048,4096,False,torch.bfloat16,torch.bfloat16,False,False,flydsl,3514,1,37.1509,flydsl_gemm4_abf16_wbf16_bf16_t128x128x64_split_k1_block_m_warp4_block_n_warp4_block_k_warp1_async_copyTrue_b_to_ldsTrue_b_preshuffleFalse_c_to_ldsFalse_gfx950,0.0,578.04,874.97
gfx950,256,1344,2048,4096,False,torch.bfloat16,torch.bfloat16,False,False,flydsl,4365,1,37.5353,flydsl_gemm4_abf16_wbf16_bf16_t96x128x64_split_k1_block_m_warp1_block_n_warp4_block_k_warp1_async_copyTrue_b_to_ldsTrue_b_preshuffleFalse_c_to_ldsFalse_gfx950,0.0,600.73,886.96
gfx950,256,1408,2048,4096,False,torch.bfloat16,torch.bfloat16,False,False,flydsl,4364,1,38.4569,flydsl_gemm4_abf16_wbf16_bf16_t96x128x64_split_k1_block_m_warp1_block_n_warp2_block_k_warp2_async_copyTrue_b_to_ldsTrue_b_preshuffleFalse_c_to_ldsFalse_gfx950,0.0049,614.25,886.15
gfx950,256,1472,2048,4096,False,torch.bfloat16,torch.bfloat16,False,False,flydsl,3513,1,38.9621,flydsl_gemm4_abf16_wbf16_bf16_t128x128x64_split_k1_block_m_warp4_block_n_warp2_block_k_warp2_async_copyTrue_b_to_ldsTrue_b_preshuffleFalse_c_to_ldsFalse_gfx950,0.0049,633.85,894.85
gfx950,256,1536,2048,4096,False,torch.bfloat16,torch.bfloat16,False,False,flydsl,3513,1,39.7754,flydsl_gemm4_abf16_wbf16_bf16_t128x128x64_split_k1_block_m_warp4_block_n_warp2_block_k_warp2_async_copyTrue_b_to_ldsTrue_b_preshuffleFalse_c_to_ldsFalse_gfx950,0.0049,647.88,896.32
gfx950,256,1600,2048,4096,False,torch.bfloat16,torch.bfloat16,False,False,flydsl,3499,1,39.8037,flydsl_gemm4_abf16_wbf16_bf16_t128x128x64_split_k1_block_m_warp1_block_n_warp4_block_k_warp2_async_copyTrue_b_to_ldsTrue_b_preshuffleFalse_c_to_ldsFalse_gfx950,0.0049,674.4,915.44
gfx950,256,1664,2048,4096,False,torch.bfloat16,torch.bfloat16,False,False,flydsl,3513,1,40.6706,flydsl_gemm4_abf16_wbf16_bf16_t128x128x64_split_k1_block_m_warp4_block_n_warp2_block_k_warp2_async_copyTrue_b_to_ldsTrue_b_preshuffleFalse_c_to_ldsFalse_gfx950,0.0049,686.42,915.27
gfx950,256,1728,2048,4096,False,torch.bfloat16,torch.bfloat16,False,False,flydsl,3510,1,41.4633,flydsl_gemm4_abf16_wbf16_bf16_t128x128x64_split_k1_block_m_warp4_block_n_warp1_block_k_warp2_async_copyTrue_b_to_ldsTrue_b_preshuffleFalse_c_to_ldsFalse_gfx950,0.0049,699.2,916.74
gfx950,256,1792,2048,4096,False,torch.bfloat16,torch.bfloat16,False,False,flydsl,2084,1,41.8313,flydsl_gemm3_abf16_wbf16_bf16_t128x128x64_split_k1_block_m_warp2_block_n_warp4_block_k_warp2_async_copyTrue_b_to_ldsTrue_b_preshuffleFalse_c_to_ldsFalse_gfx950,0.0049,718.71,927.47
gfx950,256,1856,2048,4096,False,torch.bfloat16,torch.bfloat16,False,False,flydsl,3513,1,42.1765,flydsl_gemm4_abf16_wbf16_bf16_t128x128x64_split_k1_block_m_warp4_block_n_warp2_block_k_warp2_async_copyTrue_b_to_ldsTrue_b_preshuffleFalse_c_to_ldsFalse_gfx950,0.0049,738.29,938.53
gfx950,256,1920,2048,4096,False,torch.bfloat16,torch.bfloat16,False,False,flydsl,3514,1,41.8765,flydsl_gemm4_abf16_wbf16_bf16_t128x128x64_split_k1_block_m_warp4_block_n_warp4_block_k_warp1_async_copyTrue_b_to_ldsTrue_b_preshuffleFalse_c_to_ldsFalse_gfx950,0.0,769.22,964.03
gfx950,256,1984,2048,4096,False,torch.bfloat16,torch.bfloat16,False,False,flydsl,3508,1,41.9441,flydsl_gemm4_abf16_wbf16_bf16_t128x128x64_split_k1_block_m_warp2_block_n_warp4_block_k_warp2_async_copyTrue_b_to_ldsTrue_b_preshuffleFalse_c_to_ldsFalse_gfx950,0.0049,793.58,981.23
gfx950,256,2048,2048,4096,False,torch.bfloat16,torch.bfloat16,False,False,flydsl,3508,1,44.3005,flydsl_gemm4_abf16_wbf16_bf16_t128x128x64_split_k1_block_m_warp2_block_n_warp4_block_k_warp2_async_copyTrue_b_to_ldsTrue_b_preshuffleFalse_c_to_ldsFalse_gfx950,0.0049,775.61,946.78
gfx950,256,4096,2048,4096,False,torch.bfloat16,torch.bfloat16,False,False,triton,0,0,67.1255,auto,0.0,1023.75,999.75
gfx950,256,6144,2048,4096,False,torch.bfloat16,torch.bfloat16,False,False,opus,6400,0,84.8961,opus_gemm_mono_tile_512x192x256x64_2x4_16x16x32_0x0x0_nooob_4g_safe,0.0,1214.18,1086.91
gfx950,256,8192,2048,4096,False,torch.bfloat16,torch.bfloat16,False,False,torch,0,0,106.5835,native,0.0,1289.5,1101.86
gfx950,256,10240,2048,4096,False,torch.bfloat16,torch.bfloat16,False,False,torch,0,0,152.6787,native,0.0,1125.23,934.03
gfx950,256,12288,2048,4096,False,torch.bfloat16,torch.bfloat16,False,False,opus,1400,0,159.4931,opus_gemm_mono_tile_512x192x256x64_2x4_16x16x32_0x0x0_nooob,0.0,1292.59,1051.91
gfx950,256,14336,2048,4096,False,torch.bfloat16,torch.bfloat16,False,False,torch,0,0,186.3617,native,0.0,1290.6,1035.29
gfx950,256,16384,2048,4096,False,torch.bfloat16,torch.bfloat16,False,False,torch,0,0,200.7367,native,0.0,1369.35,1086.52
gfx950,256,16,64640,4096,False,torch.bfloat16,torch.bfloat16,False,False,triton,0,0,90.5185,auto,0.0,93.6,5874.27
gfx950,256,32,64640,4096,False,torch.bfloat16,torch.bfloat16,False,False,triton,0,0,93.3914,auto,0.0,181.44,5717.12
gfx950,256,48,64640,4096,False,torch.bfloat16,torch.bfloat16,False,False,flydsl,413,1,99.4622,flydsl_gemm2_abf16_wbf16_bf16_t48x64x64_split_k1_block_m_warp1_block_n_warp1_block_k_warp2_async_copyTrue_b_to_ldsTrue_b_preshuffleFalse_c_to_ldsFalse_gfx950,0.0049,255.55,5390.28
gfx950,256,64,64640,4096,False,torch.bfloat16,torch.bfloat16,False,False,torch,0,0,99.7469,native,0.0,339.76,5396.95
gfx950,256,80,64640,4096,False,torch.bfloat16,torch.bfloat16,False,False,flydsl,1158,1,105.6665,flydsl_gemm2_abf16_wbf16_bf16_t80x128x64_split_k1_block_m_warp1_block_n_warp2_block_k_warp1_async_copyTrue_b_to_ldsTrue_b_preshuffleFalse_c_to_ldsFalse_gfx950,0.0,400.91,5115.42
gfx950,256,96,64640,4096,False,torch.bfloat16,torch.bfloat16,False,False,flydsl,1268,1,110.0499,flydsl_gemm2_abf16_wbf16_bf16_t96x128x64_split_k1_block_m_warp2_block_n_warp2_block_k_warp1_async_copyTrue_b_to_ldsTrue_b_preshuffleFalse_c_to_ldsFalse_gfx950,0.0,461.93,4931.66
gfx950,256,112,64640,4096,False,torch.bfloat16,torch.bfloat16,False,False,torch,0,0,109.9315,native,0.0,539.49,4956.98
gfx950,256,128,64640,4096,False,torch.bfloat16,torch.bfloat16,False,False,flydsl,104,1,109.6688,flydsl_gemm2_abf16_wbf16_bf16_t128x128x64_split_k1_block_m_warp2_block_n_warp2_block_k_warp1_async_copyTrue_b_to_ldsTrue_b_preshuffleFalse_c_to_ldsFalse_gfx950,0.0,618.04,4988.91
gfx950,256,144,64640,4096,False,torch.bfloat16,torch.bfloat16,False,False,torch,0,0,118.8748,native,0.0,641.45,4621.05
gfx950,256,160,64640,4096,False,torch.bfloat16,torch.bfloat16,False,False,torch,0,0,120.2572,native,0.0,704.53,4586.22
gfx950,256,176,64640,4096,False,torch.bfloat16,torch.bfloat16,False,False,torch,0,0,125.0413,native,0.0,745.33,4428.34
gfx950,256,192,64640,4096,False,torch.bfloat16,torch.bfloat16,False,False,torch,0,0,123.6232,native,0.0,822.42,4496.94
gfx950,256,208,64640,4096,False,torch.bfloat16,torch.bfloat16,False,False,torch,0,0,127.4985,native,0.0,863.87,4377.5
gfx950,256,224,64640,4096,False,torch.bfloat16,torch.bfloat16,False,False,torch,0,0,135.096,native,0.0,878.0,4147.6
gfx950,256,240,64640,4096,False,torch.bfloat16,torch.bfloat16,False,False,torch,0,0,127.1355,native,0.0,999.62,4424.6
gfx950,256,256,64640,4096,False,torch.bfloat16,torch.bfloat16,False,False,torch,0,0,126.8864,native,0.0,1068.36,4450.62
gfx950,256,288,64640,4096,False,torch.bfloat16,torch.bfloat16,False,False,torch,0,0,176.2744,native,0.0,865.16,3228.62
gfx950,256,320,64640,4096,False,torch.bfloat16,torch.bfloat16,False,False,torch,0,0,173.4709,native,0.0,976.82,3306.16
gfx950,256,352,64640,4096,False,torch.bfloat16,torch.bfloat16,False,False,torch,0,0,193.1042,native,0.0,965.26,2992.79
gfx950,256,384,64640,4096,False,torch.bfloat16,torch.bfloat16,False,False,torch,0,0,193.3835,native,0.0,1051.49,3011.22
gfx950,256,416,64640,4096,False,torch.bfloat16,torch.bfloat16,False,False,torch,0,0,229.6621,native,0.0,959.17,2554.71
gfx950,256,448,64640,4096,False,torch.bfloat16,torch.bfloat16,False,False,torch,0,0,213.6273,native,0.0,1110.48,2767.05
gfx950,256,480,64640,4096,False,torch.bfloat16,torch.bfloat16,False,False,torch,0,0,229.2409,native,0.0,1108.77,2597.78
gfx950,256,512,64640,4096,False,torch.bfloat16,torch.bfloat16,False,False,torch,0,0,229.8193,native,0.0,1179.71,2610.38
gfx950,256,544,64640,4096,False,torch.bfloat16,torch.bfloat16,False,False,torch,0,0,261.733,native,0.0,1100.61,2308.9
gfx950,256,576,64640,4096,False,torch.bfloat16,torch.bfloat16,False,False,torch,0,0,263.6814,native,0.0,1156.74,2308.52
gfx950,256,608,64640,4096,False,torch.bfloat16,torch.bfloat16,False,False,torch,0,0,314.3355,native,0.0,1024.24,1950.51
gfx950,256,640,64640,4096,False,torch.bfloat16,torch.bfloat16,False,False,torch,0,0,317.1437,native,0.0,1068.6,1947.11
gfx950,256,672,64640,4096,False,torch.bfloat16,torch.bfloat16,False,False,torch,0,0,314.0712,native,0.0,1133.01,1980.16
gfx950,256,704,64640,4096,False,torch.bfloat16,torch.bfloat16,False,False,torch,0,0,345.0879,native,0.0,1080.27,1814.93
gfx950,256,736,64640,4096,False,torch.bfloat16,torch.bfloat16,False,False,torch,0,0,321.7275,native,0.0,1211.38,1960.39
gfx950,256,768,64640,4096,False,torch.bfloat16,torch.bfloat16,False,False,torch,0,0,326.2971,native,0.0,1246.35,1946.41
gfx950,256,800,64640,4096,False,torch.bfloat16,torch.bfloat16,False,False,torch,0,0,401.8008,native,0.0,1054.32,1591.61
gfx950,256,832,64640,4096,False,torch.bfloat16,torch.bfloat16,False,False,torch,0,0,406.2361,native,0.0,1084.52,1585.06
gfx950,256,864,64640,4096,False,torch.bfloat16,torch.bfloat16,False,False,torch,0,0,406.2708,native,0.0,1126.13,1595.75
gfx950,256,896,64640,4096,False,torch.bfloat16,torch.bfloat16,False,False,torch,0,0,425.7496,native,0.0,1114.41,1533.07
gfx950,256,928,64640,4096,False,torch.bfloat16,torch.bfloat16,False,False,torch,0,0,418.0523,native,0.0,1175.46,1571.82
gfx950,256,960,64640,4096,False,torch.bfloat16,torch.bfloat16,False,False,torch,0,0,440.4449,native,0.0,1154.17,1501.9
gfx950,256,992,64640,4096,False,torch.bfloat16,torch.bfloat16,False,False,torch,0,0,454.2072,native,0.0,1156.51,1466.08
gfx950,256,1024,64640,4096,False,torch.bfloat16,torch.bfloat16,False,False,torch,0,0,431.9268,native,0.0,1255.4,1551.89
gfx950,256,1088,64640,4096,False,torch.bfloat16,torch.bfloat16,False,False,torch,0,0,502.0404,native,0.0,1147.58,1352.68
gfx950,256,1152,64640,4096,False,torch.bfloat16,torch.bfloat16,False,False,torch,0,0,502.7144,native,0.0,1213.45,1368.37
gfx950,256,1216,64640,4096,False,torch.bfloat16,torch.bfloat16,False,False,torch,0,0,512.8323,native,0.0,1255.59,1358.53
gfx950,256,1280,64640,4096,False,torch.bfloat16,torch.bfloat16,False,False,torch,0,0,551.9209,native,0.0,1228.07,1278.25
gfx950,256,1344,64640,4096,False,torch.bfloat16,torch.bfloat16,False,False,torch,0,0,598.3448,native,0.0,1189.43,1193.78
gfx950,256,1408,64640,4096,False,torch.bfloat16,torch.bfloat16,False,False,torch,0,0,628.3114,native,0.0,1186.64,1150.85
gfx950,256,1472,64640,4096,False,torch.bfloat16,torch.bfloat16,False,False,torch,0,0,602.6149,native,0.0,1293.48,1214.52
gfx950,256,1536,64640,4096,False,torch.bfloat16,torch.bfloat16,False,False,torch,0,0,611.21,native,0.0,1330.74,1211.84
gfx950,256,1600,64640,4096,False,torch.bfloat16,torch.bfloat16,False,False,opus,5300,0,808.7171,opus_gemm_persistent_512x256x256x64_2x4_16x16x32_0x0x0_4g_safe,0.0,1047.65,926.76
gfx950,256,1664,64640,4096,False,torch.bfloat16,torch.bfloat16,False,False,torch,0,0,690.7061,native,0.0,1275.71,1097.84
gfx950,256,1728,64640,4096,False,torch.bfloat16,torch.bfloat16,False,False,torch,0,0,700.2002,native,0.0,1306.81,1095.52
gfx950,256,1792,64640,4096,False,torch.bfloat16,torch.bfloat16,False,False,torch,0,0,704.2515,native,0.0,1347.42,1101.71
gfx950,256,1856,64640,4096,False,torch.bfloat16,torch.bfloat16,False,False,torch,0,0,761.7871,native,0.0,1290.14,1030.05
gfx950,256,1920,64640,4096,False,torch.bfloat16,torch.bfloat16,False,False,torch,0,0,815.2086,native,0.0,1247.16,973.34
gfx950,256,1984,64640,4096,False,torch.bfloat16,torch.bfloat16,False,False,torch,0,0,775.9486,native,0.0,1353.94,1033.93
gfx950,256,2048,64640,4096,False,torch.bfloat16,torch.bfloat16,False,False,torch,0,0,775.9095,native,0.0,1397.69,1045.32
gfx950,256,4096,64640,4096,False,torch.bfloat16,torch.bfloat16,False,False,torch,0,0,1489.1562,native,0.0,1456.5,733.71
gfx950,256,6144,64640,4096,False,torch.bfloat16,torch.bfloat16,False,False,torch,0,0,2316.4619,native,0.0,1404.49,593.21
gfx950,256,8192,64640,4096,False,torch.bfloat16,torch.bfloat16,False,False,torch,0,0,3079.9051,native,0.0,1408.46,537.58
gfx950,256,10240,64640,4096,False,torch.bfloat16,torch.bfloat16,False,False,torch,0,0,3892.3868,native,0.0,1393.08,497.7
gfx950,256,12288,64640,4096,False,torch.bfloat16,torch.bfloat16,False,False,torch,0,0,4536.8075,native,0.0,1434.24,489.06
gfx950,256,14336,64640,4096,False,torch.bfloat16,torch.bfloat16,False,False,opus,9,0,5887.8382,opus_gemm_512x256x256x64_2x4_16x16x32_0x0x0,0.0,1289.33,424.66
gfx950,256,16384,64640,4096,False,torch.bfloat16,torch.bfloat16,False,False,torch,0,0,5963.7753,native,0.0,1454.76,466.46
gfx950,256,16,129280,4096,False,torch.bfloat16,torch.bfloat16,False,False,triton,0,0,176.4716,auto,0.0,96.02,6025.5
gfx950,256,32,129280,4096,False,torch.bfloat16,torch.bfloat16,False,False,triton,0,0,183.6417,auto,0.0,184.54,5813.48
gfx950,256,48,129280,4096,False,torch.bfloat16,torch.bfloat16,False,False,torch,0,0,190.9741,native,0.0,266.19,5612.62
gfx950,256,64,129280,4096,False,torch.bfloat16,torch.bfloat16,False,False,flydsl,1260,1,191.0744,flydsl_gemm2_abf16_wbf16_bf16_t64x256x64_split_k1_block_m_warp2_block_n_warp1_block_k_warp1_async_copyTrue_b_to_ldsTrue_b_preshuffleFalse_c_to_ldsFalse_gfx950,0.0,354.73,5632.02
gfx950,256,80,129280,4096,False,torch.bfloat16,torch.bfloat16,False,False,torch,0,0,199.167,native,0.0,425.4,5424.6
gfx950,256,96,129280,4096,False,torch.bfloat16,torch.bfloat16,False,False,torch,0,0,206.471,native,0.0,492.42,5253.38
gfx950,256,112,129280,4096,False,torch.bfloat16,torch.bfloat16,False,False,torch,0,0,208.9847,native,0.0,567.58,5210.61
gfx950,256,128,129280,4096,False,torch.bfloat16,torch.bfloat16,False,False,torch,0,0,217.7542,native,0.0,622.54,5020.37
gfx950,256,144,129280,4096,False,torch.bfloat16,torch.bfloat16,False,False,torch,0,0,220.158,native,0.0,692.71,4984.94
gfx950,256,160,129280,4096,False,torch.bfloat16,torch.bfloat16,False,False,torch,0,0,237.9218,native,0.0,712.21,4630.69
gfx950,256,176,129280,4096,False,torch.bfloat16,torch.bfloat16,False,False,torch,0,0,222.0279,native,0.0,839.51,4981.4
gfx950,256,192,129280,4096,False,torch.bfloat16,torch.bfloat16,False,False,torch,0,0,233.4282,native,0.0,871.1,4756.4
gfx950,256,208,129280,4096,False,torch.bfloat16,torch.bfloat16,False,False,torch,0,0,257.2791,native,0.0,856.21,4332.05
gfx950,256,224,129280,4096,False,torch.bfloat16,torch.bfloat16,False,False,opus,5009,0,289.4131,opus_gemm_512x256x256x64_2x4_16x16x32_0x0x0_4g_safe,0.0,819.69,3865.8
gfx950,256,240,129280,4096,False,torch.bfloat16,torch.bfloat16,False,False,asm,10,1,267.3604,_ZN5aiter24bf16gemm_bf16_tn_256x256E,0.0,950.68,4200.63
gfx950,256,256,129280,4096,False,torch.bfloat16,torch.bfloat16,False,False,torch,0,0,278.1396,native,0.0,974.76,4053.18
gfx950,256,288,129280,4096,False,torch.bfloat16,torch.bfloat16,False,False,torch,0,0,353.7867,native,0.0,862.13,3210.65
gfx950,256,320,129280,4096,False,torch.bfloat16,torch.bfloat16,False,False,torch,0,0,345.575,native,0.0,980.68,3311.65
gfx950,256,352,129280,4096,False,torch.bfloat16,torch.bfloat16,False,False,asm,10,1,386.9836,_ZN5aiter24bf16gemm_bf16_tn_256x256E,0.0,963.32,2979.35
gfx950,256,384,129280,4096,False,torch.bfloat16,torch.bfloat16,False,False,torch,0,0,363.0748,native,0.0,1120.1,3199.05
gfx950,256,416,129280,4096,False,torch.bfloat16,torch.bfloat16,False,False,asm,10,1,426.9394,_ZN5aiter24bf16gemm_bf16_tn_256x256E,0.0,1031.93,2740.51
gfx950,256,448,129280,4096,False,torch.bfloat16,torch.bfloat16,False,False,asm,10,1,400.8654,_ZN5aiter24bf16gemm_bf16_tn_256x256E,0.0,1183.59,2940.06
gfx950,256,480,129280,4096,False,torch.bfloat16,torch.bfloat16,False,False,torch,0,0,442.0745,native,0.0,1149.92,2685.3
gfx950,256,512,129280,4096,False,torch.bfloat16,torch.bfloat16,False,False,asm,10,1,447.806,_ZN5aiter24bf16gemm_bf16_tn_256x256E,0.0,1210.88,2669.99
gfx950,256,544,129280,4096,False,torch.bfloat16,torch.bfloat16,False,False,torch,0,0,517.6449,native,0.0,1112.98,2326.26
gfx950,256,576,129280,4096,False,torch.bfloat16,torch.bfloat16,False,False,opus,6400,0,530.4098,opus_gemm_mono_tile_512x192x256x64_2x4_16x16x32_0x0x0_nooob_4g_safe,0.0,1150.09,2286.37
gfx950,256,608,129280,4096,False,torch.bfloat16,torch.bfloat16,False,False,asm,10,1,568.9723,_ZN5aiter24bf16gemm_bf16_tn_256x256E,0.0,1131.71,2146.41
gfx950,256,640,129280,4096,False,torch.bfloat16,torch.bfloat16,False,False,asm,10,1,574.9372,_ZN5aiter24bf16gemm_bf16_tn_256x256E,0.0,1178.91,2138.99
gfx950,256,672,129280,4096,False,torch.bfloat16,torch.bfloat16,False,False,asm,10,1,592.947,_ZN5aiter24bf16gemm_bf16_tn_256x256E,0.0,1200.26,2088.41
gfx950,256,704,129280,4096,False,torch.bfloat16,torch.bfloat16,False,False,asm,10,1,594.0197,_ZN5aiter24bf16gemm_bf16_tn_256x256E,0.0,1255.14,2099.01
gfx950,256,736,129280,4096,False,torch.bfloat16,torch.bfloat16,False,False,asm,10,1,599.0891,_ZN5aiter24bf16gemm_bf16_tn_256x256E,0.0,1301.09,2095.5
gfx950,256,768,129280,4096,False,torch.bfloat16,torch.bfloat16,False,False,torch,0,0,633.2928,native,0.0,1284.33,1995.8
gfx950,256,800,129280,4096,False,torch.bfloat16,torch.bfloat16,False,False,asm,10,1,734.6129,_ZN5aiter24bf16gemm_bf16_tn_256x256E,0.0,1153.33,1732.15
gfx950,256,832,129280,4096,False,torch.bfloat16,torch.bfloat16,False,False,asm,10,1,774.6466,_ZN5aiter24bf16gemm_bf16_tn_256x256E,0.0,1137.47,1653.66
gfx950,256,864,129280,4096,False,torch.bfloat16,torch.bfloat16,False,False,torch,0,0,751.4277,native,0.0,1217.72,1716.11
gfx950,256,896,129280,4096,False,torch.bfloat16,torch.bfloat16,False,False,torch,0,0,753.1946,native,0.0,1259.86,1723.42
gfx950,256,928,129280,4096,False,torch.bfloat16,torch.bfloat16,False,False,asm,10,1,801.3998,_ZN5aiter24bf16gemm_bf16_tn_256x256E,0.0,1226.37,1630.41
gfx950,256,960,129280,4096,False,torch.bfloat16,torch.bfloat16,False,False,asm,10,1,755.1664,_ZN5aiter24bf16gemm_bf16_tn_256x256E,0.0,1346.32,1741.53
gfx950,256,992,129280,4096,False,torch.bfloat16,torch.bfloat16,False,False,asm,10,1,772.5839,_ZN5aiter24bf16gemm_bf16_tn_256x256E,0.0,1359.84,1713.32
gfx950,256,1024,129280,4096,False,torch.bfloat16,torch.bfloat16,False,False,asm,10,1,828.4593,_ZN5aiter24bf16gemm_bf16_tn_256x256E,0.0,1309.03,1608.06
gfx950,256,1088,129280,4096,False,torch.bfloat16,torch.bfloat16,False,False,asm,10,1,988.2041,_ZN5aiter24bf16gemm_bf16_tn_256x256E,0.0,1166.01,1365.39
gfx950,256,1152,129280,4096,False,torch.bfloat16,torch.bfloat16,False,False,asm,10,1,1006.7194,_ZN5aiter24bf16gemm_bf16_tn_256x256E,0.0,1211.9,1357.24
gfx950,256,1216,129280,4096,False,torch.bfloat16,torch.bfloat16,False,False,asm,10,1,953.8738,_ZN5aiter24bf16gemm_bf16_tn_256x256E,0.0,1350.09,1450.33
gfx950,256,1280,129280,4096,False,torch.bfloat16,torch.bfloat16,False,False,asm,10,1,970.6792,_ZN5aiter24bf16gemm_bf16_tn_256x256E,0.0,1396.55,1442.81
gfx950,256,1344,129280,4096,False,torch.bfloat16,torch.bfloat16,False,False,torch,0,0,1115.2104,native,0.0,1276.33,1271.13
gfx950,256,1408,129280,4096,False,torch.bfloat16,torch.bfloat16,False,False,asm,10,1,1143.185,_ZN5aiter24bf16gemm_bf16_tn_256x256E,0.0,1304.39,1254.96
gfx950,256,1472,129280,4096,False,torch.bfloat16,torch.bfloat16,False,False,asm,10,1,1112.6332,_ZN5aiter24bf16gemm_bf16_tn_256x256E,0.0,1401.13,1304.76
gfx950,256,1536,129280,4096,False,torch.bfloat16,torch.bfloat16,False,False,asm,10,1,1163.1884,_ZN5aiter24bf16gemm_bf16_tn_256x256E,0.0,1398.5,1262.73
gfx950,256,1600,129280,4096,False,torch.bfloat16,torch.bfloat16,False,False,asm,10,1,1312.2755,_ZN5aiter24bf16gemm_bf16_tn_256x256E,0.0,1291.27,1132.28
gfx950,256,1664,129280,4096,False,torch.bfloat16,torch.bfloat16,False,False,asm,10,1,1325.5852,_ZN5aiter24bf16gemm_bf16_tn_256x256E,0.0,1329.43,1133.79
gfx950,256,1728,129280,4096,False,torch.bfloat16,torch.bfloat16,False,False,torch,0,0,1386.6478,native,0.0,1319.77,1096.18
gfx950,256,1792,129280,4096,False,torch.bfloat16,torch.bfloat16,False,False,asm,10,1,1356.5246,_ZN5aiter24bf16gemm_bf16_tn_256x256E,0.0,1399.04,1133.1
gfx950,256,1856,129280,4096,False,torch.bfloat16,torch.bfloat16,False,False,asm,10,1,1496.1996,_ZN5aiter24bf16gemm_bf16_tn_256x256E,0.0,1313.74,1038.73
gfx950,256,1920,129280,4096,False,torch.bfloat16,torch.bfloat16,False,False,asm,10,1,1464.6758,_ZN5aiter24bf16gemm_bf16_tn_256x256E,0.0,1388.29,1072.75
gfx950,256,1984,129280,4096,False,torch.bfloat16,torch.bfloat16,False,False,asm,10,1,1490.0571,_ZN5aiter24bf16gemm_bf16_tn_256x256E,0.0,1410.13,1065.93
gfx950,256,2048,129280,4096,False,torch.bfloat16,torch.bfloat16,False,False,torch,0,0,1517.9126,native,0.0,1428.91,1057.62
gfx950,256,4096,129280,4096,False,torch.bfloat16,torch.bfloat16,False,False,asm,10,1,3033.4896,_ZN5aiter24bf16gemm_bf16_tn_256x256E,0.0,1430.01,709.31
gfx950,256,6144,129280,4096,False,torch.bfloat16,torch.bfloat16,False,False,asm,10,1,4366.2484,_ZN5aiter24bf16gemm_bf16_tn_256x256E,0.0,1490.27,617.92
gfx950,256,8192,129280,4096,False,torch.bfloat16,torch.bfloat16,False,False,asm,10,1,5776.7457,_ZN5aiter24bf16gemm_bf16_tn_256x256E,0.0,1501.85,561.61
gfx950,256,10240,129280,4096,False,torch.bfloat16,torch.bfloat16,False,False,asm,10,1,7384.5349,_ZN5aiter24bf16gemm_bf16_tn_256x256E,0.0,1468.58,513.32
gfx950,256,12288,129280,4096,False,torch.bfloat16,torch.bfloat16,False,False,asm,10,1,8690.592,_ZN5aiter24bf16gemm_bf16_tn_256x256E,0.0,1497.45,499.04
gfx950,256,14336,129280,4096,False,torch.bfloat16,torch.bfloat16,False,False,torch,0,0,10308.1547,native,0.0,1472.88,473.72
gfx950,256,16384,129280,4096,False,torch.bfloat16,torch.bfloat16,False,False,asm,10,1,12034.317,_ZN5aiter24bf16gemm_bf16_tn_256x256E,0.0,1441.85,451.17
gfx950,256,8,16,2048,False,torch.bfloat16,torch.bfloat16,False,False,skinny,2,0,3.8786,sol2,0.0,0.14,25.41
gfx950,256,196,37888,5120,False,torch.bfloat16,torch.bfloat16,False,False,torch,0,0,98.8649,native,0.0,769.16,4094.8
gfx950,256,198,37888,5120,False,torch.bfloat16,torch.bfloat16,False,False,torch,0,0,101.8476,native,0.0,754.25,3976.57
gfx950,256,203,37888,5120,False,torch.bfloat16,torch.bfloat16,False,False,torch,0,0,99.946,native,0.0,788.01,4056.53
gfx950,256,204,37888,5120,False,torch.bfloat16,torch.bfloat16,False,False,torch,0,0,99.2666,native,0.0,797.31,4085.16
gfx950,256,208,37888,5120,False,torch.bfloat16,torch.bfloat16,False,False,torch,0,0,100.2706,native,0.0,804.81,4047.69
gfx950,256,217,37888,5120,False,torch.bfloat16,torch.bfloat16,False,False,torch,0,0,102.1571,native,0.0,824.12,3980.52
gfx950,256,223,37888,5120,False,torch.bfloat16,torch.bfloat16,False,False,torch,0,0,103.1272,native,0.0,838.94,3948.08
gfx950,256,242,37888,5120,False,torch.bfloat16,torch.bfloat16,False,False,torch,0,0,107.5849,native,0.0,872.7,3799.69
gfx950,256,450,37888,5120,False,torch.bfloat16,torch.bfloat16,False,False,torch,0,0,173.1332,native,0.0,1008.4,2464.46
gfx950,256,451,37888,5120,False,torch.bfloat16,torch.bfloat16,False,False,torch,0,0,173.1725,native,0.0,1010.41,2464.4
gfx950,256,454,37888,5120,False,torch.bfloat16,torch.bfloat16,False,False,torch,0,0,174.3899,native,0.0,1010.03,2448.68
gfx950,256,465,37888,5120,False,torch.bfloat16,torch.bfloat16,False,False,torch,0,0,174.9116,native,0.0,1031.42,2446.78
gfx950,256,472,37888,5120,False,torch.bfloat16,torch.bfloat16,False,False,torch,0,0,178.496,native,0.0,1025.92,2401.02
gfx950,256,475,37888,5120,False,torch.bfloat16,torch.bfloat16,False,False,torch,0,0,176.5478,native,0.0,1043.84,2428.98
gfx950,256,484,37888,5120,False,torch.bfloat16,torch.bfloat16,False,False,torch,0,0,189.0678,native,0.0,993.18,2272.23
gfx950,256,491,37888,5120,False,torch.bfloat16,torch.bfloat16,False,False,torch,0,0,192.4852,native,0.0,989.66,2235.01
gfx950,256,497,37888,5120,False,torch.bfloat16,torch.bfloat16,False,False,torch,0,0,193.182,native,0.0,998.14,2229.62
gfx950,256,498,37888,5120,False,torch.bfloat16,torch.bfloat16,False,False,torch,0,0,196.8276,native,0.0,981.62,2188.76
gfx950,256,499,37888,5120,False,torch.bfloat16,torch.bfloat16,False,False,torch,0,0,191.3345,native,0.0,1011.83,2252.05
gfx950,256,500,37888,5120,False,torch.bfloat16,torch.bfloat16,False,False,torch,0,0,192.9984,native,0.0,1005.12,2233.08
gfx950,256,504,37888,5120,False,torch.bfloat16,torch.bfloat16,False,False,torch,0,0,193.0303,native,0.0,1012.99,2234.49
gfx950,256,506,37888,5120,False,torch.bfloat16,torch.bfloat16,False,False,torch,0,0,191.5912,native,0.0,1024.65,2252.18
gfx950,256,510,37888,5120,False,torch.bfloat16,torch.bfloat16,False,False,torch,0,0,198.1217,native,0.0,998.71,2179.68
gfx950,256,511,37888,5120,False,torch.bfloat16,torch.bfloat16,False,False,torch,0,0,194.9595,native,0.0,1016.9,2215.47
gfx950,256,512,37888,5120,False,torch.bfloat16,torch.bfloat16,False,False,torch,0,0,190.1071,native,0.0,1044.9,2272.47
gfx950,256,535,37888,5120,False,torch.bfloat16,torch.bfloat16,False,False,torch,0,0,197.0949,native,0.0,1053.13,2201.94
gfx950,256,541,37888,5120,False,torch.bfloat16,torch.bfloat16,False,False,torch,0,0,194.9863,native,0.0,1076.45,2228.4
gfx950,256,543,37888,5120,False,torch.bfloat16,torch.bfloat16,False,False,torch,0,0,197.2505,native,0.0,1068.03,2203.69
gfx950,256,549,37888,5120,False,torch.bfloat16,torch.bfloat16,False,False,torch,0,0,202.0451,native,0.0,1054.21,2153.95
gfx950,256,552,37888,5120,False,torch.bfloat16,torch.bfloat16,False,False,torch,0,0,202.2522,native,0.0,1058.88,2153.02
gfx950,256,555,37888,5120,False,torch.bfloat16,torch.bfloat16,False,False,torch,0,0,198.4694,native,0.0,1084.93,2195.36
gfx950,256,557,37888,5120,False,torch.bfloat16,torch.bfloat16,False,False,torch,0,0,198.9533,native,0.0,1086.19,2190.89
gfx950,256,562,37888,5120,False,torch.bfloat16,torch.bfloat16,False,False,torch,0,0,202.925,native,0.0,1074.49,2150.12
gfx950,256,568,37888,5120,False,torch.bfloat16,torch.bfloat16,False,False,torch,0,0,198.2273,native,0.0,1111.7,2203.68
gfx950,256,570,37888,5120,False,torch.bfloat16,torch.bfloat16,False,False,torch,0,0,198.5394,native,0.0,1113.86,2201.09
gfx950,256,571,37888,5120,False,torch.bfloat16,torch.bfloat16,False,False,torch,0,0,199.9142,native,0.0,1108.14,2186.38
gfx950,256,573,37888,5120,False,torch.bfloat16,torch.bfloat16,False,False,torch,0,0,204.8991,native,0.0,1084.97,2134.03
gfx950,256,574,37888,5120,False,torch.bfloat16,torch.bfloat16,False,False,torch,0,0,200.4664,native,0.0,1110.89,2181.64
gfx950,256,593,37888,5120,False,torch.bfloat16,torch.bfloat16,False,False,asm,10,1,220.4235,_ZN5aiter24bf16gemm_bf16_tn_256x256E,0.0,1043.75,1991.53
gfx950,256,594,37888,5120,False,torch.bfloat16,torch.bfloat16,False,False,asm,10,1,222.4923,_ZN5aiter24bf16gemm_bf16_tn_256x256E,0.0,1035.79,1973.4
gfx950,256,603,37888,5120,False,torch.bfloat16,torch.bfloat16,False,False,asm,10,1,218.3088,_ZN5aiter24bf16gemm_bf16_tn_256x256E,0.0,1071.64,2014.76
gfx950,256,630,37888,5120,False,torch.bfloat16,torch.bfloat16,False,False,torch,0,0,222.7632,native,0.0,1097.23,1984.9
gfx950,256,646,37888,5120,False,torch.bfloat16,torch.bfloat16,False,False,torch,0,0,223.3759,native,0.0,1122.01,1985.62
gfx950,256,654,37888,5120,False,torch.bfloat16,torch.bfloat16,False,False,torch,0,0,223.2083,native,0.0,1136.76,1990.19
gfx950,256,671,37888,5120,False,torch.bfloat16,torch.bfloat16,False,False,torch,0,0,224.1078,native,0.0,1161.63,1988.73
gfx950,256,718,37888,5120,False,torch.bfloat16,torch.bfloat16,False,False,asm,10,1,231.0899,_ZN5aiter24bf16gemm_bf16_tn_256x256E,0.0,1205.44,1946.14
gfx950,256,961,37888,5120,False,torch.bfloat16,torch.bfloat16,False,False,asm,10,1,328.1985,_ZN5aiter24bf16gemm_bf16_tn_256x256E,0.0,1136.03,1433.99
gfx950,256,972,37888,5120,False,torch.bfloat16,torch.bfloat16,False,False,asm,10,1,327.9232,_ZN5aiter24bf16gemm_bf16_tn_256x256E,0.0,1149.99,1438.08
gfx950,256,989,37888,5120,False,torch.bfloat16,torch.bfloat16,False,False,asm,10,1,330.817,_ZN5aiter24bf16gemm_bf16_tn_256x256E,0.0,1159.87,1429.92
gfx950,256,997,37888,5120,False,torch.bfloat16,torch.bfloat16,False,False,asm,10,1,327.7604,_ZN5aiter24bf16gemm_bf16_tn_256x256E,0.0,1180.16,1445.36
gfx950,256,998,37888,5120,False,torch.bfloat16,torch.bfloat16,False,False,asm,10,1,329.4208,_ZN5aiter24bf16gemm_bf16_tn_256x256E,0.0,1175.39,1438.33
gfx950,256,1000,37888,5120,False,torch.bfloat16,torch.bfloat16,False,False,asm,10,1,329.96,_ZN5aiter24bf16gemm_bf16_tn_256x256E,0.0,1175.82,1436.5
gfx950,256,1008,37888,5120,False,torch.bfloat16,torch.bfloat16,False,False,asm,10,1,329.8595,_ZN5aiter24bf16gemm_bf16_tn_256x256E,0.0,1185.59,1439.03
gfx950,256,1013,37888,5120,False,torch.bfloat16,torch.bfloat16,False,False,asm,10,1,328.7808,_ZN5aiter24bf16gemm_bf16_tn_256x256E,0.0049,1195.38,1445.06
gfx950,256,1016,37888,5120,False,torch.bfloat16,torch.bfloat16,False,False,asm,10,1,331.1322,_ZN5aiter24bf16gemm_bf16_tn_256x256E,0.0,1190.4,1435.58
gfx950,256,128,128,6144,False,torch.bfloat16,torch.bfloat16,False,False,flydsl,19522,8,6.3659,flydsl_gemm6_abf16_wbf16_bf16_t16x64x128_split_k8_block_m_warp1_block_n_warp2_block_k_warp1_async_copyTrue_b_to_ldsTrue_b_preshuffleFalse_c_to_ldsFalse_gfx950,0.0206,31.63,499.3
gfx950,256,128,256,6144,False,torch.bfloat16,torch.bfloat16,False,False,flydsl,8720,8,7.2167,flydsl_gemm6_abf16_wbf16_bf16_t16x64x128_split_k8_block_m_warp1_block_n_warp1_block_k_warp2_async_copyTrue_b_to_ldsTrue_b_preshuffleFalse_c_to_ldsFalse_gfx950,0.0277,55.79,662.92
gfx950,256,128,2624,6144,False,torch.bfloat16,torch.bfloat16,False,False,asm,5,3,18.3012,_ZN5aiter39bf16gemm_fp32bf16_tn_64x64_splitk_cleanE,0.0101,225.52,1884.48
gfx950,256,128,32,6144,False,torch.bfloat16,torch.bfloat16,False,False,torch,0,0,8.2742,native,0.0,6.08,238.61
gfx950,256,128,4096,2048,False,torch.bfloat16,torch.bfloat16,False,False,flydsl,3781,1,9.5228,flydsl_gemm4_abf16_wbf16_bf16_t32x64x128_split_k1_block_m_warp1_block_n_warp4_block_k_warp1_async_copyTrue_b_to_ldsTrue_b_preshuffleFalse_c_to_ldsFalse_gfx950,0.0,225.51,1926.96
gfx950,256,128,6144,3072,False,torch.bfloat16,torch.bfloat16,False,False,flydsl,5313,1,16.7209,flydsl_gemm3_abf16_wbf16_bf16_t64x64x128_split_k1_block_m_warp4_block_n_warp1_block_k_warp1_async_copyTrue_b_to_ldsTrue_b_preshuffleFalse_c_to_ldsFalse_gfx950,0.0,288.97,2398.68
gfx950,256,128,6144,4096,False,torch.bfloat16,torch.bfloat16,False,False,flydsl,4696,1,20.1542,flydsl_gemm5_abf16_wbf16_bf16_t64x64x128_split_k1_block_m_warp2_block_n_warp2_block_k_warp2_async_copyTrue_b_to_ldsTrue_b_preshuffleFalse_c_to_ldsFalse_gfx950,0.0049,319.66,2627.4
gfx950,256,128,6144,6144,False,torch.bfloat16,torch.bfloat16,False,False,flydsl,5384,1,30.6654,flydsl_gemm3_abf16_wbf16_bf16_t64x64x128_split_k1_block_m_warp2_block_n_warp2_block_k_warp2_async_copyTrue_b_to_ldsTrue_b_preshuffleFalse_c_to_ldsFalse_gfx950,0.0057,315.13,2564.56
gfx950,256,16384,128,6144,False,torch.bfloat16,torch.bfloat16,False,False,flydsl,4028,1,55.4299,flydsl_gemm3_abf16_wbf16_bf16_t64x128x128_split_k1_block_m_warp2_block_n_warp4_block_k_warp1_async_copyTrue_b_to_ldsTrue_b_preshuffleFalse_c_to_ldsFalse_gfx950,0.0,464.91,3736.14
gfx950,256,16384,256,6144,False,torch.bfloat16,torch.bfloat16,False,False,flydsl,5883,1,75.3376,flydsl_gemm4_abf16_wbf16_bf16_t128x128x64_split_k1_block_m_warp4_block_n_warp4_block_k_warp1_async_copyTrue_b_to_ldsTrue_b_preshuffleFalse_c_to_ldsFalse_gfx950,0.0,684.12,2825.43
gfx950,256,16384,2624,6144,False,torch.bfloat16,torch.bfloat16,False,False,torch,0,0,406.341,native,0.0,1300.09,786.42
gfx950,256,16384,32,6144,False,torch.bfloat16,torch.bfloat16,False,False,torch,0,0,43.456,native,0.0,148.25,4666.06
gfx950,256,16384,4096,2048,False,torch.bfloat16,torch.bfloat16,False,False,asm,10,1,212.3527,_ZN5aiter24bf16gemm_bf16_tn_256x256E,0.0,1294.44,1027.08
gfx950,256,16384,6144,3072,False,torch.bfloat16,torch.bfloat16,False,False,torch,0,0,426.5721,native,0.0,1449.87,796.44
gfx950,256,16384,6144,6144,False,torch.bfloat16,torch.bfloat16,False,False,torch,0,0,802.3853,native,0.0,1541.59,595.91
gfx950,256,16,128,6144,False,torch.bfloat16,torch.bfloat16,False,False,flydsl,5888,12,4.7249,flydsl_gemm8_abf16_wbf16_bf16_t16x64x64_split_k12_block_m_warp1_block_n_warp1_block_k_warp2_async_copyTrue_b_to_ldsTrue_b_preshuffleFalse_c_to_ldsFalse_gfx950,0.0342,5.33,375.37
gfx950,256,16,256,6144,False,torch.bfloat16,torch.bfloat16,False,False,flydsl,6603,12,5.3141,flydsl_gemm7_abf16_wbf16_bf16_t16x64x64_split_k12_block_m_warp1_block_n_warp2_block_k_warp1_async_copyTrue_b_to_ldsTrue_b_preshuffleFalse_c_to_ldsFalse_gfx950,0.0256,9.47,630.5
gfx950,256,16,2624,6144,False,torch.bfloat16,torch.bfloat16,False,False,flydsl,2663,6,9.1755,flydsl_gemm6_abf16_wbf16_bf16_t16x64x64_split_k6_block_m_warp1_block_n_warp2_block_k_warp1_async_copyTrue_b_to_ldsTrue_b_preshuffleFalse_c_to_ldsFalse_gfx950,0.0182,56.23,3544.69
gfx950,256,16,32,6144,False,torch.bfloat16,torch.bfloat16,False,False,torch,0,0,7.4959,native,0.0,0.84,78.82
gfx950,256,16,4096,2048,False,torch.bfloat16,torch.bfloat16,False,False,flydsl,1408,2,7.0314,flydsl_gemm3_abf16_wbf16_bf16_t16x64x256_split_k2_block_m_warp1_block_n_warp1_block_k_warp2_async_copyTrue_b_to_ldsTrue_b_preshuffleFalse_c_to_ldsFalse_gfx950,0.0092,38.18,2414.0
gfx950,256,16,6144,3072,False,torch.bfloat16,torch.bfloat16,False,False,flydsl,5938,2,10.1472,flydsl_gemm6_abf16_wbf16_bf16_t16x64x64_split_k2_block_m_warp1_block_n_warp2_block_k_warp1_async_copyTrue_b_to_ldsTrue_b_preshuffleFalse_c_to_ldsFalse_gfx950,0.0041,59.52,3749.18
gfx950,256,16,6144,4096,False,torch.bfloat16,torch.bfloat16,False,False,flydsl,1409,2,12.2944,flydsl_gemm3_abf16_wbf16_bf16_t16x64x256_split_k2_block_m_warp1_block_n_warp2_block_k_warp1_async_copyTrue_b_to_ldsTrue_b_preshuffleFalse_c_to_ldsFalse_gfx950,0.005,65.5,4120.52
gfx950,256,16,6144,6144,False,torch.bfloat16,torch.bfloat16,False,False,flydsl,5993,2,16.7296,flydsl_gemm6_abf16_wbf16_bf16_t16x64x128_split_k2_block_m_warp1_block_n_warp2_block_k_warp1_async_copyTrue_b_to_ldsTrue_b_preshuffleFalse_c_to_ldsFalse_gfx950,0.0054,72.2,4536.31
gfx950,256,1,128,6144,False,torch.bfloat16,torch.bfloat16,False,False,skinny,2,0,3.5904,sol2,0.0,0.44,441.57
gfx950,256,1,256,6144,False,torch.bfloat16,torch.bfloat16,False,False,skinny,2,0,4.397,sol2,0.0,0.72,718.34
gfx950,256,1,2624,6144,False,torch.bfloat16,torch.bfloat16,False,False,flydsl,878,6,8.3361,flydsl_gemm3_abf16_wbf16_bf16_t16x64x128_split_k6_block_m_warp1_block_n_warp2_block_k_warp1_async_copyTrue_b_to_ldsTrue_b_preshuffleFalse_c_to_ldsFalse_gfx950,0.0179,3.87,3870.06
gfx950,256,1,32,6144,False,torch.bfloat16,torch.bfloat16,False,False,skinny,2,0,3.4721,sol2,0.0,0.11,116.81
gfx950,256,1,38720,6144,False,torch.bfloat16,torch.bfloat16,False,False,flydsl,3,1,88.195,flydsl_gemm2_abf16_wbf16_bf16_t16x64x128_split_k1_block_m_warp1_block_n_warp1_block_k_warp1_async_copyTrue_b_to_ldsTrue_b_preshuffleFalse_c_to_ldsFalse_gfx950,0.0,5.39,5395.78
gfx950,256,1,4096,2048,False,torch.bfloat16,torch.bfloat16,False,False,flydsl,2320,4,6.2343,flydsl_gemm4_abf16_wbf16_bf16_t16x64x64_split_k4_block_m_warp1_block_n_warp2_block_k_warp1_async_copyTrue_b_to_ldsTrue_b_preshuffleFalse_c_to_ldsFalse_gfx950,0.0066,2.69,2693.09
gfx950,256,1,6144,3072,False,torch.bfloat16,torch.bfloat16,False,False,flydsl,5938,2,9.0656,flydsl_gemm6_abf16_wbf16_bf16_t16x64x64_split_k2_block_m_warp1_block_n_warp2_block_k_warp1_async_copyTrue_b_to_ldsTrue_b_preshuffleFalse_c_to_ldsFalse_gfx950,0.0042,4.16,4165.99
gfx950,256,1,6144,4096,False,torch.bfloat16,torch.bfloat16,False,False,flydsl,1361,4,10.9917,flydsl_gemm3_abf16_wbf16_bf16_t16x128x128_split_k4_block_m_warp1_block_n_warp4_block_k_warp1_async_copyTrue_b_to_ldsTrue_b_preshuffleFalse_c_to_ldsFalse_gfx950,0.0137,4.58,4580.92
gfx950,256,1,6144,6144,False,torch.bfloat16,torch.bfloat16,False,False,flydsl,4011,2,14.6247,flydsl_gemm4_abf16_wbf16_bf16_t16x64x128_split_k2_block_m_warp1_block_n_warp1_block_k_warp2_async_copyTrue_b_to_ldsTrue_b_preshuffleFalse_c_to_ldsFalse_gfx950,0.015,5.16,5164.01
gfx950,256,256,128,6144,False,torch.bfloat16,torch.bfloat16,False,False,flydsl,6439,8,7.1962,flydsl_gemm5_abf16_wbf16_bf16_t16x64x128_split_k8_block_m_warp1_block_n_warp2_block_k_warp1_async_copyTrue_b_to_ldsTrue_b_preshuffleFalse_c_to_ldsFalse_gfx950,0.0221,55.95,664.81
gfx950,256,256,256,6144,False,torch.bfloat16,torch.bfloat16,False,False,flydsl,6661,6,9.1244,flydsl_gemm4_abf16_wbf16_bf16_t32x64x128_split_k6_block_m_warp2_block_n_warp2_block_k_warp1_async_copyTrue_b_to_ldsTrue_b_preshuffleFalse_c_to_ldsFalse_gfx950,0.0173,88.26,703.88
gfx950,256,256,2624,6144,False,torch.bfloat16,torch.bfloat16,False,False,asm,8,2,26.1369,_ZN5aiter39bf16gemm_fp32bf16_tn_96x64_splitk_cleanE,0.0057,315.81,1405.4
gfx950,256,256,32,6144,False,torch.bfloat16,torch.bfloat16,False,False,torch,0,0,11.6185,native,0.0,8.66,306.01
gfx950,256,256,4096,2048,False,torch.bfloat16,torch.bfloat16,False,False,flydsl,4045,1,11.5834,flydsl_gemm4_abf16_wbf16_bf16_t64x64x128_split_k1_block_m_warp2_block_n_warp4_block_k_warp1_async_copyTrue_b_to_ldsTrue_b_preshuffleFalse_c_to_ldsFalse_gfx950,0.0,370.79,1719.96
gfx950,256,256,6144,3072,False,torch.bfloat16,torch.bfloat16,False,False,flydsl,7361,1,21.715,flydsl_gemm4_abf16_wbf16_bf16_t96x64x64_split_k1_block_m_warp2_block_n_warp2_block_k_warp1_async_copyTrue_b_to_ldsTrue_b_preshuffleFalse_c_to_ldsFalse_gfx950,0.0,445.02,1955.67
gfx950,256,256,6144,4096,False,torch.bfloat16,torch.bfloat16,False,False,torch,0,0,27.2042,native,0.0,473.64,2042.87
gfx950,256,256,6144,6144,False,torch.bfloat16,torch.bfloat16,False,False,torch,0,0,39.8281,native,0.0,485.27,2053.55
gfx950,256,2,128,6144,False,torch.bfloat16,torch.bfloat16,False,False,flydsl,5475,12,4.6306,flydsl_gemm7_abf16_wbf16_bf16_t16x64x64_split_k12_block_m_warp1_block_n_warp1_block_k_warp2_async_copyTrue_b_to_ldsTrue_b_preshuffleFalse_c_to_ldsFalse_gfx950,0.0273,0.68,345.09
gfx950,256,2,256,6144,False,torch.bfloat16,torch.bfloat16,False,False,skinny,2,0,4.9859,sol2,0.0,1.26,636.06
gfx950,256,2,2624,6144,False,torch.bfloat16,torch.bfloat16,False,False,flydsl,878,6,8.3414,flydsl_gemm3_abf16_wbf16_bf16_t16x64x128_split_k6_block_m_warp1_block_n_warp2_block_k_warp1_async_copyTrue_b_to_ldsTrue_b_preshuffleFalse_c_to_ldsFalse_gfx950,0.0147,7.73,3869.71
gfx950,256,2,32,6144,False,torch.bfloat16,torch.bfloat16,False,False,skinny,2,0,4.7249,sol2,0.0,0.17,88.45
gfx950,256,2,4096,2048,False,torch.bfloat16,torch.bfloat16,False,False,flydsl,3780,4,6.1878,flydsl_gemm7_abf16_wbf16_bf16_t16x64x64_split_k4_block_m_warp1_block_n_warp2_block_k_warp1_async_copyTrue_b_to_ldsTrue_b_preshuffleFalse_c_to_ldsFalse_gfx950,0.0085,5.42,2715.31
gfx950,256,2,6144,3072,False,torch.bfloat16,torch.bfloat16,False,False,flydsl,6946,2,9.1248,flydsl_gemm8_abf16_wbf16_bf16_t16x64x64_split_k2_block_m_warp1_block_n_warp2_block_k_warp1_async_copyTrue_b_to_ldsTrue_b_preshuffleFalse_c_to_ldsFalse_gfx950,0.0042,8.27,4140.98
gfx950,256,2,6144,4096,False,torch.bfloat16,torch.bfloat16,False,False,flydsl,3416,4,11.2885,flydsl_gemm6_abf16_wbf16_bf16_t16x128x64_split_k4_block_m_warp1_block_n_warp2_block_k_warp1_async_copyTrue_b_to_ldsTrue_b_preshuffleFalse_c_to_ldsFalse_gfx950,0.0117,8.92,4462.29
gfx950,256,2,6144,6144,False,torch.bfloat16,torch.bfloat16,False,False,flydsl,5195,2,14.638,flydsl_gemm5_abf16_wbf16_bf16_t16x64x128_split_k2_block_m_warp1_block_n_warp2_block_k_warp1_async_copyTrue_b_to_ldsTrue_b_preshuffleFalse_c_to_ldsFalse_gfx950,0.0051,10.32,5160.99
gfx950,256,32,128,6144,False,torch.bfloat16,torch.bfloat16,False,False,flydsl,3082,12,4.7031,flydsl_gemm4_abf16_wbf16_bf16_t16x64x128_split_k12_block_m_warp1_block_n_warp2_block_k_warp1_async_copyTrue_b_to_ldsTrue_b_preshuffleFalse_c_to_ldsFalse_gfx950,0.0244,10.7,419.78
gfx950,256,32,256,6144,False,torch.bfloat16,torch.bfloat16,False,False,flydsl,2731,12,5.77,flydsl_gemm3_abf16_wbf16_bf16_t32x64x128_split_k12_block_m_warp2_block_n_warp2_block_k_warp1_async_copyTrue_b_to_ldsTrue_b_preshuffleFalse_c_to_ldsFalse_gfx950,0.0256,17.45,616.17
gfx950,256,32,2624,6144,False,torch.bfloat16,torch.bfloat16,False,False,flydsl,1623,4,11.2387,flydsl_gemm4_abf16_wbf16_bf16_t32x64x128_split_k4_block_m_warp1_block_n_warp4_block_k_warp1_async_copyTrue_b_to_ldsTrue_b_preshuffleFalse_c_to_ldsFalse_gfx950,0.0128,91.81,2918.92
gfx950,256,32,32,6144,False,torch.bfloat16,torch.bfloat16,False,False,torch,0,0,7.8162,native,0.0,1.61,100.88
gfx950,256,32,4096,2048,False,torch.bfloat16,torch.bfloat16,False,False,flydsl,2293,2,7.6758,flydsl_gemm4_abf16_wbf16_bf16_t16x64x128_split_k2_block_m_warp1_block_n_warp2_block_k_warp1_async_copyTrue_b_to_ldsTrue_b_preshuffleFalse_c_to_ldsFalse_gfx950,0.0031,69.94,2236.96
gfx950,256,32,6144,3072,False,torch.bfloat16,torch.bfloat16,False,False,flydsl,5239,2,11.6945,flydsl_gemm5_abf16_wbf16_bf16_t32x64x128_split_k2_block_m_warp1_block_n_warp4_block_k_warp1_async_copyTrue_b_to_ldsTrue_b_preshuffleFalse_c_to_ldsFalse_gfx950,0.0043,103.29,3278.34
gfx950,256,32,6144,4096,False,torch.bfloat16,torch.bfloat16,False,False,flydsl,1602,2,13.3074,flydsl_gemm3_abf16_wbf16_bf16_t32x64x256_split_k2_block_m_warp1_block_n_warp1_block_k_warp2_async_copyTrue_b_to_ldsTrue_b_preshuffleFalse_c_to_ldsFalse_gfx950,0.0124,121.03,3831.48
gfx950,256,32,6144,6144,False,torch.bfloat16,torch.bfloat16,False,False,flydsl,6116,2,17.9035,flydsl_gemm6_abf16_wbf16_bf16_t32x64x128_split_k2_block_m_warp2_block_n_warp2_block_k_warp1_async_copyTrue_b_to_ldsTrue_b_preshuffleFalse_c_to_ldsFalse_gfx950,0.0056,134.94,4260.84
gfx950,256,48,128,6144,False,torch.bfloat16,torch.bfloat16,False,False,flydsl,4080,8,4.7738,flydsl_gemm5_abf16_wbf16_bf16_t16x64x128_split_k8_block_m_warp1_block_n_warp2_block_k_warp1_async_copyTrue_b_to_ldsTrue_b_preshuffleFalse_c_to_ldsFalse_gfx950,0.02,15.81,455.61
gfx950,256,48,256,6144,False,torch.bfloat16,torch.bfloat16,False,False,flydsl,2477,8,6.1851,flydsl_gemm3_abf16_wbf16_bf16_t16x64x256_split_k8_block_m_warp1_block_n_warp2_block_k_warp1_async_copyTrue_b_to_ldsTrue_b_preshuffleFalse_c_to_ldsFalse_gfx950,0.0193,24.41,607.93
gfx950,256,48,2624,6144,False,torch.bfloat16,torch.bfloat16,False,False,flydsl,1746,6,12.9622,flydsl_gemm4_abf16_wbf16_bf16_t48x64x64_split_k6_block_m_warp1_block_n_warp2_block_k_warp1_async_copyTrue_b_to_ldsTrue_b_preshuffleFalse_c_to_ldsFalse_gfx950,0.0173,119.4,2552.46
gfx950,256,48,32,6144,False,torch.bfloat16,torch.bfloat16,False,False,torch,0,0,8.0695,native,0.0,2.34,122.2
gfx950,256,48,4096,2048,False,torch.bfloat16,torch.bfloat16,False,False,flydsl,3762,1,8.7313,flydsl_gemm7_abf16_wbf16_bf16_t16x64x128_split_k1_block_m_warp1_block_n_warp2_block_k_warp1_async_copyTrue_b_to_ldsTrue_b_preshuffleFalse_c_to_ldsFalse_gfx950,0.0,92.23,1989.06
gfx950,256,48,6144,3072,False,torch.bfloat16,torch.bfloat16,False,False,flydsl,4232,1,12.6081,flydsl_gemm4_abf16_wbf16_bf16_t32x64x128_split_k1_block_m_warp2_block_n_warp2_block_k_warp1_async_copyTrue_b_to_ldsTrue_b_preshuffleFalse_c_to_ldsFalse_gfx950,0.0,143.71,3064.18
gfx950,256,48,6144,4096,False,torch.bfloat16,torch.bfloat16,False,False,flydsl,4010,1,14.8495,flydsl_gemm8_abf16_wbf16_bf16_t16x64x64_split_k1_block_m_warp1_block_n_warp2_block_k_warp1_async_copyTrue_b_to_ldsTrue_b_preshuffleFalse_c_to_ldsFalse_gfx950,0.0,162.69,3455.65
gfx950,256,48,6144,6144,False,torch.bfloat16,torch.bfloat16,False,False,flydsl,4467,2,20.9099,flydsl_gemm4_abf16_wbf16_bf16_t48x64x128_split_k2_block_m_warp1_block_n_warp2_block_k_warp1_async_copyTrue_b_to_ldsTrue_b_preshuffleFalse_c_to_ldsFalse_gfx950,0.0056,173.31,3667.02
gfx950,256,4,128,6144,False,torch.bfloat16,torch.bfloat16,False,False,flydsl,4881,12,4.5863,flydsl_gemm6_abf16_wbf16_bf16_t16x64x64_split_k12_block_m_warp1_block_n_warp2_block_k_warp1_async_copyTrue_b_to_ldsTrue_b_preshuffleFalse_c_to_ldsFalse_gfx950,0.0215,1.37,353.89
gfx950,256,4,256,6144,False,torch.bfloat16,torch.bfloat16,False,False,flydsl,6008,12,5.178,flydsl_gemm6_abf16_wbf16_bf16_t16x64x64_split_k12_block_m_warp1_block_n_warp2_block_k_warp1_async_copyTrue_b_to_ldsTrue_b_preshuffleFalse_c_to_ldsFalse_gfx950,0.0205,2.43,617.41
gfx950,256,4,2624,6144,False,torch.bfloat16,torch.bfloat16,False,False,flydsl,3342,6,8.4475,flydsl_gemm8_abf16_wbf16_bf16_t16x64x64_split_k6_block_m_warp1_block_n_warp2_block_k_warp1_async_copyTrue_b_to_ldsTrue_b_preshuffleFalse_c_to_ldsFalse_gfx950,0.0169,15.27,3825.26
gfx950,256,4,32,6144,False,torch.bfloat16,torch.bfloat16,False,False,skinny,2,0,5.8368,sol2,0.0,0.27,75.83
gfx950,256,4,4096,2048,False,torch.bfloat16,torch.bfloat16,False,False,flydsl,1400,4,6.3172,flydsl_gemm3_abf16_wbf16_bf16_t16x64x128_split_k4_block_m_warp1_block_n_warp2_block_k_warp1_async_copyTrue_b_to_ldsTrue_b_preshuffleFalse_c_to_ldsFalse_gfx950,0.0086,10.62,2663.58
gfx950,256,4,6144,3072,False,torch.bfloat16,torch.bfloat16,False,False,flydsl,6946,2,9.2369,flydsl_gemm8_abf16_wbf16_bf16_t16x64x64_split_k2_block_m_warp1_block_n_warp2_block_k_warp1_async_copyTrue_b_to_ldsTrue_b_preshuffleFalse_c_to_ldsFalse_gfx950,0.0042,16.35,4094.71
gfx950,256,4,6144,4096,False,torch.bfloat16,torch.bfloat16,False,False,flydsl,2272,4,11.4804,flydsl_gemm4_abf16_wbf16_bf16_t16x128x64_split_k4_block_m_warp1_block_n_warp2_block_k_warp1_async_copyTrue_b_to_ldsTrue_b_preshuffleFalse_c_to_ldsFalse_gfx950,0.0121,17.54,4391.27
gfx950,256,4,6144,6144,False,torch.bfloat16,torch.bfloat16,False,False,flydsl,6588,2,14.7237,flydsl_gemm7_abf16_wbf16_bf16_t16x64x128_split_k2_block_m_warp1_block_n_warp2_block_k_warp1_async_copyTrue_b_to_ldsTrue_b_preshuffleFalse_c_to_ldsFalse_gfx950,0.0057,20.51,5134.29
gfx950,256,64,128,6144,False,torch.bfloat16,torch.bfloat16,False,False,flydsl,3063,12,5.0616,flydsl_gemm3_abf16_wbf16_bf16_t32x64x128_split_k12_block_m_warp1_block_n_warp2_block_k_warp2_async_copyTrue_b_to_ldsTrue_b_preshuffleFalse_c_to_ldsFalse_gfx950,0.0328,19.89,469.35
gfx950,256,64,256,6144,False,torch.bfloat16,torch.bfloat16,False,False,flydsl,7192,8,6.6031,flydsl_gemm5_abf16_wbf16_bf16_t32x64x128_split_k8_block_m_warp1_block_n_warp4_block_k_warp1_async_copyTrue_b_to_ldsTrue_b_preshuffleFalse_c_to_ldsFalse_gfx950,0.0217,30.49,600.46
gfx950,256,64,2624,6144,False,torch.bfloat16,torch.bfloat16,False,False,flydsl,3985,3,14.1569,flydsl_gemm7_abf16_wbf16_bf16_t32x64x64_split_k3_block_m_warp1_block_n_warp2_block_k_warp1_async_copyTrue_b_to_ldsTrue_b_preshuffleFalse_c_to_ldsFalse_gfx950,0.0101,145.77,2356.87
gfx950,256,64,32,6144,False,torch.bfloat16,torch.bfloat16,False,False,torch,0,0,8.1827,native,0.0,3.08,144.66
gfx950,256,64,4096,2048,False,torch.bfloat16,torch.bfloat16,False,False,flydsl,3181,1,8.6927,flydsl_gemm4_abf16_wbf16_bf16_t16x64x128_split_k1_block_m_warp1_block_n_warp1_block_k_warp2_async_copyTrue_b_to_ldsTrue_b_preshuffleFalse_c_to_ldsFalse_gfx950,0.0034,123.52,2020.51
gfx950,256,64,6144,3072,False,torch.bfloat16,torch.bfloat16,False,False,flydsl,4016,1,13.2611,flydsl_gemm3_abf16_wbf16_bf16_t32x64x256_split_k1_block_m_warp1_block_n_warp2_block_k_warp2_async_copyTrue_b_to_ldsTrue_b_preshuffleFalse_c_to_ldsFalse_gfx950,0.0043,182.18,2935.53
gfx950,256,64,6144,4096,False,torch.bfloat16,torch.bfloat16,False,False,flydsl,2331,1,16.7063,flydsl_gemm3_abf16_wbf16_bf16_t32x64x256_split_k1_block_m_warp2_block_n_warp1_block_k_warp2_async_copyTrue_b_to_ldsTrue_b_preshuffleFalse_c_to_ldsFalse_gfx950,0.0047,192.82,3091.19
gfx950,256,64,6144,6144,False,torch.bfloat16,torch.bfloat16,False,False,flydsl,6346,2,22.8561,flydsl_gemm4_abf16_wbf16_bf16_t64x64x128_split_k2_block_m_warp2_block_n_warp2_block_k_warp2_async_copyTrue_b_to_ldsTrue_b_preshuffleFalse_c_to_ldsFalse_gfx950,0.0136,211.4,3371.98
gfx950,256,8,128,6144,False,torch.bfloat16,torch.bfloat16,False,False,flydsl,4881,12,4.5522,flydsl_gemm6_abf16_wbf16_bf16_t16x64x64_split_k12_block_m_warp1_block_n_warp2_block_k_warp1_async_copyTrue_b_to_ldsTrue_b_preshuffleFalse_c_to_ldsFalse_gfx950,0.0205,2.76,367.56
gfx950,256,8,256,6144,False,torch.bfloat16,torch.bfloat16,False,False,flydsl,6603,12,5.2817,flydsl_gemm7_abf16_wbf16_bf16_t16x64x64_split_k12_block_m_warp1_block_n_warp2_block_k_warp1_async_copyTrue_b_to_ldsTrue_b_preshuffleFalse_c_to_ldsFalse_gfx950,0.0239,4.76,614.98
gfx950,256,8,2624,6144,False,torch.bfloat16,torch.bfloat16,False,False,flydsl,2151,6,8.8699,flydsl_gemm5_abf16_wbf16_bf16_t16x64x64_split_k6_block_m_warp1_block_n_warp1_block_k_warp2_async_copyTrue_b_to_ldsTrue_b_preshuffleFalse_c_to_ldsFalse_gfx950,0.0236,29.08,3651.0
gfx950,256,8,32,6144,False,torch.bfloat16,torch.bfloat16,False,False,torch,0,0,8.9937,native,0.0,0.35,54.71
gfx950,256,8,4096,2048,False,torch.bfloat16,torch.bfloat16,False,False,flydsl,3780,4,6.5843,flydsl_gemm7_abf16_wbf16_bf16_t16x64x64_split_k4_block_m_warp1_block_n_warp2_block_k_warp1_async_copyTrue_b_to_ldsTrue_b_preshuffleFalse_c_to_ldsFalse_gfx950,0.0086,20.38,2562.99
gfx950,256,8,6144,3072,False,torch.bfloat16,torch.bfloat16,False,False,flydsl,5119,2,9.6277,flydsl_gemm5_abf16_wbf16_bf16_t16x64x128_split_k2_block_m_warp1_block_n_warp2_block_k_warp1_async_copyTrue_b_to_ldsTrue_b_preshuffleFalse_c_to_ldsFalse_gfx950,0.0043,31.37,3936.16
gfx950,256,8,6144,4096,False,torch.bfloat16,torch.bfloat16,False,False,flydsl,1424,4,11.8444,flydsl_gemm3_abf16_wbf16_bf16_t16x64x64_split_k4_block_m_warp1_block_n_warp2_block_k_warp1_async_copyTrue_b_to_ldsTrue_b_preshuffleFalse_c_to_ldsFalse_gfx950,0.0117,34.0,4263.24
gfx942,80,16,6144,3072,False,torch.bfloat16,torch.bfloat16,False,False,opus,10301,0,27.883,opus_gemm_gfx942_wkc_512x16x32x32_1x1_16x16x16_0x0x0,0.0,21.66,1364.4
gfx942,80,8,6144,4096,False,torch.bfloat16,torch.bfloat16,False,False,opus,10301,0,34.4629,opus_gemm_gfx942_wkc_512x16x32x32_1x1_16x16x16_0x0x0,0.0,11.68,1465.21
gfx942,80,16,6144,4096,False,torch.bfloat16,torch.bfloat16,False,False,opus,10301,0,34.8629,opus_gemm_gfx942_wkc_512x16x32x32_1x1_16x16x16_0x0x0,0.0,23.1,1453.1
gfx942,80,8,32,6144,False,torch.bfloat16,torch.bfloat16,False,False,opus,10300,0,8.4056,opus_gemm_gfx942_wkc_512x16x16x64_1x1_16x16x16_0x0x0,0.0,0.37,58.54
gfx942,80,16,32,6144,False,torch.bfloat16,torch.bfloat16,False,False,opus,10300,0,8.8163,opus_gemm_gfx942_wkc_512x16x16x64_1x1_16x16x16_0x0x0,0.0,0.71,67.02
gfx942,80,48,32,6144,False,torch.bfloat16,torch.bfloat16,False,False,opus,10300,0,9.7083,opus_gemm_gfx942_wkc_512x16x16x64_1x1_16x16x16_0x0x0,0.0,1.94,101.57
gfx942,80,64,32,6144,False,torch.bfloat16,torch.bfloat16,False,False,opus,10300,0,9.5767,opus_gemm_gfx942_wkc_512x16x16x64_1x1_16x16x16_0x0x0,0.0,2.63,123.61
gfx942,80,128,32,6144,False,torch.bfloat16,torch.bfloat16,False,False,opus,10300,0,10.2587,opus_gemm_gfx942_wkc_512x16x16x64_1x1_16x16x16_0x0x0,0.0,4.91,192.45
gfx942,80,16384,32,6144,False,torch.bfloat16,torch.bfloat16,False,False,opus,10302,0,156.3505,opus_gemm_gfx942_wkc_512x32x16x64_1x1_16x16x16_0x0x0,0.0,41.21,1296.88
gfx942,80,4,6144,6144,False,torch.bfloat16,torch.bfloat16,False,False,opus,10300,0,47.3828,opus_gemm_gfx942_wkc_512x16x16x64_1x1_16x16x16_0x0x0,0.0,6.37,1595.43
gfx942,80,1,160,6144,False,torch.bfloat16,torch.bfloat16,False,False,skinny,2,0,6.0738,sol2,0.0,0.32,325.77
gfx942,80,2,160,6144,False,torch.bfloat16,torch.bfloat16,False,False,opus,10300,0,7.0128,opus_gemm_gfx942_wkc_512x16x16x64_1x1_16x16x16_0x0x0,0.0,0.56,283.95
gfx942,80,4,160,6144,False,torch.bfloat16,torch.bfloat16,False,False,opus,10300,0,7.03,opus_gemm_gfx942_wkc_512x16x16x64_1x1_16x16x16_0x0x0,0.0,1.12,286.84
gfx942,80,8,160,6144,False,torch.bfloat16,torch.bfloat16,False,False,opus,10300,0,7.0799,opus_gemm_gfx942_wkc_512x16x16x64_1x1_16x16x16_0x0x0,0.0,2.22,291.95
gfx942,80,16,160,6144,False,torch.bfloat16,torch.bfloat16,False,False,torch,0,0,9.0034,native,0.0,3.49,240.78
gfx942,80,24,160,6144,False,torch.bfloat16,torch.bfloat16,False,False,opus,10300,0,9.2424,opus_gemm_gfx942_wkc_512x16x16x64_1x1_16x16x16_0x0x0,0.0,5.11,245.46
gfx942,80,32,160,6144,False,torch.bfloat16,torch.bfloat16,False,False,opus,10300,0,9.7899,opus_gemm_gfx942_wkc_512x16x16x64_1x1_16x16x16_0x0x0,0.0,6.43,242.04
gfx942,80,48,160,6144,False,torch.bfloat16,torch.bfloat16,False,False,opus,10300,0,10.0646,opus_gemm_gfx942_wkc_512x16x16x64_1x1_16x16x16_0x0x0,0.0,9.38,255.48
gfx942,80,64,160,6144,False,torch.bfloat16,torch.bfloat16,False,False,opus,10300,0,9.1916,opus_gemm_gfx942_wkc_512x16x16x64_1x1_16x16x16_0x0x0,0.0,13.69,301.69
gfx942,80,96,160,6144,False,torch.bfloat16,torch.bfloat16,False,False,opus,10300,0,9.2498,opus_gemm_gfx942_wkc_512x16x16x64_1x1_16x16x16_0x0x0,0.0,20.41,343.41
gfx942,80,128,160,6144,False,torch.bfloat16,torch.bfloat16,False,False,opus,10305,0,11.3174,opus_gemm_gfx942_wkc_512x16x32x64_1x1_16x16x16_0x0x0,0.0,22.24,316.32
gfx942,80,192,160,6144,False,torch.bfloat16,torch.bfloat16,False,False,opus,10302,0,11.223,opus_gemm_gfx942_wkc_512x32x16x64_1x1_16x16x16_0x0x0,0.0,33.64,390.88
gfx942,80,256,160,6144,False,torch.bfloat16,torch.bfloat16,False,False,opus,10302,0,11.6386,opus_gemm_gfx942_wkc_512x32x16x64_1x1_16x16x16_0x0x0,0.0,43.25,446.25
gfx942,80,384,160,6144,False,torch.bfloat16,torch.bfloat16,False,False,opus,10302,0,21.0876,opus_gemm_gfx942_wkc_512x32x16x64_1x1_16x16x16_0x0x0,0.0,35.8,322.82
gfx942,80,512,160,6144,False,torch.bfloat16,torch.bfloat16,False,False,torch,0,0,22.271,native,0.0,45.2,378.13
gfx942,80,768,160,6144,False,torch.bfloat16,torch.bfloat16,False,False,opus,10204,6,25.9411,opus_gemm_gfx942_splitk_em3en4_lds1_pgr2_256x128x96x128_2x2_16x16x16_0x0x0,0.0,58.21,449.06
gfx942,80,1024,160,6144,False,torch.bfloat16,torch.bfloat16,False,False,opus,10204,5,29.3571,opus_gemm_gfx942_splitk_em3en4_lds1_pgr2_256x128x96x128_2x2_16x16x16_0x0x0,0.0,68.58,506.75
gfx942,80,1536,160,6144,False,torch.bfloat16,torch.bfloat16,False,False,opus,10204,3,39.0517,opus_gemm_gfx942_splitk_em3en4_lds1_pgr2_256x128x96x128_2x2_16x16x16_0x0x0,0.0,77.33,546.25
gfx942,80,2048,160,6144,False,torch.bfloat16,torch.bfloat16,False,False,opus,10204,5,52.586,opus_gemm_gfx942_splitk_em3en4_lds1_pgr2_256x128x96x128_2x2_16x16x16_0x0x0,0.0003,76.57,528.42
gfx942,80,3072,160,6144,False,torch.bfloat16,torch.bfloat16,False,False,opus,10204,3,70.6337,opus_gemm_gfx942_splitk_em3en4_lds1_pgr2_256x128x96x128_2x2_16x16x16_0x0x0,0.0,85.51,576.18
gfx942,80,4096,160,6144,False,torch.bfloat16,torch.bfloat16,False,False,opus,10204,1,93.8685,opus_gemm_gfx942_splitk_em3en4_lds1_pgr2_256x128x96x128_2x2_16x16x16_0x0x0,0.0,85.79,571.1
gfx942,80,8192,160,6144,False,torch.bfloat16,torch.bfloat16,False,False,torch,0,0,151.3114,native,0.0,106.44,695.59
gfx942,80,16384,160,6144,False,torch.bfloat16,torch.bfloat16,False,False,torch,0,0,200.1622,native,0.0,160.93,1041.83
gfx942,80,32768,160,6144,False,torch.bfloat16,torch.bfloat16,False,False,torch,0,0,420.4288,native,0.0,153.24,987.34
gfx942,80,1,256,6144,False,torch.bfloat16,torch.bfloat16,False,False,opus,10311,0,4.9398,opus_gemm_gfx942_wkc_accum_512x16x32x32_1x1_16x16x16_0x0x0,0.0234,0.64,639.4
gfx942,80,2,256,6144,False,torch.bfloat16,torch.bfloat16,False,False,opus,10311,0,4.9586,opus_gemm_gfx942_wkc_accum_512x16x32x32_1x1_16x16x16_0x0x0,0.0195,1.27,639.56
gfx942,80,4,256,6144,False,torch.bfloat16,torch.bfloat16,False,False,opus,10311,0,5.3272,opus_gemm_gfx942_wkc_accum_512x16x32x32_1x1_16x16x16_0x0x0,0.0186,2.36,600.11
gfx942,80,8,256,6144,False,torch.bfloat16,torch.bfloat16,False,False,opus,10310,0,4.9466,opus_gemm_gfx942_wkc_accum_256x16x16x64_1x1_16x16x16_0x0x0,0.0181,5.09,656.64
gfx942,80,16,256,6144,False,torch.bfloat16,torch.bfloat16,False,False,opus,10311,0,5.2814,opus_gemm_gfx942_wkc_accum_512x16x32x32_1x1_16x16x16_0x0x0,0.021,9.53,634.4
gfx942,80,24,256,6144,False,torch.bfloat16,torch.bfloat16,False,False,opus,10313,0,6.2673,opus_gemm_gfx942_wkc_accum_256x32x32x64_1x1_16x16x16_0x0x0,0.02,12.05,550.94
gfx942,80,32,256,6144,False,torch.bfloat16,torch.bfloat16,False,False,asm,1,16,7.9053,_ZN5aiter39bf16gemm_fp32bf16_tn_32x64_splitk_cleanE,0.0308,12.73,449.74
gfx942,80,48,256,6144,False,torch.bfloat16,torch.bfloat16,False,False,asm,3,16,8.3769,_ZN5aiter39bf16gemm_fp32bf16_tn_48x64_splitk_cleanE,0.0295,18.03,448.87
gfx942,80,64,256,6144,False,torch.bfloat16,torch.bfloat16,False,False,asm,5,16,9.0858,_ZN5aiter39bf16gemm_fp32bf16_tn_64x64_splitk_cleanE,0.03,22.16,436.39
gfx942,80,96,256,6144,False,torch.bfloat16,torch.bfloat16,False,False,asm,3,10,11.0574,_ZN5aiter39bf16gemm_fp32bf16_tn_48x64_splitk_cleanE,0.0231,27.31,395.62
gfx942,80,128,256,6144,False,torch.bfloat16,torch.bfloat16,False,False,opus,10302,0,11.7008,opus_gemm_gfx942_wkc_512x32x16x64_1x1_16x16x16_0x0x0,0.0,34.41,408.87
gfx942,80,192,256,6144,False,torch.bfloat16,torch.bfloat16,False,False,flydsl,769,6,14.7299,flydsl_gemm2_abf16_wbf16_bf16_t64x64x128_split_k6_block_m_warp2_block_n_warp2_block_k_warp2_async_copyFalse_b_to_ldsTrue_b_preshuffleFalse_c_to_ldsFalse_gfx942,0.0248,41.0,380.41
gfx942,80,256,256,6144,False,torch.bfloat16,torch.bfloat16,False,False,asm,5,5,16.6326,_ZN5aiter39bf16gemm_fp32bf16_tn_64x64_splitk_cleanE,0.0156,48.42,386.14
gfx942,80,384,256,6144,False,torch.bfloat16,torch.bfloat16,False,False,asm,8,5,22.1138,_ZN5aiter39bf16gemm_fp32bf16_tn_96x64_splitk_cleanE,0.0146,54.62,364.52
gfx942,80,512,256,6144,False,torch.bfloat16,torch.bfloat16,False,False,opus,10204,6,25.2282,opus_gemm_gfx942_splitk_em3en4_lds1_pgr2_256x128x96x128_2x2_16x16x16_0x0x0,0.0,63.84,384.46
gfx942,80,768,256,6144,False,torch.bfloat16,torch.bfloat16,False,False,opus,10201,3,34.5862,opus_gemm_gfx942_splitk_p1_256x64x64x64_2x2_16x16x16_0x0x0,0.0,69.85,375.18
gfx942,80,1024,256,6144,False,torch.bfloat16,torch.bfloat16,False,False,torch,0,0,35.7927,native,0.0,90.0,454.08
gfx942,80,1536,256,6144,False,torch.bfloat16,torch.bfloat16,False,False,opus,10216,11,47.8542,opus_gemm_gfx942_splitk_quad_mfma32_bf16ws_256x256x256x32_2x2_32x32x8_6x0x0,0.0123,100.97,476.58
gfx942,80,2048,256,6144,False,torch.bfloat16,torch.bfloat16,False,False,opus,10216,0,52.3827,opus_gemm_gfx942_splitk_quad_mfma32_bf16ws_256x256x256x32_2x2_32x32x8_6x0x0,0.012,122.99,560.49
gfx942,80,3072,256,6144,False,torch.bfloat16,torch.bfloat16,False,False,opus,10216,6,78.0534,opus_gemm_gfx942_splitk_quad_mfma32_bf16ws_256x256x256x32_2x2_32x32x8_6x0x0,0.0113,123.81,544.08
gfx942,80,4096,256,6144,False,torch.bfloat16,torch.bfloat16,False,False,opus,10216,10,97.7382,opus_gemm_gfx942_splitk_quad_mfma32_bf16ws_256x256x256x32_2x2_32x32x8_6x0x0,0.012,131.83,568.61
gfx942,80,8192,256,6144,False,torch.bfloat16,torch.bfloat16,False,False,opus,10216,7,178.447,opus_gemm_gfx942_splitk_quad_mfma32_bf16ws_256x256x256x32_2x2_32x32x8_6x0x0,0.0116,144.41,605.24
gfx942,80,16384,256,6144,False,torch.bfloat16,torch.bfloat16,False,False,triton,0,0,336.8619,auto,0.0,153.0,631.89
gfx942,80,32768,256,6144,False,torch.bfloat16,torch.bfloat16,False,False,triton,0,0,650.7827,auto,0.0,158.39,649.34
gfx950,256,1,128,2880,True,torch.bfloat16,torch.bfloat16,False,False,flydsl,1079,9,4.065,flydsl_gemm5_abf16_wbf16_bf16_t16x64x64_split_k9_block_m_warp1_block_n_warp2_block_k_warp1_async_copyTrue_b_to_ldsTrue_b_preshuffleFalse_c_to_ldsFalse_gfx950,0.0391,0.18,182.85
gfx950,256,2,128,2880,True,torch.bfloat16,torch.bfloat16,False,False,flydsl,2015,9,4.0342,flydsl_gemm5_abf16_wbf16_bf16_t16x64x64_split_k9_block_m_warp1_block_n_warp2_block_k_warp1_async_copyTrue_b_to_ldsTrue_b_preshuffleFalse_c_to_ldsFalse_gfx950,0.0117,0.37,185.74
gfx950,256,4,128,2880,True,torch.bfloat16,torch.bfloat16,False,False,flydsl,1079,9,4.0435,flydsl_gemm5_abf16_wbf16_bf16_t16x64x64_split_k9_block_m_warp1_block_n_warp2_block_k_warp1_async_copyTrue_b_to_ldsTrue_b_preshuffleFalse_c_to_ldsFalse_gfx950,0.0137,0.73,188.29
gfx950,256,8,128,2880,True,torch.bfloat16,torch.bfloat16,False,False,flydsl,1079,9,4.1037,flydsl_gemm5_abf16_wbf16_bf16_t16x64x64_split_k9_block_m_warp1_block_n_warp2_block_k_warp1_async_copyTrue_b_to_ldsTrue_b_preshuffleFalse_c_to_ldsFalse_gfx950,0.0156,1.44,191.39
gfx950,256,16,128,2880,True,torch.bfloat16,torch.bfloat16,False,False,flydsl,1744,5,4.0856,flydsl_gemm7_abf16_wbf16_bf16_t16x64x64_split_k5_block_m_warp1_block_n_warp2_block_k_warp1_async_copyTrue_b_to_ldsTrue_b_preshuffleFalse_c_to_ldsFalse_gfx950,0.0117,2.89,204.02
gfx950,256,32,128,2880,True,torch.bfloat16,torch.bfloat16,False,False,flydsl,1079,9,4.133,flydsl_gemm5_abf16_wbf16_bf16_t16x64x64_split_k9_block_m_warp1_block_n_warp2_block_k_warp1_async_copyTrue_b_to_ldsTrue_b_preshuffleFalse_c_to_ldsFalse_gfx950,0.0144,5.71,224.97
gfx950,256,48,128,2880,True,torch.bfloat16,torch.bfloat16,False,False,flydsl,2159,9,4.3526,flydsl_gemm5_abf16_wbf16_bf16_t32x64x64_split_k9_block_m_warp2_block_n_warp2_block_k_warp1_async_copyTrue_b_to_ldsTrue_b_preshuffleFalse_c_to_ldsFalse_gfx950,0.0184,8.13,235.73
gfx950,256,64,128,2880,True,torch.bfloat16,torch.bfloat16,False,False,flydsl,1788,9,4.2294,flydsl_gemm5_abf16_wbf16_bf16_t32x64x64_split_k9_block_m_warp1_block_n_warp4_block_k_warp1_async_copyTrue_b_to_ldsTrue_b_preshuffleFalse_c_to_ldsFalse_gfx950,0.015,11.16,265.36
gfx950,256,80,128,2880,True,torch.bfloat16,torch.bfloat16,False,False,flydsl,3433,9,4.3684,flydsl_gemm5_abf16_wbf16_bf16_t32x64x64_split_k9_block_m_warp1_block_n_warp4_block_k_warp1_async_copyTrue_b_to_ldsTrue_b_preshuffleFalse_c_to_ldsFalse_gfx950,0.0174,13.5,278.95
gfx950,256,96,128,2880,True,torch.bfloat16,torch.bfloat16,False,False,flydsl,3431,9,4.5682,flydsl_gemm5_abf16_wbf16_bf16_t32x64x64_split_k9_block_m_warp1_block_n_warp2_block_k_warp2_async_copyTrue_b_to_ldsTrue_b_preshuffleFalse_c_to_ldsFalse_gfx950,0.023,15.49,287.82
gfx950,256,112,128,2880,True,torch.bfloat16,torch.bfloat16,False,False,flydsl,4953,5,4.5743,flydsl_gemm7_abf16_wbf16_bf16_t16x64x64_split_k5_block_m_warp1_block_n_warp2_block_k_warp1_async_copyTrue_b_to_ldsTrue_b_preshuffleFalse_c_to_ldsFalse_gfx950,0.0115,18.05,308.48
gfx950,256,128,128,2880,True,torch.bfloat16,torch.bfloat16,False,False,flydsl,2792,5,4.6612,flydsl_gemm7_abf16_wbf16_bf16_t16x64x64_split_k5_block_m_warp1_block_n_warp2_block_k_warp1_async_copyTrue_b_to_ldsTrue_b_preshuffleFalse_c_to_ldsFalse_gfx950,0.012,20.25,323.38
gfx950,256,192,128,2880,True,torch.bfloat16,torch.bfloat16,False,False,flydsl,2538,5,4.9687,flydsl_gemm6_abf16_wbf16_bf16_t32x64x64_split_k5_block_m_warp1_block_n_warp2_block_k_warp2_async_copyTrue_b_to_ldsTrue_b_preshuffleFalse_c_to_ldsFalse_gfx950,0.02,28.49,380.85
gfx950,256,256,128,2880,True,torch.bfloat16,torch.bfloat16,False,False,flydsl,2855,5,5.3394,flydsl_gemm7_abf16_wbf16_bf16_t32x64x64_split_k5_block_m_warp1_block_n_warp4_block_k_warp1_async_copyTrue_b_to_ldsTrue_b_preshuffleFalse_c_to_ldsFalse_gfx950,0.0126,35.35,426.52
gfx950,256,320,128,2880,True,torch.bfloat16,torch.bfloat16,False,False,flydsl,2791,5,5.835,flydsl_gemm7_abf16_wbf16_bf16_t16x64x64_split_k5_block_m_warp1_block_n_warp1_block_k_warp2_async_copyTrue_b_to_ldsTrue_b_preshuffleFalse_c_to_ldsFalse_gfx950,0.0189,40.43,456.28
gfx950,256,512,128,2880,True,torch.bfloat16,torch.bfloat16,False,False,flydsl,3025,3,6.9538,flydsl_gemm8_abf16_wbf16_bf16_t16x64x64_split_k3_block_m_warp1_block_n_warp2_block_k_warp1_async_copyTrue_b_to_ldsTrue_b_preshuffleFalse_c_to_ldsFalse_gfx950,0.0094,54.29,548.98
gfx950,256,1024,128,2880,True,torch.bfloat16,torch.bfloat16,False,False,flydsl,2530,3,8.8814,flydsl_gemm6_abf16_wbf16_bf16_t32x64x64_split_k3_block_m_warp1_block_n_warp4_block_k_warp1_async_copyTrue_b_to_ldsTrue_b_preshuffleFalse_c_to_ldsFalse_gfx950,0.0091,85.01,776.64
gfx950,256,2048,128,2880,True,torch.bfloat16,torch.bfloat16,False,False,triton,0,0,10.4933,auto,0.0,143.9,1244.42
gfx950,256,4096,128,2880,True,torch.bfloat16,torch.bfloat16,False,False,flydsl,3075,1,11.879,flydsl_gemm8_abf16_wbf16_bf16_t32x64x64_split_k1_block_m_warp2_block_n_warp1_block_k_warp2_async_copyTrue_b_to_ldsTrue_b_preshuffleFalse_c_to_ldsFalse_gfx950,0.0042,254.22,2136.44
gfx950,256,8192,128,2880,True,torch.bfloat16,torch.bfloat16,False,False,flydsl,2905,1,17.3349,flydsl_gemm7_abf16_wbf16_bf16_t64x64x64_split_k1_block_m_warp2_block_n_warp4_block_k_warp1_async_copyTrue_b_to_ldsTrue_b_preshuffleFalse_c_to_ldsFalse_gfx950,0.0,348.42,2885.53
gfx950,256,16384,128,2880,True,torch.bfloat16,torch.bfloat16,False,False,flydsl,1657,1,25.829,flydsl_gemm4_abf16_wbf16_bf16_t64x128x64_split_k1_block_m_warp2_block_n_warp4_block_k_warp1_async_copyTrue_b_to_ldsTrue_b_preshuffleFalse_c_to_ldsFalse_gfx950,0.0,467.68,3844.65
gfx950,256,1,640,2880,True,torch.bfloat16,torch.bfloat16,False,False,flydsl,2015,9,4.8827,flydsl_gemm5_abf16_wbf16_bf16_t16x64x64_split_k9_block_m_warp1_block_n_warp2_block_k_warp1_async_copyTrue_b_to_ldsTrue_b_preshuffleFalse_c_to_ldsFalse_gfx950,0.0203,0.75,756.43
gfx950,256,2,640,2880,True,torch.bfloat16,torch.bfloat16,False,False,flydsl,2015,9,4.8427,flydsl_gemm5_abf16_wbf16_bf16_t16x64x64_split_k9_block_m_warp1_block_n_warp2_block_k_warp1_async_copyTrue_b_to_ldsTrue_b_preshuffleFalse_c_to_ldsFalse_gfx950,0.0164,1.52,764.14
gfx950,256,4,640,2880,True,torch.bfloat16,torch.bfloat16,False,False,flydsl,2015,9,5.0595,flydsl_gemm5_abf16_wbf16_bf16_t16x64x64_split_k9_block_m_warp1_block_n_warp2_block_k_warp1_async_copyTrue_b_to_ldsTrue_b_preshuffleFalse_c_to_ldsFalse_gfx950,0.0188,2.91,734.18
gfx950,256,8,640,2880,True,torch.bfloat16,torch.bfloat16,False,False,flydsl,1357,9,5.2253,flydsl_gemm4_abf16_wbf16_bf16_t16x64x64_split_k9_block_m_warp1_block_n_warp1_block_k_warp2_async_copyTrue_b_to_ldsTrue_b_preshuffleFalse_c_to_ldsFalse_gfx950,0.026,5.64,716.27
gfx950,256,16,640,2880,True,torch.bfloat16,torch.bfloat16,False,False,flydsl,2015,9,5.1791,flydsl_gemm5_abf16_wbf16_bf16_t16x64x64_split_k9_block_m_warp1_block_n_warp2_block_k_warp1_async_copyTrue_b_to_ldsTrue_b_preshuffleFalse_c_to_ldsFalse_gfx950,0.0183,11.39,733.53
gfx950,256,32,640,2880,True,torch.bfloat16,torch.bfloat16,False,False,flydsl,3837,5,5.8205,flydsl_gemm8_abf16_wbf16_bf16_t16x64x64_split_k5_block_m_warp1_block_n_warp2_block_k_warp1_async_copyTrue_b_to_ldsTrue_b_preshuffleFalse_c_to_ldsFalse_gfx950,0.014,20.27,672.05
gfx950,256,48,640,2880,True,torch.bfloat16,torch.bfloat16,False,False,flydsl,3837,5,5.9651,flydsl_gemm8_abf16_wbf16_bf16_t16x64x64_split_k5_block_m_warp1_block_n_warp2_block_k_warp1_async_copyTrue_b_to_ldsTrue_b_preshuffleFalse_c_to_ldsFalse_gfx950,0.0137,29.66,674.64
gfx950,256,64,640,2880,True,torch.bfloat16,torch.bfloat16,False,False,flydsl,5079,5,6.5393,flydsl_gemm7_abf16_wbf16_bf16_t32x64x64_split_k5_block_m_warp1_block_n_warp4_block_k_warp1_async_copyTrue_b_to_ldsTrue_b_preshuffleFalse_c_to_ldsFalse_gfx950,0.0135,36.08,632.63
gfx950,256,80,640,2880,True,torch.bfloat16,torch.bfloat16,False,False,flydsl,5793,5,6.7244,flydsl_gemm8_abf16_wbf16_bf16_t32x64x64_split_k5_block_m_warp2_block_n_warp1_block_k_warp1_async_copyTrue_b_to_ldsTrue_b_preshuffleFalse_c_to_ldsFalse_gfx950,0.0135,43.86,631.97
gfx950,256,96,640,2880,True,torch.bfloat16,torch.bfloat16,False,False,flydsl,5793,5,7.0863,flydsl_gemm8_abf16_wbf16_bf16_t32x64x64_split_k5_block_m_warp2_block_n_warp1_block_k_warp1_async_copyTrue_b_to_ldsTrue_b_preshuffleFalse_c_to_ldsFalse_gfx950,0.0133,49.94,615.59
gfx950,256,112,640,2880,True,torch.bfloat16,torch.bfloat16,False,False,flydsl,5657,3,7.4238,flydsl_gemm8_abf16_wbf16_bf16_t16x64x64_split_k3_block_m_warp1_block_n_warp1_block_k_warp2_async_copyTrue_b_to_ldsTrue_b_preshuffleFalse_c_to_ldsFalse_gfx950,0.0165,55.62,602.77
gfx950,256,128,640,2880,True,torch.bfloat16,torch.bfloat16,False,False,flydsl,5049,3,7.6578,flydsl_gemm6_abf16_wbf16_bf16_t16x64x64_split_k3_block_m_warp1_block_n_warp1_block_k_warp2_async_copyTrue_b_to_ldsTrue_b_preshuffleFalse_c_to_ldsFalse_gfx950,0.0162,61.62,599.07
gfx950,256,256,640,2880,True,torch.bfloat16,torch.bfloat16,False,False,flydsl,4281,3,9.6702,flydsl_gemm5_abf16_wbf16_bf16_t32x64x64_split_k3_block_m_warp1_block_n_warp4_block_k_warp1_async_copyTrue_b_to_ldsTrue_b_preshuffleFalse_c_to_ldsFalse_gfx950,0.0091,97.59,567.58
gfx950,256,1,2560,2880,True,torch.bfloat16,torch.bfloat16,False,False,flydsl,4545,5,5.8449,flydsl_gemm7_abf16_wbf16_bf16_t16x64x64_split_k5_block_m_warp1_block_n_warp2_block_k_warp1_async_copyTrue_b_to_ldsTrue_b_preshuffleFalse_c_to_ldsFalse_gfx950,0.0148,2.52,2524.68
gfx950,256,2,2560,2880,True,torch.bfloat16,torch.bfloat16,False,False,flydsl,3761,5,6.1856,flydsl_gemm6_abf16_wbf16_bf16_t16x64x64_split_k5_block_m_warp1_block_n_warp1_block_k_warp1_async_copyTrue_b_to_ldsTrue_b_preshuffleFalse_c_to_ldsFalse_gfx950,0.0129,4.77,2387.38
gfx950,256,4,2560,2880,True,torch.bfloat16,torch.bfloat16,False,False,flydsl,4545,5,6.0998,flydsl_gemm7_abf16_wbf16_bf16_t16x64x64_split_k5_block_m_warp1_block_n_warp2_block_k_warp1_async_copyTrue_b_to_ldsTrue_b_preshuffleFalse_c_to_ldsFalse_gfx950,0.0129,9.67,2424.53
gfx950,256,8,2560,2880,True,torch.bfloat16,torch.bfloat16,False,False,flydsl,2947,5,6.1546,flydsl_gemm5_abf16_wbf16_bf16_t16x64x64_split_k5_block_m_warp1_block_n_warp1_block_k_warp2_async_copyTrue_b_to_ldsTrue_b_preshuffleFalse_c_to_ldsFalse_gfx950,0.0203,19.17,2410.01
gfx950,256,16,2560,2880,True,torch.bfloat16,torch.bfloat16,False,False,flydsl,3763,5,6.8198,flydsl_gemm6_abf16_wbf16_bf16_t16x64x64_split_k5_block_m_warp1_block_n_warp1_block_k_warp2_async_copyTrue_b_to_ldsTrue_b_preshuffleFalse_c_to_ldsFalse_gfx950,0.0197,34.59,2187.7
gfx950,256,32,2560,2880,True,torch.bfloat16,torch.bfloat16,False,False,flydsl,3757,3,7.9143,flydsl_gemm6_abf16_wbf16_bf16_t16x64x64_split_k3_block_m_warp1_block_n_warp1_block_k_warp2_async_copyTrue_b_to_ldsTrue_b_preshuffleFalse_c_to_ldsFalse_gfx950,0.0157,59.62,1907.15
gfx950,256,48,2560,2880,True,torch.bfloat16,torch.bfloat16,False,False,flydsl,5401,3,8.5571,flydsl_gemm8_abf16_wbf16_bf16_t32x64x64_split_k3_block_m_warp1_block_n_warp4_block_k_warp1_async_copyTrue_b_to_ldsTrue_b_preshuffleFalse_c_to_ldsFalse_gfx950,0.0092,82.71,1784.23
gfx950,256,64,2560,2880,True,torch.bfloat16,torch.bfloat16,False,False,flydsl,6901,3,9.6049,flydsl_gemm7_abf16_wbf16_bf16_t32x64x64_split_k3_block_m_warp1_block_n_warp4_block_k_warp1_async_copyTrue_b_to_ldsTrue_b_preshuffleFalse_c_to_ldsFalse_gfx950,0.0092,98.25,1607.71
gfx950,256,80,2560,2880,True,torch.bfloat16,torch.bfloat16,False,False,flydsl,5899,3,10.8801,flydsl_gemm6_abf16_wbf16_bf16_t32x64x64_split_k3_block_m_warp2_block_n_warp2_block_k_warp1_async_copyTrue_b_to_ldsTrue_b_preshuffleFalse_c_to_ldsFalse_gfx950,0.0093,108.42,1435.28
gfx950,256,96,2560,2880,True,torch.bfloat16,torch.bfloat16,False,False,flydsl,3290,1,11.1774,flydsl_gemm8_abf16_wbf16_bf16_t16x64x64_split_k1_block_m_warp1_block_n_warp2_block_k_warp1_async_copyTrue_b_to_ldsTrue_b_preshuffleFalse_c_to_ldsFalse_gfx950,0.0,126.65,1412.68
gfx950,256,112,2560,2880,True,torch.bfloat16,torch.bfloat16,False,False,flydsl,7821,1,11.8488,flydsl_gemm8_abf16_wbf16_bf16_t32x64x64_split_k1_block_m_warp1_block_n_warp2_block_k_warp2_async_copyTrue_b_to_ldsTrue_b_preshuffleFalse_c_to_ldsFalse_gfx950,0.0041,139.38,1347.32
gfx950,256,128,2560,2880,True,torch.bfloat16,torch.bfloat16,False,False,flydsl,3129,1,12.1148,flydsl_gemm6_abf16_wbf16_bf16_t32x64x64_split_k1_block_m_warp1_block_n_warp4_block_k_warp1_async_copyTrue_b_to_ldsTrue_b_preshuffleFalse_c_to_ldsFalse_gfx950,0.0,155.8,1332.11
gfx950,256,256,2560,2880,True,torch.bfloat16,torch.bfloat16,False,False,flydsl,9121,1,15.0155,flydsl_gemm8_abf16_wbf16_bf16_t64x64x64_split_k1_block_m_warp2_block_n_warp2_block_k_warp2_async_copyTrue_b_to_ldsTrue_b_preshuffleFalse_c_to_ldsFalse_gfx950,0.0042,251.4,1167.52
gfx950,256,1,2880,512,True,torch.bfloat16,torch.bfloat16,False,False,triton,0,0,4.0943,auto,0.0,0.72,721.96
gfx950,256,2,2880,512,True,torch.bfloat16,torch.bfloat16,False,False,flydsl,2702,1,4.1919,flydsl_gemm6_abf16_wbf16_bf16_t16x64x64_split_k1_block_m_warp1_block_n_warp2_block_k_warp1_async_copyTrue_b_to_ldsTrue_b_preshuffleFalse_c_to_ldsFalse_gfx950,0.0,1.41,706.76
gfx950,256,4,2880,512,True,torch.bfloat16,torch.bfloat16,False,False,triton,0,0,3.6821,auto,0.0,3.2,808.3
gfx950,256,8,2880,512,True,torch.bfloat16,torch.bfloat16,False,False,triton,0,0,4.147,auto,0.0,5.69,724.23
gfx950,256,16,2880,512,True,torch.bfloat16,torch.bfloat16,False,False,triton,0,0,2.9408,auto,0.0,16.05,1039.74
gfx950,256,32,2880,512,True,torch.bfloat16,torch.bfloat16,False,False,triton,0,0,3.5169,auto,0.0,26.83,900.28
gfx950,256,48,2880,512,True,torch.bfloat16,torch.bfloat16,False,False,flydsl,3676,1,4.283,flydsl_gemm8_abf16_wbf16_bf16_t16x64x64_split_k1_block_m_warp1_block_n_warp2_block_k_warp1_async_copyTrue_b_to_ldsTrue_b_preshuffleFalse_c_to_ldsFalse_gfx950,0.0,33.05,764.59
gfx950,256,64,2880,512,True,torch.bfloat16,torch.bfloat16,False,False,triton,0,0,3.7445,auto,0.0,50.41,903.54
gfx950,256,80,2880,512,True,torch.bfloat16,torch.bfloat16,False,False,flydsl,5027,1,4.4823,flydsl_gemm8_abf16_wbf16_bf16_t32x64x64_split_k1_block_m_warp1_block_n_warp4_block_k_warp1_async_copyTrue_b_to_ldsTrue_b_preshuffleFalse_c_to_ldsFalse_gfx950,0.0,52.64,779.03
gfx950,256,96,2880,512,True,torch.bfloat16,torch.bfloat16,False,False,flydsl,5027,1,4.5643,flydsl_gemm8_abf16_wbf16_bf16_t32x64x64_split_k1_block_m_warp1_block_n_warp4_block_k_warp1_async_copyTrue_b_to_ldsTrue_b_preshuffleFalse_c_to_ldsFalse_gfx950,0.0,62.03,788.81
gfx950,256,112,2880,512,True,torch.bfloat16,torch.bfloat16,False,False,flydsl,4508,1,4.6583,flydsl_gemm7_abf16_wbf16_bf16_t32x64x64_split_k1_block_m_warp2_block_n_warp2_block_k_warp1_async_copyTrue_b_to_ldsTrue_b_preshuffleFalse_c_to_ldsFalse_gfx950,0.0,70.91,796.2
gfx950,256,128,2880,512,True,torch.bfloat16,torch.bfloat16,False,False,triton,0,0,4.5758,auto,0.0,82.5,834.27
gfx950,256,256,2880,512,True,torch.bfloat16,torch.bfloat16,False,False,flydsl,4089,1,5.2854,flydsl_gemm5_abf16_wbf16_bf16_t64x64x64_split_k1_block_m_warp4_block_n_warp2_block_k_warp1_async_copyTrue_b_to_ldsTrue_b_preshuffleFalse_c_to_ldsFalse_gfx950,0.0,142.84,886.56
gfx950,256,1,2880,2048,True,torch.bfloat16,torch.bfloat16,False,False,flydsl,4561,4,5.5663,flydsl_gemm8_abf16_wbf16_bf16_t16x64x64_split_k4_block_m_warp1_block_n_warp1_block_k_warp1_async_copyTrue_b_to_ldsTrue_b_preshuffleFalse_c_to_ldsFalse_gfx950,0.0094,2.12,2121.04
gfx950,256,2,2880,2048,True,torch.bfloat16,torch.bfloat16,False,False,flydsl,4565,4,5.5641,flydsl_gemm8_abf16_wbf16_bf16_t16x64x64_split_k4_block_m_warp1_block_n_warp2_block_k_warp1_async_copyTrue_b_to_ldsTrue_b_preshuffleFalse_c_to_ldsFalse_gfx950,0.0106,4.24,2123.65
gfx950,256,4,2880,2048,True,torch.bfloat16,torch.bfloat16,False,False,flydsl,4565,4,5.7636,flydsl_gemm8_abf16_wbf16_bf16_t16x64x64_split_k4_block_m_warp1_block_n_warp2_block_k_warp1_async_copyTrue_b_to_ldsTrue_b_preshuffleFalse_c_to_ldsFalse_gfx950,0.0085,8.19,2053.56
gfx950,256,8,2880,2048,True,torch.bfloat16,torch.bfloat16,False,False,flydsl,4045,4,5.8395,flydsl_gemm7_abf16_wbf16_bf16_t16x64x64_split_k4_block_m_warp1_block_n_warp1_block_k_warp1_async_copyTrue_b_to_ldsTrue_b_preshuffleFalse_c_to_ldsFalse_gfx950,0.0094,16.16,2033.62
gfx950,256,16,2880,2048,True,torch.bfloat16,torch.bfloat16,False,False,flydsl,4047,4,6.3039,flydsl_gemm7_abf16_wbf16_bf16_t16x64x64_split_k4_block_m_warp1_block_n_warp1_block_k_warp2_async_copyTrue_b_to_ldsTrue_b_preshuffleFalse_c_to_ldsFalse_gfx950,0.0163,29.94,1896.31
gfx950,256,32,2880,2048,True,torch.bfloat16,torch.bfloat16,False,False,triton,0,0,7.3185,auto,0.0,51.58,1654.97
gfx950,256,48,2880,2048,True,torch.bfloat16,torch.bfloat16,False,False,flydsl,4155,2,8.129,flydsl_gemm7_abf16_wbf16_bf16_t32x64x64_split_k2_block_m_warp1_block_n_warp2_block_k_warp2_async_copyTrue_b_to_ldsTrue_b_preshuffleFalse_c_to_ldsFalse_gfx950,0.0108,69.66,1509.36
gfx950,256,64,2880,2048,True,torch.bfloat16,torch.bfloat16,False,False,flydsl,4917,2,8.6943,flydsl_gemm6_abf16_wbf16_bf16_t32x64x64_split_k2_block_m_warp1_block_n_warp4_block_k_warp1_async_copyTrue_b_to_ldsTrue_b_preshuffleFalse_c_to_ldsFalse_gfx950,0.0051,86.84,1429.36
gfx950,256,80,2880,2048,True,torch.bfloat16,torch.bfloat16,False,False,flydsl,6119,1,9.1371,flydsl_gemm8_abf16_wbf16_bf16_t32x64x64_split_k1_block_m_warp2_block_n_warp1_block_k_warp2_async_copyTrue_b_to_ldsTrue_b_preshuffleFalse_c_to_ldsFalse_gfx950,0.0033,103.28,1377.35
gfx950,256,96,2880,2048,True,torch.bfloat16,torch.bfloat16,False,False,flydsl,2895,1,9.404,flydsl_gemm4_abf16_wbf16_bf16_t32x64x128_split_k1_block_m_warp1_block_n_warp4_block_k_warp1_async_copyTrue_b_to_ldsTrue_b_preshuffleFalse_c_to_ldsFalse_gfx950,0.0,120.42,1355.03
gfx950,256,112,2880,2048,True,torch.bfloat16,torch.bfloat16,False,False,flydsl,2895,1,9.665,flydsl_gemm4_abf16_wbf16_bf16_t32x64x128_split_k1_block_m_warp1_block_n_warp4_block_k_warp1_async_copyTrue_b_to_ldsTrue_b_preshuffleFalse_c_to_ldsFalse_gfx950,0.0,136.7,1334.75
gfx950,256,128,2880,2048,True,torch.bfloat16,torch.bfloat16,False,False,flydsl,5455,1,10.0113,flydsl_gemm6_abf16_wbf16_bf16_t32x64x128_split_k1_block_m_warp2_block_n_warp1_block_k_warp2_async_copyTrue_b_to_ldsTrue_b_preshuffleFalse_c_to_ldsFalse_gfx950,0.0034,150.82,1304.33
gfx950,256,256,2880,2048,True,torch.bfloat16,torch.bfloat16,False,False,flydsl,3749,1,11.7801,flydsl_gemm4_abf16_wbf16_bf16_t64x64x128_split_k1_block_m_warp4_block_n_warp2_block_k_warp1_async_copyTrue_b_to_ldsTrue_b_preshuffleFalse_c_to_ldsFalse_gfx950,0.0,256.36,1215.58
gfx950,256,1,2880,4096,True,torch.bfloat16,torch.bfloat16,False,False,flydsl,4565,4,7.047,flydsl_gemm8_abf16_wbf16_bf16_t16x64x64_split_k4_block_m_warp1_block_n_warp2_block_k_warp1_async_copyTrue_b_to_ldsTrue_b_preshuffleFalse_c_to_ldsFalse_gfx950,0.0146,3.35,3349.92
gfx950,256,2,2880,4096,True,torch.bfloat16,torch.bfloat16,False,False,flydsl,936,4,7.1749,flydsl_gemm4_abf16_wbf16_bf16_t16x64x128_split_k4_block_m_warp1_block_n_warp2_block_k_warp1_async_copyTrue_b_to_ldsTrue_b_preshuffleFalse_c_to_ldsFalse_gfx950,0.0128,6.58,3292.15
gfx950,256,4,2880,4096,True,torch.bfloat16,torch.bfloat16,False,False,flydsl,3413,4,7.2101,flydsl_gemm6_abf16_wbf16_bf16_t16x64x128_split_k4_block_m_warp1_block_n_warp2_block_k_warp1_async_copyTrue_b_to_ldsTrue_b_preshuffleFalse_c_to_ldsFalse_gfx950,0.0135,13.09,3279.95
gfx950,256,8,2880,4096,True,torch.bfloat16,torch.bfloat16,False,False,flydsl,1300,4,7.4427,flydsl_gemm5_abf16_wbf16_bf16_t16x64x128_split_k4_block_m_warp1_block_n_warp2_block_k_warp1_async_copyTrue_b_to_ldsTrue_b_preshuffleFalse_c_to_ldsFalse_gfx950,0.0126,25.36,3184.94
gfx950,256,16,2880,4096,True,torch.bfloat16,torch.bfloat16,False,False,flydsl,1616,4,7.8579,flydsl_gemm6_abf16_wbf16_bf16_t16x64x64_split_k4_block_m_warp1_block_n_warp2_block_k_warp1_async_copyTrue_b_to_ldsTrue_b_preshuffleFalse_c_to_ldsFalse_gfx950,0.0141,48.04,3030.86
gfx950,256,32,2880,4096,True,torch.bfloat16,torch.bfloat16,False,False,flydsl,1867,4,9.2888,flydsl_gemm7_abf16_wbf16_bf16_t32x64x64_split_k4_block_m_warp1_block_n_warp4_block_k_warp1_async_copyTrue_b_to_ldsTrue_b_preshuffleFalse_c_to_ldsFalse_gfx950,0.0132,81.28,2588.0
gfx950,256,48,2880,4096,True,torch.bfloat16,torch.bfloat16,False,False,flydsl,2941,4,11.2963,flydsl_gemm5_abf16_wbf16_bf16_t48x64x64_split_k4_block_m_warp1_block_n_warp2_block_k_warp1_async_copyTrue_b_to_ldsTrue_b_preshuffleFalse_c_to_ldsFalse_gfx950,0.013,100.25,2147.84
gfx950,256,64,2880,4096,True,torch.bfloat16,torch.bfloat16,False,False,triton,0,0,11.4286,auto,0.0,132.12,2142.51
gfx950,256,80,2880,4096,True,torch.bfloat16,torch.bfloat16,False,False,flydsl,1892,2,12.9555,flydsl_gemm5_abf16_wbf16_bf16_t64x64x128_split_k2_block_m_warp1_block_n_warp4_block_k_warp2_async_copyTrue_b_to_ldsTrue_b_preshuffleFalse_c_to_ldsFalse_gfx950,0.0138,145.69,1907.23
gfx950,256,96,2880,4096,True,torch.bfloat16,torch.bfloat16,False,False,flydsl,1481,2,13.5796,flydsl_gemm4_abf16_wbf16_bf16_t64x64x128_split_k2_block_m_warp4_block_n_warp2_block_k_warp1_async_copyTrue_b_to_ldsTrue_b_preshuffleFalse_c_to_ldsFalse_gfx950,0.0066,166.79,1836.02
gfx950,256,112,2880,4096,True,torch.bfloat16,torch.bfloat16,False,False,flydsl,3185,2,14.5345,flydsl_gemm4_abf16_wbf16_bf16_t64x64x128_split_k2_block_m_warp2_block_n_warp4_block_k_warp1_async_copyTrue_b_to_ldsTrue_b_preshuffleFalse_c_to_ldsFalse_gfx950,0.0067,181.8,1730.75
gfx950,256,128,2880,4096,True,torch.bfloat16,torch.bfloat16,False,False,triton,0,0,15.0459,auto,0.0,200.71,1686.76
gfx950,256,192,2880,4096,True,torch.bfloat16,torch.bfloat16,False,False,asm,8,2,19.1397,_ZN5aiter39bf16gemm_fp32bf16_tn_96x64_splitk_cleanE,0.0048,236.67,1372.63
gfx950,256,256,2880,4096,True,torch.bfloat16,torch.bfloat16,False,False,triton,0,0,20.3649,auto,0.0,296.58,1333.9
gfx950,256,320,2880,4096,True,torch.bfloat16,torch.bfloat16,False,False,flydsl,1760,1,22.1973,flydsl_gemm4_abf16_wbf16_bf16_t64x64x128_split_k1_block_m_warp4_block_n_warp2_block_k_warp1_async_copyTrue_b_to_ldsTrue_b_preshuffleFalse_c_to_ldsFalse_gfx950,0.0,340.12,1264.01
gfx950,256,512,2880,4096,True,torch.bfloat16,torch.bfloat16,False,False,flydsl,1492,1,28.5121,flydsl_gemm4_abf16_wbf16_bf16_t128x64x64_split_k1_block_m_warp4_block_n_warp2_block_k_warp1_async_copyTrue_b_to_ldsTrue_b_preshuffleFalse_c_to_ldsFalse_gfx950,0.0,423.67,1078.01
gfx950,256,1024,2880,4096,True,torch.bfloat16,torch.bfloat16,False,False,flydsl,746,1,45.0311,flydsl_gemm2_abf16_wbf16_bf16_t96x64x128_split_k1_block_m_warp2_block_n_warp1_block_k_warp1_async_copyTrue_b_to_ldsTrue_b_preshuffleFalse_c_to_ldsFalse_gfx950,0.0,536.5,841.19
gfx950,256,2048,2880,4096,True,torch.bfloat16,torch.bfloat16,False,False,opus,5008,0,70.6411,opus_gemm_512x128x256x64_2x4_16x16x32_0x0x0_4g_safe,0.0,684.0,738.47
gfx950,256,4096,2880,4096,True,torch.bfloat16,torch.bfloat16,False,False,opus,5009,0,109.914,opus_gemm_512x256x256x64_2x4_16x16x32_0x0x0_4g_safe,0.0,879.2,734.58
gfx950,256,8192,2880,4096,True,torch.bfloat16,torch.bfloat16,False,False,opus,2009,0,197.9205,opus_gemm_512x256x256x64_2x4_16x16x32_0x0x0_cA1cB17,0.0,976.52,696.68
gfx950,256,16384,2880,4096,True,torch.bfloat16,torch.bfloat16,False,False,opus,2009,0,331.4024,opus_gemm_512x256x256x64_2x4_16x16x32_0x0x0_cA1cB17,0.0,1166.4,760.96
gfx950,256,1,5120,2880,True,torch.bfloat16,torch.bfloat16,False,False,flydsl,1897,3,7.7863,flydsl_gemm6_abf16_wbf16_bf16_t16x64x64_split_k3_block_m_warp1_block_n_warp2_block_k_warp1_async_copyTrue_b_to_ldsTrue_b_preshuffleFalse_c_to_ldsFalse_gfx950,0.01,3.79,3789.63
gfx950,256,2,5120,2880,True,torch.bfloat16,torch.bfloat16,False,False,flydsl,2449,3,7.9572,flydsl_gemm8_abf16_wbf16_bf16_t16x64x64_split_k3_block_m_warp1_block_n_warp2_block_k_warp1_async_copyTrue_b_to_ldsTrue_b_preshuffleFalse_c_to_ldsFalse_gfx950,0.0094,7.41,3710.25
gfx950,256,4,5120,2880,True,torch.bfloat16,torch.bfloat16,False,False,flydsl,5251,3,7.9943,flydsl_gemm8_abf16_wbf16_bf16_t16x64x64_split_k3_block_m_warp1_block_n_warp2_block_k_warp1_async_copyTrue_b_to_ldsTrue_b_preshuffleFalse_c_to_ldsFalse_gfx950,0.0096,14.76,3697.03
gfx950,256,8,5120,2880,True,torch.bfloat16,torch.bfloat16,False,False,flydsl,5251,3,8.1986,flydsl_gemm8_abf16_wbf16_bf16_t16x64x64_split_k3_block_m_warp1_block_n_warp2_block_k_warp1_async_copyTrue_b_to_ldsTrue_b_preshuffleFalse_c_to_ldsFalse_gfx950,0.0088,28.78,3612.71
gfx950,256,16,5120,2880,True,torch.bfloat16,torch.bfloat16,False,False,flydsl,5251,3,8.6447,flydsl_gemm8_abf16_wbf16_bf16_t16x64x64_split_k3_block_m_warp1_block_n_warp2_block_k_warp1_async_copyTrue_b_to_ldsTrue_b_preshuffleFalse_c_to_ldsFalse_gfx950,0.0095,54.58,3441.09
gfx950,256,32,5120,2880,True,torch.bfloat16,torch.bfloat16,False,False,flydsl,2271,3,10.4444,flydsl_gemm7_abf16_wbf16_bf16_t32x64x64_split_k3_block_m_warp2_block_n_warp1_block_k_warp1_async_copyTrue_b_to_ldsTrue_b_preshuffleFalse_c_to_ldsFalse_gfx950,0.0092,90.36,2872.66
gfx950,256,48,5120,2880,True,torch.bfloat16,torch.bfloat16,False,False,flydsl,3183,3,12.281,flydsl_gemm5_abf16_wbf16_bf16_t48x64x64_split_k3_block_m_warp1_block_n_warp2_block_k_warp1_async_copyTrue_b_to_ldsTrue_b_preshuffleFalse_c_to_ldsFalse_gfx950,0.0091,115.27,2463.9
gfx950,256,64,5120,2880,True,torch.bfloat16,torch.bfloat16,False,False,flydsl,3289,1,12.2022,flydsl_gemm8_abf16_wbf16_bf16_t16x64x64_split_k1_block_m_warp1_block_n_warp1_block_k_warp2_async_copyTrue_b_to_ldsTrue_b_preshuffleFalse_c_to_ldsFalse_gfx950,0.0042,154.68,2500.79
gfx950,256,80,5120,2880,True,torch.bfloat16,torch.bfloat16,False,False,flydsl,7823,1,12.386,flydsl_gemm8_abf16_wbf16_bf16_t32x64x64_split_k1_block_m_warp1_block_n_warp4_block_k_warp1_async_copyTrue_b_to_ldsTrue_b_preshuffleFalse_c_to_ldsFalse_gfx950,0.0,190.48,2484.35
gfx950,256,96,5120,2880,True,torch.bfloat16,torch.bfloat16,False,False,flydsl,7829,1,13.1754,flydsl_gemm8_abf16_wbf16_bf16_t32x64x64_split_k1_block_m_warp2_block_n_warp2_block_k_warp1_async_copyTrue_b_to_ldsTrue_b_preshuffleFalse_c_to_ldsFalse_gfx950,0.0,214.88,2354.93
gfx950,256,112,5120,2880,True,torch.bfloat16,torch.bfloat16,False,False,flydsl,3475,1,14.6942,flydsl_gemm4_abf16_wbf16_bf16_t32x64x64_split_k1_block_m_warp1_block_n_warp2_block_k_warp1_async_copyTrue_b_to_ldsTrue_b_preshuffleFalse_c_to_ldsFalse_gfx950,0.0,224.78,2128.95
gfx950,256,128,5120,2880,True,torch.bfloat16,torch.bfloat16,False,False,flydsl,4331,1,14.4701,flydsl_gemm4_abf16_wbf16_bf16_t32x64x64_split_k1_block_m_warp1_block_n_warp2_block_k_warp1_async_copyTrue_b_to_ldsTrue_b_preshuffleFalse_c_to_ldsFalse_gfx950,0.0,260.87,2179.61
gfx950,256,192,5120,2880,True,torch.bfloat16,torch.bfloat16,False,False,flydsl,2845,1,15.8942,flydsl_gemm5_abf16_wbf16_bf16_t64x64x64_split_k1_block_m_warp2_block_n_warp4_block_k_warp1_async_copyTrue_b_to_ldsTrue_b_preshuffleFalse_c_to_ldsFalse_gfx950,0.0,356.25,2048.75
gfx950,256,256,5120,2880,True,torch.bfloat16,torch.bfloat16,False,False,flydsl,2321,1,17.8572,flydsl_gemm4_abf16_wbf16_bf16_t64x64x64_split_k1_block_m_warp1_block_n_warp1_block_k_warp2_async_copyTrue_b_to_ldsTrue_b_preshuffleFalse_c_to_ldsFalse_gfx950,0.0042,422.78,1880.88
gfx950,256,320,5120,2880,True,torch.bfloat16,torch.bfloat16,False,False,flydsl,2402,1,19.9781,flydsl_gemm4_abf16_wbf16_bf16_t80x64x64_split_k1_block_m_warp1_block_n_warp2_block_k_warp1_async_copyTrue_b_to_ldsTrue_b_preshuffleFalse_c_to_ldsFalse_gfx950,0.0,472.38,1732.46
gfx950,256,512,5120,2880,True,torch.bfloat16,torch.bfloat16,False,False,flydsl,1062,1,27.0753,flydsl_gemm3_abf16_wbf16_bf16_t128x64x64_split_k1_block_m_warp4_block_n_warp1_block_k_warp1_async_copyTrue_b_to_ldsTrue_b_preshuffleFalse_c_to_ldsFalse_gfx950,0.0,557.69,1391.79
gfx950,256,1024,5120,2880,True,torch.bfloat16,torch.bfloat16,False,False,flydsl,792,1,45.3827,flydsl_gemm2_abf16_wbf16_bf16_t96x128x64_split_k1_block_m_warp2_block_n_warp2_block_k_warp1_async_copyTrue_b_to_ldsTrue_b_preshuffleFalse_c_to_ldsFalse_gfx950,0.0,665.43,1010.85
gfx950,256,2048,5120,2880,True,torch.bfloat16,torch.bfloat16,False,False,flydsl,1796,1,88.1229,flydsl_gemm4_abf16_wbf16_bf16_t128x128x64_split_k1_block_m_warp4_block_n_warp2_block_k_warp1_async_copyTrue_b_to_ldsTrue_b_preshuffleFalse_c_to_ldsFalse_gfx950,0.0,685.38,706.5
gfx950,256,4096,5120,2880,True,torch.bfloat16,torch.bfloat16,False,False,flydsl,1167,1,140.9515,flydsl_gemm3_abf16_wbf16_bf16_t256x128x64_split_k1_block_m_warp4_block_n_warp2_block_k_warp2_async_copyTrue_b_to_ldsTrue_b_preshuffleFalse_c_to_ldsFalse_gfx950,0.0042,857.0,674.18
gfx950,256,8192,5120,2880,True,torch.bfloat16,torch.bfloat16,False,False,flydsl,1167,1,240.8619,flydsl_gemm3_abf16_wbf16_bf16_t256x128x64_split_k1_block_m_warp4_block_n_warp2_block_k_warp2_async_copyTrue_b_to_ldsTrue_b_preshuffleFalse_c_to_ldsFalse_gfx950,0.0042,1003.03,666.62
gfx950,256,16384,5120,2880,True,torch.bfloat16,torch.bfloat16,False,False,triton,0,0,443.3406,auto,0.0,1089.87,657.81
gfx950,256,1,201088,2880,False,torch.bfloat16,torch.bfloat16,False,False,triton,0,0,175.9884,auto,0.0,6.58,6583.81
gfx950,256,2,201088,2880,False,torch.bfloat16,torch.bfloat16,False,False,triton,0,0,175.4143,auto,0.0,13.21,6607.69
gfx950,256,4,201088,2880,False,torch.bfloat16,torch.bfloat16,False,False,triton,0,0,172.8587,auto,0.0,26.8,6710.1
gfx950,256,8,201088,2880,False,torch.bfloat16,torch.bfloat16,False,False,triton,0,0,186.858,auto,0.0,49.59,6216.11
gfx950,256,16,201088,2880,False,torch.bfloat16,torch.bfloat16,False,False,flydsl,1070,1,199.6183,flydsl_gemm5_abf16_wbf16_bf16_t16x64x64_split_k1_block_m_warp1_block_n_warp2_block_k_warp1_async_copyTrue_b_to_ldsTrue_b_preshuffleFalse_c_to_ldsFalse_gfx950,0.0,92.84,5835.11
gfx950,256,32,201088,2880,False,torch.bfloat16,torch.bfloat16,False,False,flydsl,769,1,204.1681,flydsl_gemm4_abf16_wbf16_bf16_t32x64x64_split_k1_block_m_warp1_block_n_warp4_block_k_warp1_async_copyTrue_b_to_ldsTrue_b_preshuffleFalse_c_to_ldsFalse_gfx950,0.0,181.54,5737.04
gfx950,256,64,201088,2880,False,torch.bfloat16,torch.bfloat16,False,False,flydsl,808,1,220.1908,flydsl_gemm3_abf16_wbf16_bf16_t64x128x64_split_k1_block_m_warp4_block_n_warp2_block_k_warp1_async_copyTrue_b_to_ldsTrue_b_preshuffleFalse_c_to_ldsFalse_gfx950,0.0,336.66,5378.86
gfx950,256,128,201088,2880,False,torch.bfloat16,torch.bfloat16,False,False,flydsl,663,1,256.4661,flydsl_gemm3_abf16_wbf16_bf16_t128x128x64_split_k1_block_m_warp2_block_n_warp4_block_k_warp1_async_copyTrue_b_to_ldsTrue_b_preshuffleFalse_c_to_ldsFalse_gfx950,0.0,578.08,4719.85
gfx950,256,192,201088,2880,False,torch.bfloat16,torch.bfloat16,False,False,flydsl,1809,1,454.4436,flydsl_gemm4_abf16_wbf16_bf16_t96x128x64_split_k1_block_m_warp1_block_n_warp4_block_k_warp1_async_copyTrue_b_to_ldsTrue_b_preshuffleFalse_c_to_ldsFalse_gfx950,0.0,489.36,2721.11
gfx950,256,256,201088,2880,False,torch.bfloat16,torch.bfloat16,False,False,flydsl,847,1,365.6329,flydsl_gemm3_abf16_wbf16_bf16_t256x128x64_split_k1_block_m_warp4_block_n_warp2_block_k_warp2_async_copyTrue_b_to_ldsTrue_b_preshuffleFalse_c_to_ldsFalse_gfx950,0.0042,810.97,3453.46
gfx950,256,320,201088,2880,False,torch.bfloat16,torch.bfloat16,False,False,flydsl,847,1,631.1663,flydsl_gemm3_abf16_wbf16_bf16_t256x128x64_split_k1_block_m_warp4_block_n_warp2_block_k_warp2_async_copyTrue_b_to_ldsTrue_b_preshuffleFalse_c_to_ldsFalse_gfx950,0.0041,587.24,2041.94
gfx950,256,512,201088,2880,False,torch.bfloat16,torch.bfloat16,False,False,flydsl,848,1,679.0021,flydsl_gemm3_abf16_wbf16_bf16_t256x128x64_split_k1_block_m_warp4_block_n_warp4_block_k_warp1_async_copyTrue_b_to_ldsTrue_b_preshuffleFalse_c_to_ldsFalse_gfx950,0.0,873.39,2013.44
gfx950,256,1024,201088,2880,False,torch.bfloat16,torch.bfloat16,False,False,flydsl,848,1,1311.6003,flydsl_gemm3_abf16_wbf16_bf16_t256x128x64_split_k1_block_m_warp4_block_n_warp4_block_k_warp1_async_copyTrue_b_to_ldsTrue_b_preshuffleFalse_c_to_ldsFalse_gfx950,0.0,904.29,1201.58
gfx950,256,2048,201088,2880,False,torch.bfloat16,torch.bfloat16,False,False,flydsl,846,1,2697.2492,flydsl_gemm3_abf16_wbf16_bf16_t256x128x64_split_k1_block_m_warp4_block_n_warp2_block_k_warp1_async_copyTrue_b_to_ldsTrue_b_preshuffleFalse_c_to_ldsFalse_gfx950,0.0,879.46,739.17
gfx950,256,4096,201088,2880,False,torch.bfloat16,torch.bfloat16,False,False,triton,0,0,4391.8473,auto,0.0,1080.24,644.19
gfx950,256,8192,201088,2880,False,torch.bfloat16,torch.bfloat16,False,False,triton,0,0,8754.4219,auto,0.0,1083.85,514.03
gfx950,256,16384,201088,2880,False,torch.bfloat16,torch.bfloat16,False,False,triton,0,0,17856.7668,auto,0.0,1062.74,439.16
gfx1250,256,1,128,2880,True,torch.bfloat16,torch.bfloat16,False,False,triton,0,0,0.0,auto,0.0,0.0,0.0
gfx1250,256,2,128,2880,True,torch.bfloat16,torch.bfloat16,False,False,triton,0,0,0.0,auto,0.0,0.0,0.0
gfx1250,256,4,128,2880,True,torch.bfloat16,torch.bfloat16,False,False,triton,0,0,0.0,auto,0.0,0.0,0.0
gfx1250,256,8,128,2880,True,torch.bfloat16,torch.bfloat16,False,False,triton,0,0,0.0,auto,0.0,0.0,0.0
gfx1250,256,16,128,2880,True,torch.bfloat16,torch.bfloat16,False,False,triton,0,0,0.0,auto,0.0,0.0,0.0
gfx1250,256,32,128,2880,True,torch.bfloat16,torch.bfloat16,False,False,triton,0,0,0.0,auto,0.0,0.0,0.0
gfx1250,256,48,128,2880,True,torch.bfloat16,torch.bfloat16,False,False,triton,0,0,0.0,auto,0.0,0.0,0.0
gfx1250,256,64,128,2880,True,torch.bfloat16,torch.bfloat16,False,False,triton,0,0,0.0,auto,0.0,0.0,0.0
gfx1250,256,128,128,2880,True,torch.bfloat16,torch.bfloat16,False,False,triton,0,0,0.0,auto,0.0,0.0,0.0
gfx1250,256,256,128,2880,True,torch.bfloat16,torch.bfloat16,False,False,triton,0,0,0.0,auto,0.0,0.0,0.0
gfx1250,256,512,128,2880,True,torch.bfloat16,torch.bfloat16,False,False,triton,0,0,0.0,auto,0.0,0.0,0.0
gfx1250,256,1024,128,2880,True,torch.bfloat16,torch.bfloat16,False,False,triton,0,0,0.0,auto,0.0,0.0,0.0
gfx1250,256,2048,128,2880,True,torch.bfloat16,torch.bfloat16,False,False,triton,0,0,0.0,auto,0.0,0.0,0.0
gfx1250,256,4096,128,2880,True,torch.bfloat16,torch.bfloat16,False,False,triton,0,0,0.0,auto,0.0,0.0,0.0
gfx1250,256,8192,128,2880,True,torch.bfloat16,torch.bfloat16,False,False,triton,0,0,0.0,auto,0.0,0.0,0.0
gfx1250,256,16384,128,2880,True,torch.bfloat16,torch.bfloat16,False,False,triton,0,0,0.0,auto,0.0,0.0,0.0
gfx1250,256,1,2880,4096,True,torch.bfloat16,torch.bfloat16,False,False,triton,0,0,0.0,auto,0.0,0.0,0.0
gfx1250,256,2,2880,4096,True,torch.bfloat16,torch.bfloat16,False,False,triton,0,0,0.0,auto,0.0,0.0,0.0
gfx1250,256,4,2880,4096,True,torch.bfloat16,torch.bfloat16,False,False,triton,0,0,0.0,auto,0.0,0.0,0.0
gfx1250,256,8,2880,4096,True,torch.bfloat16,torch.bfloat16,False,False,triton,0,0,0.0,auto,0.0,0.0,0.0
gfx1250,256,16,2880,4096,True,torch.bfloat16,torch.bfloat16,False,False,triton,0,0,0.0,auto,0.0,0.0,0.0
gfx1250,256,32,2880,4096,True,torch.bfloat16,torch.bfloat16,False,False,triton,0,0,0.0,auto,0.0,0.0,0.0
gfx1250,256,48,2880,4096,True,torch.bfloat16,torch.bfloat16,False,False,triton,0,0,0.0,auto,0.0,0.0,0.0
gfx1250,256,64,2880,4096,True,torch.bfloat16,torch.bfloat16,False,False,triton,0,0,0.0,auto,0.0,0.0,0.0
gfx1250,256,128,2880,4096,True,torch.bfloat16,torch.bfloat16,False,False,triton,0,0,0.0,auto,0.0,0.0,0.0
gfx1250,256,256,2880,4096,True,torch.bfloat16,torch.bfloat16,False,False,triton,0,0,0.0,auto,0.0,0.0,0.0
gfx1250,256,512,2880,4096,True,torch.bfloat16,torch.bfloat16,False,False,triton,0,0,0.0,auto,0.0,0.0,0.0
gfx1250,256,1024,2880,4096,True,torch.bfloat16,torch.bfloat16,False,False,triton,0,0,0.0,auto,0.0,0.0,0.0
gfx1250,256,2048,2880,4096,True,torch.bfloat16,torch.bfloat16,False,False,triton,0,0,0.0,auto,0.0,0.0,0.0
gfx1250,256,4096,2880,4096,True,torch.bfloat16,torch.bfloat16,False,False,triton,0,0,0.0,auto,0.0,0.0,0.0
gfx1250,256,8192,2880,4096,True,torch.bfloat16,torch.bfloat16,False,False,triton,0,0,0.0,auto,0.0,0.0,0.0
gfx1250,256,16384,2880,4096,True,torch.bfloat16,torch.bfloat16,False,False,triton,0,0,0.0,auto,0.0,0.0,0.0
gfx1250,256,1,5120,2880,True,torch.bfloat16,torch.bfloat16,False,False,triton,0,0,0.0,auto,0.0,0.0,0.0
gfx1250,256,2,5120,2880,True,torch.bfloat16,torch.bfloat16,False,False,triton,0,0,0.0,auto,0.0,0.0,0.0
gfx1250,256,4,5120,2880,True,torch.bfloat16,torch.bfloat16,False,False,triton,0,0,0.0,auto,0.0,0.0,0.0
gfx1250,256,8,5120,2880,True,torch.bfloat16,torch.bfloat16,False,False,triton,0,0,0.0,auto,0.0,0.0,0.0
gfx1250,256,16,5120,2880,True,torch.bfloat16,torch.bfloat16,False,False,triton,0,0,0.0,auto,0.0,0.0,0.0
gfx1250,256,32,5120,2880,True,torch.bfloat16,torch.bfloat16,False,False,triton,0,0,0.0,auto,0.0,0.0,0.0
gfx1250,256,48,5120,2880,True,torch.bfloat16,torch.bfloat16,False,False,triton,0,0,0.0,auto,0.0,0.0,0.0
gfx1250,256,64,5120,2880,True,torch.bfloat16,torch.bfloat16,False,False,triton,0,0,0.0,auto,0.0,0.0,0.0
gfx1250,256,128,5120,2880,True,torch.bfloat16,torch.bfloat16,False,False,triton,0,0,0.0,auto,0.0,0.0,0.0
gfx1250,256,256,5120,2880,True,torch.bfloat16,torch.bfloat16,False,False,triton,0,0,0.0,auto,0.0,0.0,0.0
gfx1250,256,512,5120,2880,True,torch.bfloat16,torch.bfloat16,False,False,triton,0,0,0.0,auto,0.0,0.0,0.0
gfx1250,256,1024,5120,2880,True,torch.bfloat16,torch.bfloat16,False,False,triton,0,0,0.0,auto,0.0,0.0,0.0
gfx1250,256,2048,5120,2880,True,torch.bfloat16,torch.bfloat16,False,False,triton,0,0,0.0,auto,0.0,0.0,0.0
gfx1250,256,4096,5120,2880,True,torch.bfloat16,torch.bfloat16,False,False,triton,0,0,0.0,auto,0.0,0.0,0.0
gfx1250,256,8192,5120,2880,True,torch.bfloat16,torch.bfloat16,False,False,triton,0,0,0.0,auto,0.0,0.0,0.0
gfx1250,256,16384,5120,2880,True,torch.bfloat16,torch.bfloat16,False,False,triton,0,0,0.0,auto,0.0,0.0,0.0
gfx1250,256,1,201088,2880,False,torch.bfloat16,torch.bfloat16,False,False,triton,0,0,0.0,auto,0.0,0.0,0.0
gfx1250,256,2,201088,2880,False,torch.bfloat16,torch.bfloat16,False,False,triton,0,0,0.0,auto,0.0,0.0,0.0
gfx1250,256,4,201088,2880,False,torch.bfloat16,torch.bfloat16,False,False,triton,0,0,0.0,auto,0.0,0.0,0.0
gfx1250,256,8,201088,2880,False,torch.bfloat16,torch.bfloat16,False,False,triton,0,0,0.0,auto,0.0,0.0,0.0
gfx1250,256,16,201088,2880,False,torch.bfloat16,torch.bfloat16,False,False,triton,0,0,0.0,auto,0.0,0.0,0.0
gfx1250,256,32,201088,2880,False,torch.bfloat16,torch.bfloat16,False,False,triton,0,0,0.0,auto,0.0,0.0,0.0
gfx1250,256,48,201088,2880,False,torch.bfloat16,torch.bfloat16,False,False,triton,0,0,0.0,auto,0.0,0.0,0.0
gfx1250,256,64,201088,2880,False,torch.bfloat16,torch.bfloat16,False,False,triton,0,0,0.0,auto,0.0,0.0,0.0
gfx1250,256,128,201088,2880,False,torch.bfloat16,torch.bfloat16,False,False,triton,0,0,0.0,auto,0.0,0.0,0.0
gfx1250,256,256,201088,2880,False,torch.bfloat16,torch.bfloat16,False,False,triton,0,0,0.0,auto,0.0,0.0,0.0
gfx1250,256,512,201088,2880,False,torch.bfloat16,torch.bfloat16,False,False,triton,0,0,0.0,auto,0.0,0.0,0.0
gfx1250,256,1024,201088,2880,False,torch.bfloat16,torch.bfloat16,False,False,triton,0,0,0.0,auto,0.0,0.0,0.0
gfx1250,256,2048,201088,2880,False,torch.bfloat16,torch.bfloat16,False,False,triton,0,0,0.0,auto,0.0,0.0,0.0
gfx1250,256,4096,201088,2880,False,torch.bfloat16,torch.bfloat16,False,False,triton,0,0,0.0,auto,0.0,0.0,0.0
gfx1250,256,8192,201088,2880,False,torch.bfloat16,torch.bfloat16,False,False,triton,0,0,0.0,auto,0.0,0.0,0.0
gfx1250,256,16384,201088,2880,False,torch.bfloat16,torch.bfloat16,False,False,triton,0,0,0.0,auto,0.0,0.0,0.0
gfx950,256,1024,384,7168,False,torch.bfloat16,torch.bfloat16,False,False,asm,7,3,20.1108,_ZN5aiter39bf16gemm_fp32bf16_tn_80x64_splitk_cleanE,0.0104,280.3,1042.8
gfx950,256,96,1024,7168,False,torch.bfloat16,torch.bfloat16,False,False,torch,0,0,11.0603,native,0.0142,127.42,1469.48
gfx950,256,32,2112,7168,False,torch.bfloat16,torch.bfloat16,False,False,flydsl,1926,7,10.6796,flydsl_gemm6_abf16_wbf16_bf16_t32x64x64_split_k7_block_m_warp1_block_n_warp4_block_k_warp1_async_copyTrue_b_to_ldsTrue_b_preshuffleFalse_c_to_ldsFalse_gfx950,0.0199,90.72,2890.7
gfx950,256,64,2112,7168,False,torch.bfloat16,torch.bfloat16,False,False,flydsl,2321,7,13.7074,flydsl_gemm5_abf16_wbf16_bf16_t64x64x64_split_k7_block_m_warp2_block_n_warp2_block_k_warp1_async_copyTrue_b_to_ldsTrue_b_preshuffleFalse_c_to_ldsFalse_gfx950,0.0199,141.37,2295.51
gfx950,256,4096,2112,7168,False,torch.bfloat16,torch.bfloat16,False,False,torch,0,0,117.8273,native,0.0,1052.53,902.16
gfx950,256,16384,2112,7168,False,torch.bfloat16,torch.bfloat16,False,False,torch,0,0,480.3821,native,0.0,1032.65,696.04
gfx950,256,1024,3072,1536,False,torch.bfloat16,torch.bfloat16,False,False,flydsl,5322,1,17.6546,flydsl_gemm4_abf16_wbf16_bf16_t128x128x64_split_k1_block_m_warp2_block_n_warp4_block_k_warp1_async_copyTrue_b_to_ldsTrue_b_preshuffleFalse_c_to_ldsFalse_gfx950,0.0,547.37,1069.09
gfx950,256,4096,3072,1536,False,torch.bfloat16,torch.bfloat16,False,False,torch,0,0,40.3383,native,0.0,958.26,1169.75
gfx950,256,16384,3072,1536,False,torch.bfloat16,torch.bfloat16,False,False,torch,0,0,130.6942,native,0.0,1183.06,1227.54
gfx950,256,256,4096,512,False,torch.bfloat16,torch.bfloat16,False,False,flydsl,4620,1,5.2609,flydsl_gemm6_abf16_wbf16_bf16_t64x64x64_split_k1_block_m_warp4_block_n_warp2_block_k_warp1_async_copyTrue_b_to_ldsTrue_b_preshuffleFalse_c_to_ldsFalse_gfx950,0.0,204.1,1245.72
gfx950,256,1024,4096,512,False,torch.bfloat16,torch.bfloat16,False,False,flydsl,2875,1,9.5558,flydsl_gemm4_abf16_wbf16_bf16_t128x128x64_split_k1_block_m_warp4_block_n_warp2_block_k_warp1_async_copyTrue_b_to_ldsTrue_b_preshuffleFalse_c_to_ldsFalse_gfx950,0.0,449.46,1426.51
gfx950,256,4096,4096,512,False,torch.bfloat16,torch.bfloat16,False,False,torch,0,0,20.9336,native,0.0,820.68,2003.62
gfx950,256,16384,4096,512,False,torch.bfloat16,torch.bfloat16,False,False,torch,0,0,80.4652,native,0.0,854.03,1928.65
gfx950,256,96,7168,512,False,torch.bfloat16,torch.bfloat16,False,False,torch,0,0,5.2439,native,0.0,134.37,1680.92
gfx950,256,128,7168,512,False,torch.bfloat16,torch.bfloat16,False,False,torch,0,0,5.4135,native,0.0,173.55,1719.06
gfx950,256,256,7168,512,False,torch.bfloat16,torch.bfloat16,False,False,flydsl,2961,1,6.9191,flydsl_gemm4_abf16_wbf16_bf16_t128x64x64_split_k1_block_m_warp4_block_n_warp1_block_k_warp1_async_copyTrue_b_to_ldsTrue_b_preshuffleFalse_c_to_ldsFalse_gfx950,0.0,271.57,1629.14
gfx950,256,1024,7168,512,False,torch.bfloat16,torch.bfloat16,False,False,flydsl,91,1,13.7628,flydsl_gemm2_abf16_wbf16_bf16_t128x128x64_split_k1_block_m_warp4_block_n_warp4_block_k_warp1_async_copyTrue_b_to_ldsTrue_b_preshuffleFalse_c_to_ldsFalse_gfx950,0.0,546.12,1676.16
gfx950,256,4096,7168,512,False,torch.bfloat16,torch.bfloat16,False,False,asm,10,1,40.9031,_ZN5aiter24bf16gemm_bf16_tn_256x256E,0.0,735.02,1717.59
gfx950,256,16384,7168,512,False,torch.bfloat16,torch.bfloat16,False,False,torch,0,0,131.8454,native,0.0,912.12,1964.41
gfx942,80,128,7168,512,False,torch.bfloat16,torch.bfloat16,False,False,opus,10000,0,14.1933,opus_gemm_gfx942_512x128x128x64_2x4_16x16x16_0x0x0,0.0,66.19,655.67
gfx942,80,256,7168,512,False,torch.bfloat16,torch.bfloat16,False,False,opus,10000,0,27.0618,opus_gemm_gfx942_512x128x128x64_2x4_16x16x16_0x0x0,0.0,69.44,416.54
gfx942,80,1024,7168,512,False,torch.bfloat16,torch.bfloat16,False,False,opus,10000,0,74.6028,opus_gemm_gfx942_512x128x128x64_2x4_16x16x16_0x0x0,0.0,100.75,309.22
gfx950,256,96,384,7168,False,torch.bfloat16,torch.bfloat16,False,False,torch,0,0,8.5424,native,0.0192,61.87,814.17
gfx950,256,144,384,7168,False,torch.bfloat16,torch.bfloat16,False,False,torch,0,0,9.5867,native,0.0201,82.69,801.11
gfx950,256,192,384,7168,False,torch.bfloat16,torch.bfloat16,False,False,torch,0,0,11.076,native,0.0143,95.43,758.85
gfx950,256,208,384,7168,False,torch.bfloat16,torch.bfloat16,False,False,flydsl,3795,4,11.1048,flydsl_gemm4_abf16_wbf16_bf16_t32x64x128_split_k4_block_m_warp2_block_n_warp2_block_k_warp1_async_copyTrue_b_to_ldsTrue_b_preshuffleFalse_c_to_ldsFalse_gfx950,0.0146,103.11,778.64
gfx950,256,256,384,7168,False,torch.bfloat16,torch.bfloat16,False,False,flydsl,4607,4,11.8211,flydsl_gemm5_abf16_wbf16_bf16_t32x64x128_split_k4_block_m_warp1_block_n_warp4_block_k_warp1_async_copyTrue_b_to_ldsTrue_b_preshuffleFalse_c_to_ldsFalse_gfx950,0.0141,119.22,792.79
gfx950,256,288,384,7168,False,torch.bfloat16,torch.bfloat16,False,False,flydsl,3791,4,12.3571,flydsl_gemm4_abf16_wbf16_bf16_t32x64x128_split_k4_block_m_warp1_block_n_warp2_block_k_warp2_async_copyTrue_b_to_ldsTrue_b_preshuffleFalse_c_to_ldsFalse_gfx950,0.0216,128.3,797.52
gfx950,256,384,384,7168,False,torch.bfloat16,torch.bfloat16,False,False,flydsl,3882,4,13.4553,flydsl_gemm4_abf16_wbf16_bf16_t48x64x128_split_k4_block_m_warp1_block_n_warp2_block_k_warp1_async_copyTrue_b_to_ldsTrue_b_preshuffleFalse_c_to_ldsFalse_gfx950,0.0141,157.11,840.19
gfx950,256,16,1024,7168,False,torch.bfloat16,torch.bfloat16,False,False,torch,0,0,7.0733,native,0.0219,33.21,2112.48
gfx950,256,24,1024,7168,False,torch.bfloat16,torch.bfloat16,False,False,torch,0,0,7.6267,native,0.0291,46.2,1976.38
gfx950,256,40,1024,7168,False,torch.bfloat16,torch.bfloat16,False,False,torch,0,0,8.2562,native,0.0196,71.12,1857.44
gfx950,256,56,1024,7168,False,torch.bfloat16,torch.bfloat16,False,False,torch,0,0,9.2053,native,0.0261,89.31,1694.41
gfx950,256,120,1024,7168,False,torch.bfloat16,torch.bfloat16,False,False,torch,0,0,11.7996,native,0.0139,149.29,1410.74
gfx950,256,144,1024,7168,False,torch.bfloat16,torch.bfloat16,False,False,torch,0,0,12.7936,native,0.0145,165.23,1331.87
gfx950,256,192,1024,7168,False,torch.bfloat16,torch.bfloat16,False,False,torch,0,0,14.5624,native,0.0216,193.55,1224.1
gfx950,256,200,1024,7168,False,torch.bfloat16,torch.bfloat16,False,False,flydsl,5010,4,14.5289,flydsl_gemm4_abf16_wbf16_bf16_t64x64x128_split_k4_block_m_warp2_block_n_warp2_block_k_warp2_async_copyTrue_b_to_ldsTrue_b_preshuffleFalse_c_to_ldsFalse_gfx950,0.0216,202.08,1235.94
gfx950,256,208,1024,7168,False,torch.bfloat16,torch.bfloat16,False,False,flydsl,5008,4,14.7296,flydsl_gemm4_abf16_wbf16_bf16_t64x64x128_split_k4_block_m_warp2_block_n_warp1_block_k_warp4_async_copyTrue_b_to_ldsTrue_b_preshuffleFalse_c_to_ldsFalse_gfx950,0.0294,207.3,1228.0
gfx950,256,216,1024,7168,False,torch.bfloat16,torch.bfloat16,False,False,flydsl,3793,4,15.5173,flydsl_gemm3_abf16_wbf16_bf16_t64x64x128_split_k4_block_m_warp1_block_n_warp4_block_k_warp2_async_copyTrue_b_to_ldsTrue_b_preshuffleFalse_c_to_ldsFalse_gfx950,0.022,204.35,1174.11
gfx950,256,248,1024,7168,False,torch.bfloat16,torch.bfloat16,False,False,asm,8,5,16.2802,_ZN5aiter39bf16gemm_fp32bf16_tn_96x64_splitk_cleanE,0.0163,223.62,1151.29
gfx950,256,256,1024,7168,False,torch.bfloat16,torch.bfloat16,False,False,asm,8,5,16.2056,_ZN5aiter39bf16gemm_fp32bf16_tn_96x64_splitk_cleanE,0.0162,231.9,1164.68
gfx950,256,280,1024,7168,False,torch.bfloat16,torch.bfloat16,False,False,asm,8,5,16.5537,_ZN5aiter39bf16gemm_fp32bf16_tn_96x64_splitk_cleanE,0.0164,248.31,1163.94
gfx950,256,288,1024,7168,False,torch.bfloat16,torch.bfloat16,False,False,asm,8,5,16.761,_ZN5aiter39bf16gemm_fp32bf16_tn_96x64_splitk_cleanE,0.0164,252.24,1157.37
gfx950,256,296,1024,7168,False,torch.bfloat16,torch.bfloat16,False,False,asm,7,4,17.4462,_ZN5aiter39bf16gemm_fp32bf16_tn_80x64_splitk_cleanE,0.0137,249.07,1119.43
gfx950,256,304,1024,7168,False,torch.bfloat16,torch.bfloat16,False,False,asm,7,4,17.5321,_ZN5aiter39bf16gemm_fp32bf16_tn_80x64_splitk_cleanE,0.0138,254.55,1121.42
gfx950,256,312,1024,7168,False,torch.bfloat16,torch.bfloat16,False,False,asm,7,4,17.6715,_ZN5aiter39bf16gemm_fp32bf16_tn_80x64_splitk_cleanE,0.0138,259.18,1119.99
gfx950,256,320,1024,7168,False,torch.bfloat16,torch.bfloat16,False,False,asm,7,4,17.6429,_ZN5aiter39bf16gemm_fp32bf16_tn_80x64_splitk_cleanE,0.0138,266.26,1129.23
gfx950,256,328,1024,7168,False,torch.bfloat16,torch.bfloat16,False,False,asm,8,4,17.9591,_ZN5aiter39bf16gemm_fp32bf16_tn_96x64_splitk_cleanE,0.0138,268.11,1116.65
gfx950,256,336,1024,7168,False,torch.bfloat16,torch.bfloat16,False,False,asm,8,4,18.1806,_ZN5aiter39bf16gemm_fp32bf16_tn_96x64_splitk_cleanE,0.0136,271.31,1110.25
gfx950,256,344,1024,7168,False,torch.bfloat16,torch.bfloat16,False,False,asm,8,4,18.1371,_ZN5aiter39bf16gemm_fp32bf16_tn_96x64_splitk_cleanE,0.0137,278.43,1120.14
gfx950,256,384,1024,7168,False,torch.bfloat16,torch.bfloat16,False,False,asm,8,4,18.7156,_ZN5aiter39bf16gemm_fp32bf16_tn_96x64_splitk_cleanE,0.0136,301.2,1120.54
gfx950,256,8,384,7168,False,torch.bfloat16,torch.bfloat16,False,False,torch,0,0,6.0719,native,0.0189,7.25,926.54
gfx950,256,16,384,7168,False,torch.bfloat16,torch.bfloat16,False,False,torch,0,0,6.2911,native,0.0236,14.0,913.46
gfx950,256,24,384,7168,False,torch.bfloat16,torch.bfloat16,False,False,torch,0,0,6.5755,native,0.0229,20.09,892.33
gfx950,256,32,384,7168,False,torch.bfloat16,torch.bfloat16,False,False,torch,0,0,6.8076,native,0.0218,25.88,879.66
gfx950,256,40,384,7168,False,torch.bfloat16,torch.bfloat16,False,False,torch,0,0,6.9619,native,0.021,31.63,877.52
gfx950,256,48,384,7168,False,torch.bfloat16,torch.bfloat16,False,False,torch,0,0,7.2221,native,0.0225,36.59,862.63
gfx950,256,56,384,7168,False,torch.bfloat16,torch.bfloat16,False,False,torch,0,0,7.5631,native,0.0193,40.76,839.71
gfx950,256,64,384,7168,False,torch.bfloat16,torch.bfloat16,False,False,torch,0,0,7.6895,native,0.0226,45.82,841.63
gfx950,256,72,384,7168,False,torch.bfloat16,torch.bfloat16,False,False,torch,0,0,7.762,native,0.0224,51.06,849.33
gfx950,256,80,384,7168,False,torch.bfloat16,torch.bfloat16,False,False,torch,0,0,7.8985,native,0.0221,55.76,849.95
gfx950,256,88,384,7168,False,torch.bfloat16,torch.bfloat16,False,False,torch,0,0,8.3955,native,0.0214,57.7,814.03
gfx950,256,104,384,7168,False,torch.bfloat16,torch.bfloat16,False,False,torch,0,0,8.9433,native,0.0201,64.02,791.19
gfx950,256,112,384,7168,False,torch.bfloat16,torch.bfloat16,False,False,torch,0,0,9.046,native,0.02,68.16,795.56
gfx950,256,120,384,7168,False,torch.bfloat16,torch.bfloat16,False,False,torch,0,0,9.3329,native,0.0211,70.78,784.05
gfx950,256,128,384,7168,False,torch.bfloat16,torch.bfloat16,False,False,torch,0,0,9.7019,native,0.0142,72.63,766.69
gfx950,256,136,384,7168,False,torch.bfloat16,torch.bfloat16,False,False,torch,0,0,9.5652,native,0.0204,78.27,790.28
gfx950,256,168,384,7168,False,torch.bfloat16,torch.bfloat16,False,False,torch,0,0,10.2315,native,0.0142,90.39,786.05
gfx950,256,176,384,7168,False,torch.bfloat16,torch.bfloat16,False,False,torch,0,0,10.6808,native,0.0198,90.71,764.3
gfx950,256,184,384,7168,False,torch.bfloat16,torch.bfloat16,False,False,torch,0,0,10.9946,native,0.0145,92.13,753.48
gfx950,256,200,384,7168,False,torch.bfloat16,torch.bfloat16,False,False,flydsl,3792,4,10.6953,flydsl_gemm4_abf16_wbf16_bf16_t32x64x128_split_k4_block_m_warp1_block_n_warp4_block_k_warp1_async_copyTrue_b_to_ldsTrue_b_preshuffleFalse_c_to_ldsFalse_gfx950,0.014,102.94,797.16
gfx950,256,216,384,7168,False,torch.bfloat16,torch.bfloat16,False,False,flydsl,4652,4,11.2712,flydsl_gemm5_abf16_wbf16_bf16_t32x64x64_split_k4_block_m_warp1_block_n_warp4_block_k_warp1_async_copyTrue_b_to_ldsTrue_b_preshuffleFalse_c_to_ldsFalse_gfx950,0.0145,105.5,777.87
gfx950,256,224,384,7168,False,torch.bfloat16,torch.bfloat16,False,False,flydsl,4606,4,11.574,flydsl_gemm5_abf16_wbf16_bf16_t32x64x128_split_k4_block_m_warp1_block_n_warp2_block_k_warp2_async_copyTrue_b_to_ldsTrue_b_preshuffleFalse_c_to_ldsFalse_gfx950,0.0215,106.54,767.96
gfx950,256,232,384,7168,False,torch.bfloat16,torch.bfloat16,False,False,flydsl,3795,4,11.3172,flydsl_gemm4_abf16_wbf16_bf16_t32x64x128_split_k4_block_m_warp2_block_n_warp2_block_k_warp1_async_copyTrue_b_to_ldsTrue_b_preshuffleFalse_c_to_ldsFalse_gfx950,0.0141,112.85,796.06
gfx950,256,240,384,7168,False,torch.bfloat16,torch.bfloat16,False,False,flydsl,3792,4,11.3047,flydsl_gemm4_abf16_wbf16_bf16_t32x64x128_split_k4_block_m_warp1_block_n_warp4_block_k_warp1_async_copyTrue_b_to_ldsTrue_b_preshuffleFalse_c_to_ldsFalse_gfx950,0.0142,116.87,807.63
gfx950,256,248,384,7168,False,torch.bfloat16,torch.bfloat16,False,False,flydsl,3792,4,11.8748,flydsl_gemm4_abf16_wbf16_bf16_t32x64x128_split_k4_block_m_warp1_block_n_warp4_block_k_warp1_async_copyTrue_b_to_ldsTrue_b_preshuffleFalse_c_to_ldsFalse_gfx950,0.014,114.97,779.03
gfx950,256,264,384,7168,False,torch.bfloat16,torch.bfloat16,False,False,flydsl,3792,4,11.6101,flydsl_gemm4_abf16_wbf16_bf16_t32x64x128_split_k4_block_m_warp1_block_n_warp4_block_k_warp1_async_copyTrue_b_to_ldsTrue_b_preshuffleFalse_c_to_ldsFalse_gfx950,0.0139,125.18,817.61
gfx950,256,272,384,7168,False,torch.bfloat16,torch.bfloat16,False,False,flydsl,4652,4,12.0606,flydsl_gemm5_abf16_wbf16_bf16_t32x64x64_split_k4_block_m_warp1_block_n_warp4_block_k_warp1_async_copyTrue_b_to_ldsTrue_b_preshuffleFalse_c_to_ldsFalse_gfx950,0.0144,124.15,797.08
gfx950,256,280,384,7168,False,torch.bfloat16,torch.bfloat16,False,False,flydsl,4652,4,11.9098,flydsl_gemm5_abf16_wbf16_bf16_t32x64x64_split_k4_block_m_warp1_block_n_warp4_block_k_warp1_async_copyTrue_b_to_ldsTrue_b_preshuffleFalse_c_to_ldsFalse_gfx950,0.0145,129.42,817.32
gfx950,256,296,384,7168,False,torch.bfloat16,torch.bfloat16,False,False,flydsl,4606,4,12.088,flydsl_gemm5_abf16_wbf16_bf16_t32x64x128_split_k4_block_m_warp1_block_n_warp2_block_k_warp2_async_copyTrue_b_to_ldsTrue_b_preshuffleFalse_c_to_ldsFalse_gfx950,0.0217,134.8,825.27
gfx950,256,304,384,7168,False,torch.bfloat16,torch.bfloat16,False,False,flydsl,4610,4,12.2884,flydsl_gemm5_abf16_wbf16_bf16_t32x64x128_split_k4_block_m_warp2_block_n_warp2_block_k_warp1_async_copyTrue_b_to_ldsTrue_b_preshuffleFalse_c_to_ldsFalse_gfx950,0.0134,136.19,821.64
gfx950,256,312,384,7168,False,torch.bfloat16,torch.bfloat16,False,False,flydsl,4606,4,12.6938,flydsl_gemm5_abf16_wbf16_bf16_t32x64x128_split_k4_block_m_warp1_block_n_warp2_block_k_warp2_async_copyTrue_b_to_ldsTrue_b_preshuffleFalse_c_to_ldsFalse_gfx950,0.0215,135.31,804.92
gfx950,256,320,384,7168,False,torch.bfloat16,torch.bfloat16,False,False,flydsl,3791,4,12.7384,flydsl_gemm4_abf16_wbf16_bf16_t32x64x128_split_k4_block_m_warp1_block_n_warp2_block_k_warp2_async_copyTrue_b_to_ldsTrue_b_preshuffleFalse_c_to_ldsFalse_gfx950,0.0215,138.29,811.59
gfx950,256,328,384,7168,False,torch.bfloat16,torch.bfloat16,False,False,flydsl,4035,4,13.2757,flydsl_gemm4_abf16_wbf16_bf16_t64x64x128_split_k4_block_m_warp2_block_n_warp2_block_k_warp2_async_copyTrue_b_to_ldsTrue_b_preshuffleFalse_c_to_ldsFalse_gfx950,0.0217,136.01,787.84
gfx950,256,336,384,7168,False,torch.bfloat16,torch.bfloat16,False,False,flydsl,3023,4,13.2613,flydsl_gemm3_abf16_wbf16_bf16_t64x64x128_split_k4_block_m_warp2_block_n_warp2_block_k_warp2_async_copyTrue_b_to_ldsTrue_b_preshuffleFalse_c_to_ldsFalse_gfx950,0.0221,139.48,797.81
gfx950,256,344,384,7168,False,torch.bfloat16,torch.bfloat16,False,False,flydsl,4929,4,13.0662,flydsl_gemm5_abf16_wbf16_bf16_t64x64x64_split_k4_block_m_warp1_block_n_warp4_block_k_warp1_async_copyTrue_b_to_ldsTrue_b_preshuffleFalse_c_to_ldsFalse_gfx950,0.0137,144.93,818.97
gfx950,256,360,384,7168,False,torch.bfloat16,torch.bfloat16,False,False,flydsl,6064,4,13.2725,flydsl_gemm8_abf16_wbf16_bf16_t64x64x64_split_k4_block_m_warp2_block_n_warp2_block_k_warp1_async_copyTrue_b_to_ldsTrue_b_preshuffleFalse_c_to_ldsFalse_gfx950,0.0139,149.32,824.45
gfx950,256,368,384,7168,False,torch.bfloat16,torch.bfloat16,False,False,flydsl,6012,4,13.131,flydsl_gemm8_abf16_wbf16_bf16_t48x64x64_split_k4_block_m_warp1_block_n_warp2_block_k_warp1_async_copyTrue_b_to_ldsTrue_b_preshuffleFalse_c_to_ldsFalse_gfx950,0.0141,154.28,842.53
gfx950,256,376,384,7168,False,torch.bfloat16,torch.bfloat16,False,False,flydsl,4929,4,14.0708,flydsl_gemm5_abf16_wbf16_bf16_t64x64x64_split_k4_block_m_warp1_block_n_warp4_block_k_warp1_async_copyTrue_b_to_ldsTrue_b_preshuffleFalse_c_to_ldsFalse_gfx950,0.0139,147.11,794.85
gfx950,256,392,384,7168,False,torch.bfloat16,torch.bfloat16,False,False,flydsl,4036,4,13.5819,flydsl_gemm4_abf16_wbf16_bf16_t64x64x128_split_k4_block_m_warp2_block_n_warp4_block_k_warp1_async_copyTrue_b_to_ldsTrue_b_preshuffleFalse_c_to_ldsFalse_gfx950,0.0138,158.89,841.25
gfx950,256,400,384,7168,False,torch.bfloat16,torch.bfloat16,False,False,flydsl,3897,4,13.3051,flydsl_gemm4_abf16_wbf16_bf16_t48x64x64_split_k4_block_m_warp1_block_n_warp2_block_k_warp1_async_copyTrue_b_to_ldsTrue_b_preshuffleFalse_c_to_ldsFalse_gfx950,0.0137,165.5,867.83
gfx950,256,408,384,7168,False,torch.bfloat16,torch.bfloat16,False,False,flydsl,3882,4,13.2528,flydsl_gemm4_abf16_wbf16_bf16_t48x64x128_split_k4_block_m_warp1_block_n_warp2_block_k_warp1_async_copyTrue_b_to_ldsTrue_b_preshuffleFalse_c_to_ldsFalse_gfx950,0.0139,169.48,880.38
gfx950,256,424,384,7168,False,torch.bfloat16,torch.bfloat16,False,False,flydsl,2599,4,14.6523,flydsl_gemm3_abf16_wbf16_bf16_t32x64x128_split_k4_block_m_warp1_block_n_warp4_block_k_warp1_async_copyTrue_b_to_ldsTrue_b_preshuffleFalse_c_to_ldsFalse_gfx950,0.0138,159.3,812.78
gfx950,256,432,384,7168,False,torch.bfloat16,torch.bfloat16,False,False,flydsl,3017,4,14.2718,flydsl_gemm3_abf16_wbf16_bf16_t64x64x128_split_k4_block_m_warp1_block_n_warp4_block_k_warp1_async_copyTrue_b_to_ldsTrue_b_preshuffleFalse_c_to_ldsFalse_gfx950,0.0141,166.63,842.92
gfx950,256,440,384,7168,False,torch.bfloat16,torch.bfloat16,False,False,flydsl,4712,4,14.7879,flydsl_gemm5_abf16_wbf16_bf16_t48x64x64_split_k4_block_m_warp1_block_n_warp2_block_k_warp1_async_copyTrue_b_to_ldsTrue_b_preshuffleFalse_c_to_ldsFalse_gfx950,0.0137,163.8,821.67
gfx950,256,448,384,7168,False,torch.bfloat16,torch.bfloat16,False,False,flydsl,3882,4,14.363,flydsl_gemm4_abf16_wbf16_bf16_t48x64x128_split_k4_block_m_warp1_block_n_warp2_block_k_warp1_async_copyTrue_b_to_ldsTrue_b_preshuffleFalse_c_to_ldsFalse_gfx950,0.0141,171.71,854.39
gfx950,256,456,384,7168,False,torch.bfloat16,torch.bfloat16,False,False,flydsl,3785,2,14.6049,flydsl_gemm4_abf16_wbf16_bf16_t32x64x128_split_k2_block_m_warp2_block_n_warp1_block_k_warp2_async_copyTrue_b_to_ldsTrue_b_preshuffleFalse_c_to_ldsFalse_gfx950,0.0141,171.88,848.51
gfx950,256,464,384,7168,False,torch.bfloat16,torch.bfloat16,False,False,flydsl,5489,4,14.5018,flydsl_gemm6_abf16_wbf16_bf16_t64x64x64_split_k4_block_m_warp2_block_n_warp2_block_k_warp1_async_copyTrue_b_to_ldsTrue_b_preshuffleFalse_c_to_ldsFalse_gfx950,0.0141,176.14,862.88
gfx950,256,472,384,7168,False,torch.bfloat16,torch.bfloat16,False,False,flydsl,6059,4,14.8414,flydsl_gemm8_abf16_wbf16_bf16_t64x64x64_split_k4_block_m_warp1_block_n_warp4_block_k_warp1_async_copyTrue_b_to_ldsTrue_b_preshuffleFalse_c_to_ldsFalse_gfx950,0.0141,175.08,851.27
gfx950,256,488,384,7168,False,torch.bfloat16,torch.bfloat16,False,False,flydsl,4597,2,14.9883,flydsl_gemm5_abf16_wbf16_bf16_t32x64x128_split_k2_block_m_warp1_block_n_warp2_block_k_warp2_async_copyTrue_b_to_ldsTrue_b_preshuffleFalse_c_to_ldsFalse_gfx950,0.0142,179.24,859.06
gfx950,256,496,384,7168,False,torch.bfloat16,torch.bfloat16,False,False,flydsl,3780,2,15.2268,flydsl_gemm4_abf16_wbf16_bf16_t32x64x128_split_k2_block_m_warp1_block_n_warp1_block_k_warp4_async_copyTrue_b_to_ldsTrue_b_preshuffleFalse_c_to_ldsFalse_gfx950,0.0226,179.32,853.54
gfx950,256,504,384,7168,False,torch.bfloat16,torch.bfloat16,False,False,asm,7,5,15.7495,_ZN5aiter39bf16gemm_fp32bf16_tn_80x64_splitk_cleanE,0.0163,176.17,832.88
gfx950,256,512,384,7168,False,torch.bfloat16,torch.bfloat16,False,False,asm,7,5,15.73,_ZN5aiter39bf16gemm_fp32bf16_tn_80x64_splitk_cleanE,0.016,179.18,841.59
gfx950,256,4,2112,7168,False,torch.bfloat16,torch.bfloat16,False,False,flydsl,2110,7,8.3707,flydsl_gemm7_abf16_wbf16_bf16_t16x64x64_split_k7_block_m_warp1_block_n_warp2_block_k_warp1_async_copyTrue_b_to_ldsTrue_b_preshuffleFalse_c_to_ldsFalse_gfx950,0.0183,14.47,3625.97
gfx950,256,8,2112,7168,False,torch.bfloat16,torch.bfloat16,False,False,flydsl,2110,7,8.5527,flydsl_gemm7_abf16_wbf16_bf16_t16x64x64_split_k7_block_m_warp1_block_n_warp2_block_k_warp1_async_copyTrue_b_to_ldsTrue_b_preshuffleFalse_c_to_ldsFalse_gfx950,0.0188,28.32,3557.49
gfx950,256,16,2112,7168,False,torch.bfloat16,torch.bfloat16,False,False,flydsl,1845,7,9.0733,flydsl_gemm6_abf16_wbf16_bf16_t16x64x64_split_k7_block_m_warp1_block_n_warp2_block_k_warp1_async_copyTrue_b_to_ldsTrue_b_preshuffleFalse_c_to_ldsFalse_gfx950,0.0195,53.39,3369.73
gfx950,256,40,2112,7168,False,torch.bfloat16,torch.bfloat16,False,False,flydsl,1501,2,13.9908,flydsl_gemm5_abf16_wbf16_bf16_t32x64x128_split_k2_block_m_warp2_block_n_warp2_block_k_warp1_async_copyTrue_b_to_ldsTrue_b_preshuffleFalse_c_to_ldsFalse_gfx950,0.0057,86.56,2217.17
gfx950,256,72,2112,7168,False,torch.bfloat16,torch.bfloat16,False,False,asm,7,7,15.7765,_ZN5aiter39bf16gemm_fp32bf16_tn_80x64_splitk_cleanE,0.02,138.18,2003.86
gfx950,256,88,2112,7168,False,torch.bfloat16,torch.bfloat16,False,False,asm,8,6,16.0752,_ZN5aiter39bf16gemm_fp32bf16_tn_96x64_splitk_cleanE,0.0179,165.75,1985.1
gfx950,256,360,4096,512,False,torch.bfloat16,torch.bfloat16,False,False,flydsl,3700,1,5.9946,flydsl_gemm4_abf16_wbf16_bf16_t96x64x64_split_k1_block_m_warp2_block_n_warp2_block_k_warp1_async_copyTrue_b_to_ldsTrue_b_preshuffleFalse_c_to_ldsFalse_gfx950,0.0,251.88,1253.14
gfx950,256,1,7168,512,False,torch.bfloat16,torch.bfloat16,False,False,torch,0,0,4.3347,native,0.0,1.69,1696.86
gfx950,256,48,7168,512,False,torch.bfloat16,torch.bfloat16,False,False,torch,0,0,4.665,native,0.0,75.52,1731.47
gfx950,256,72,7168,512,False,torch.bfloat16,torch.bfloat16,False,False,torch,0,0,4.9825,native,0.0,106.07,1695.12
gfx950,256,80,7168,512,False,torch.bfloat16,torch.bfloat16,False,False,torch,0,0,4.9723,native,0.0,118.09,1723.31
gfx950,256,120,7168,512,False,torch.bfloat16,torch.bfloat16,False,False,torch,0,0,5.3391,native,0.0,164.97,1720.0
gfx942,80,168,384,7168,False,torch.bfloat16,torch.bfloat16,False,False,opus,10201,8,20.8034,opus_gemm_gfx942_splitk_p1_256x64x64x64_2x2_16x16x16_0x0x0,0.0,44.46,386.6
gfx942,80,176,384,7168,False,torch.bfloat16,torch.bfloat16,False,False,opus,10201,8,20.632,opus_gemm_gfx942_splitk_p1_256x64x64x64_2x2_16x16x16_0x0x0,0.0,46.96,395.66
gfx942,80,184,384,7168,False,torch.bfloat16,torch.bfloat16,False,False,opus,10201,8,21.0217,opus_gemm_gfx942_splitk_p1_256x64x64x64_2x2_16x16x16_0x0x0,0.0,48.18,394.08
gfx942,80,328,384,7168,False,torch.bfloat16,torch.bfloat16,False,False,opus,10200,8,29.3805,opus_gemm_gfx942_splitk_legacy_512x128x128x64_2x4_16x16x16_0x0x0,0.0,61.46,355.99
gfx942,80,336,384,7168,False,torch.bfloat16,torch.bfloat16,False,False,opus,10200,8,29.5682,opus_gemm_gfx942_splitk_legacy_512x128x128x64_2x4_16x16x16_0x0x0,0.0,62.56,357.82
gfx942,80,344,384,7168,False,torch.bfloat16,torch.bfloat16,False,False,opus,10200,8,29.6615,opus_gemm_gfx942_splitk_legacy_512x128x128x64_2x4_16x16x16_0x0x0,0.0,63.84,360.76
gfx942,80,360,384,7168,False,torch.bfloat16,torch.bfloat16,False,False,opus,10200,8,29.8782,opus_gemm_gfx942_splitk_legacy_512x128x128x64_2x4_16x16x16_0x0x0,0.0,66.33,366.24
gfx942,80,368,384,7168,False,torch.bfloat16,torch.bfloat16,False,False,opus,10200,8,30.0582,opus_gemm_gfx942_splitk_legacy_512x128x128x64_2x4_16x16x16_0x0x0,0.0,67.4,368.06
gfx942,80,376,384,7168,False,torch.bfloat16,torch.bfloat16,False,False,opus,10200,8,30.2422,opus_gemm_gfx942_splitk_legacy_512x128x128x64_2x4_16x16x16_0x0x0,0.0,68.44,369.82
gfx942,80,392,384,7168,False,torch.bfloat16,torch.bfloat16,False,False,opus,10204,0,34.2927,opus_gemm_gfx942_splitk_em3en4_lds1_pgr2_256x128x96x128_2x2_16x16x16_0x0x0,0.0,62.93,333.18
gfx942,80,400,384,7168,False,torch.bfloat16,torch.bfloat16,False,False,opus,10204,0,34.1729,opus_gemm_gfx942_splitk_em3en4_lds1_pgr2_256x128x96x128_2x2_16x16x16_0x0x0,0.0,64.44,337.89
gfx942,80,408,384,7168,False,torch.bfloat16,torch.bfloat16,False,False,opus,10204,0,34.7779,opus_gemm_gfx942_splitk_em3en4_lds1_pgr2_256x128x96x128_2x2_16x16x16_0x0x0,0.0,64.58,335.48
gfx942,80,424,384,7168,False,torch.bfloat16,torch.bfloat16,False,False,opus,10204,0,34.9512,opus_gemm_gfx942_splitk_em3en4_lds1_pgr2_256x128x96x128_2x2_16x16x16_0x0x0,0.0,66.78,340.74
gfx942,80,432,384,7168,False,torch.bfloat16,torch.bfloat16,False,False,opus,10200,6,34.8201,opus_gemm_gfx942_splitk_legacy_512x128x128x64_2x4_16x16x16_0x0x0,0.0,68.3,345.49
gfx942,80,440,384,7168,False,torch.bfloat16,torch.bfloat16,False,False,opus,10200,6,35.0038,opus_gemm_gfx942_splitk_legacy_512x128x128x64_2x4_16x16x16_0x0x0,0.0,69.2,347.13
gfx942,80,448,384,7168,False,torch.bfloat16,torch.bfloat16,False,False,opus,10200,6,35.004,opus_gemm_gfx942_splitk_legacy_512x128x128x64_2x4_16x16x16_0x0x0,0.0,70.46,350.58
gfx942,80,456,384,7168,False,torch.bfloat16,torch.bfloat16,False,False,opus,10200,6,35.1986,opus_gemm_gfx942_splitk_legacy_512x128x128x64_2x4_16x16x16_0x0x0,0.0,71.32,352.07
gfx942,80,464,384,7168,False,torch.bfloat16,torch.bfloat16,False,False,opus,10200,6,35.1434,opus_gemm_gfx942_splitk_legacy_512x128x128x64_2x4_16x16x16_0x0x0,0.0,72.68,356.06
gfx942,80,472,384,7168,False,torch.bfloat16,torch.bfloat16,False,False,opus,10200,6,35.3493,opus_gemm_gfx942_splitk_legacy_512x128x128x64_2x4_16x16x16_0x0x0,0.0,73.51,357.41
gfx942,80,488,384,7168,False,torch.bfloat16,torch.bfloat16,False,False,opus,10200,6,35.6812,opus_gemm_gfx942_splitk_legacy_512x128x128x64_2x4_16x16x16_0x0x0,0.0,75.29,360.86
gfx942,80,504,384,7168,False,torch.bfloat16,torch.bfloat16,False,False,opus,10204,0,37.3063,opus_gemm_gfx942_splitk_em3en4_lds1_pgr2_256x128x96x128_2x2_16x16x16_0x0x0,0.0,74.37,351.61
gfx942,80,360,4096,512,False,torch.bfloat16,torch.bfloat16,False,False,opus,10001,0,24.4607,opus_gemm_gfx942_p1_256x64x64x64_2x2_16x16x16_0x0x0,0.0,61.73,307.11
gfx942,80,1,7168,512,False,torch.bfloat16,torch.bfloat16,False,False,opus,10001,0,9.6876,opus_gemm_gfx942_p1_256x64x64x64_2x2_16x16x16_0x0x0,0.0,0.76,759.26
gfx942,80,48,7168,512,False,torch.bfloat16,torch.bfloat16,False,False,opus,10003,0,10.7835,opus_gemm_gfx942_p1_bk128_256x64x64x128_2x2_16x16x16_0x0x0,0.0,32.67,749.04
gfx942,80,72,7168,512,False,torch.bfloat16,torch.bfloat16,False,False,opus,10000,0,14.5067,opus_gemm_gfx942_512x128x128x64_2x4_16x16x16_0x0x0,0.0,36.43,582.21
gfx942,80,80,7168,512,False,torch.bfloat16,torch.bfloat16,False,False,opus,10000,0,16.2923,opus_gemm_gfx942_512x128x128x64_2x4_16x16x16_0x0x0,0.0,36.04,525.94
gfx942,80,120,7168,512,False,torch.bfloat16,torch.bfloat16,False,False,opus,10000,0,18.7699,opus_gemm_gfx942_512x128x128x64_2x4_16x16x16_0x0x0,0.0,46.93,489.25
gfx942,80,80,384,7168,False,torch.bfloat16,torch.bfloat16,False,False,opus,10302,0,15.0256,opus_gemm_gfx942_wkc_512x32x16x64_1x1_16x16x16_0x0x0,0.0,29.31,446.79
gfx942,80,88,384,7168,False,torch.bfloat16,torch.bfloat16,False,False,opus,10302,0,15.2238,opus_gemm_gfx942_wkc_512x32x16x64_1x1_16x16x16_0x0x0,0.0,31.82,448.91
gfx942,80,512,384,7168,False,torch.bfloat16,torch.bfloat16,False,False,opus,10204,0,37.4748,opus_gemm_gfx942_splitk_em3en4_lds1_pgr2_256x128x96x128_2x2_16x16x16_0x0x0,0.0,75.21,353.26
gfx942,80,24,2112,7168,False,torch.bfloat16,torch.bfloat16,False,False,opus,10303,0,24.4933,opus_gemm_gfx942_wkc_256x32x32x64_1x1_16x16x16_0x0x0,0.0,29.67,1254.35
gfx950,256,1,1024,1536,False,torch.bfloat16,torch.bfloat16,False,False,hipblaslt,439841,0,4.7958,Cijk_Alik_Bljk_BBS_BH_Bias_HA_S_SAV_UserArgs_MT16x16x512_MI16x16x1_SN_LDSB0_AFC0_AFEM1_AFEM1_ASEM1_CLR1_CADS0_DTLA1_DTLB1_DTVA0_DTVB0_EPS0_FDSI0_GRPM1_GRVWA8_GRVWB8_GSU0_GSUAMB_GLS0_ISA950_IU1_K1_LDSTI0_LBSPPA1024_LBSPPB1024_LBSPPM0_LPA16_LPB16_LPM0_LRVW8_LWPMn1_MIAV0_MIWT1_1_MO40_NTn1_NTA6_NTB1_NTC3_NTD0_NTM0_NEPBS14_NLCA1_NLCB1_ONLL1_PGR2_PLR1_PKA1_SIA3_SS1_SPO1_SRVW0_SSO0_SVW1_SK3_SKFTR0_SKXCCM0_TLDS1_ULSGRO0_USL1_UIOFGRO0_USFGRO1_VSn1_VWA1_VWB1_WSGRA0_WSGRB0_WS64_WG16_4_4,0.0,0.66,657.0
gfx950,256,1,1024,4096,False,torch.bfloat16,torch.bfloat16,False,False,flydsl,4023,8,5.7227,flydsl_gemm7_abf16_wbf16_bf16_t16x64x64_split_k8_block_m_warp1_block_n_warp2_block_k_warp1_async_copyTrue_b_to_ldsTrue_b_preshuffleFalse_c_to_ldsFalse_gfx950,0.0234,1.47,1467.64
gfx950,256,2,1024,1536,False,torch.bfloat16,torch.bfloat16,False,False,flydsl,2237,4,4.7475,flydsl_gemm3_abf16_wbf16_bf16_t16x64x128_split_k4_block_m_warp1_block_n_warp2_block_k_warp1_async_copyTrue_b_to_ldsTrue_b_preshuffleFalse_c_to_ldsFalse_gfx950,0.0073,1.33,664.76
gfx950,256,2,1024,4096,False,torch.bfloat16,torch.bfloat16,False,False,flydsl,3659,8,5.7806,flydsl_gemm6_abf16_wbf16_bf16_t16x64x64_split_k8_block_m_warp1_block_n_warp2_block_k_warp1_async_copyTrue_b_to_ldsTrue_b_preshuffleFalse_c_to_ldsFalse_gfx950,0.0239,2.9,1454.71
gfx950,256,4,1024,1536,False,torch.bfloat16,torch.bfloat16,False,False,hipblaslt,439633,0,4.8546,Cijk_Alik_Bljk_BBS_BH_Bias_HA_S_SAV_UserArgs_MT16x16x512_MI16x16x1_SN_LDSB0_AFC0_AFEM1_AFEM1_ASEM1_CLR1_CADS0_DTLA1_DTLB1_DTVA0_DTVB0_EPS0_FDSI0_GRPM1_GRVWA8_GRVWB8_GSU0_GSUAMB_GLS0_ISA950_IU1_K1_LDSTI0_LBSPPA1024_LBSPPB1024_LBSPPM0_LPA16_LPB16_LPM0_LRVW8_LWPMn1_MIAV0_MIWT1_1_MO40_NTn1_NTA7_NTB2_NTC2_NTD0_NTM0_NEPBS4_NLCA1_NLCB1_ONLL1_PGR2_PLR1_PKA1_SIA3_SS0_SPO1_SRVW0_SSO0_SVW1_SK3_SKFTR0_SKXCCM0_TLDS1_ULSGRO0_USL1_UIOFGRO0_USFGRO1_VSn1_VWA1_VWB1_WSGRA0_WSGRB0_WS64_WG16_4_4,0.0,2.59,652.21
gfx950,256,4,1024,4096,False,torch.bfloat16,torch.bfloat16,False,False,flydsl,4023,8,5.9363,flydsl_gemm7_abf16_wbf16_bf16_t16x64x64_split_k8_block_m_warp1_block_n_warp2_block_k_warp1_async_copyTrue_b_to_ldsTrue_b_preshuffleFalse_c_to_ldsFalse_gfx950,0.019,5.65,1420.0
gfx950,256,8,1024,1536,False,torch.bfloat16,torch.bfloat16,False,False,hipblaslt,440906,0,4.9667,Cijk_Alik_Bljk_BBS_BH_Bias_HA_S_SAV_UserArgs_MT16x16x512_MI16x16x1_SN_LDSB0_AFC0_AFEM1_AFEM1_ASEM1_CLR1_CADS0_DTLA1_DTLB1_DTVA0_DTVB0_EPS0_FDSI0_GRPM1_GRVWA8_GRVWB8_GSU0_GSUAMB_GLS0_ISA950_IU1_K1_LDSTI0_LBSPPA1024_LBSPPB1024_LBSPPM0_LPA16_LPB16_LPM0_LRVW8_LWPMn1_MIAV0_MIWT1_1_MO40_NTn1_NTA4_NTB0_NTC2_NTD1_NTM0_NEPBS0_NLCA1_NLCB1_ONLL1_PGR2_PLR1_PKA1_SIA3_SS0_SPO1_SRVW0_SSO0_SVW1_SK3_SKFTR0_SKXCCM0_TLDS2_ULSGRO0_USL1_UIOFGRO0_USFGRO1_VSn1_VWA1_VWB1_WSGRA0_WSGRB0_WS64_WG16_4_4,0.0,5.07,641.61
gfx950,256,16,1024,1536,False,torch.bfloat16,torch.bfloat16,False,False,flydsl,4993,4,4.6455,flydsl_gemm5_abf16_wbf16_bf16_t16x64x64_split_k4_block_m_warp1_block_n_warp2_block_k_warp1_async_copyTrue_b_to_ldsTrue_b_preshuffleFalse_c_to_ldsFalse_gfx950,0.0073,10.83,694.79
gfx950,256,16,1024,4096,False,torch.bfloat16,torch.bfloat16,False,False,flydsl,3659,8,6.2278,flydsl_gemm6_abf16_wbf16_bf16_t16x64x64_split_k8_block_m_warp1_block_n_warp2_block_k_warp1_async_copyTrue_b_to_ldsTrue_b_preshuffleFalse_c_to_ldsFalse_gfx950,0.0188,21.55,1373.27
gfx950,256,24,1024,1536,False,torch.bfloat16,torch.bfloat16,False,False,flydsl,5801,4,5.1879,flydsl_gemm6_abf16_wbf16_bf16_t16x64x64_split_k4_block_m_warp1_block_n_warp2_block_k_warp1_async_copyTrue_b_to_ldsTrue_b_preshuffleFalse_c_to_ldsFalse_gfx950,0.0079,14.55,630.04
gfx950,256,32,1024,1536,False,torch.bfloat16,torch.bfloat16,False,False,flydsl,5801,4,5.2517,flydsl_gemm6_abf16_wbf16_bf16_t16x64x64_split_k4_block_m_warp1_block_n_warp2_block_k_warp1_async_copyTrue_b_to_ldsTrue_b_preshuffleFalse_c_to_ldsFalse_gfx950,0.0077,19.17,630.19
gfx950,256,40,1024,1536,False,torch.bfloat16,torch.bfloat16,False,False,flydsl,3793,3,5.1982,flydsl_gemm4_abf16_wbf16_bf16_t16x64x128_split_k3_block_m_warp1_block_n_warp2_block_k_warp1_async_copyTrue_b_to_ldsTrue_b_preshuffleFalse_c_to_ldsFalse_gfx950,0.0059,24.21,644.56
gfx950,256,40,1024,4096,False,torch.bfloat16,torch.bfloat16,False,False,flydsl,2463,4,7.1374,flydsl_gemm4_abf16_wbf16_bf16_t16x64x256_split_k4_block_m_warp1_block_n_warp1_block_k_warp2_async_copyTrue_b_to_ldsTrue_b_preshuffleFalse_c_to_ldsFalse_gfx950,0.0188,47.01,1232.69
gfx950,256,48,1024,1536,False,torch.bfloat16,torch.bfloat16,False,False,flydsl,6423,3,5.2304,flydsl_gemm7_abf16_wbf16_bf16_t16x64x64_split_k3_block_m_warp1_block_n_warp2_block_k_warp1_async_copyTrue_b_to_ldsTrue_b_preshuffleFalse_c_to_ldsFalse_gfx950,0.0055,28.87,648.42
gfx950,256,56,1024,1536,False,torch.bfloat16,torch.bfloat16,False,False,hipblaslt,441420,0,5.4513,Cijk_Alik_Bljk_BBS_BH_Bias_HA_S_SAV_UserArgs_MT16x16x512_MI16x16x1_SN_LDSB0_AFC0_AFEM1_AFEM1_ASEM1_CLR1_CADS0_DTLA1_DTLB1_DTVA0_DTVB0_EPS0_FDSI0_GRPM1_GRVWA8_GRVWB8_GSU0_GSUAMB_GLS0_ISA950_IU1_K1_LDSTI0_LBSPPA1024_LBSPPB1024_LBSPPM0_LPA16_LPB16_LPM0_LRVW8_LWPMn1_MIAV0_MIWT1_1_MO40_NTn1_NTA0_NTB0_NTC2_NTD1_NTM0_NEPBS0_NLCA1_NLCB1_ONLL1_PGR2_PLR1_PKA1_SIA3_SS0_SPO1_SRVW0_SSO0_SVW1_SK3_SKFTR0_SKXCCM0_TLDS2_ULSGRO0_USL1_UIOFGRO0_USFGRO1_VSn1_VWA1_VWB1_WSGRA0_WSGRB0_WS64_WG16_4_4,0.0,32.32,629.66
gfx950,256,64,1024,1536,False,torch.bfloat16,torch.bfloat16,False,False,hipblaslt,440289,0,5.6641,Cijk_Alik_Bljk_BBS_BH_Bias_HA_S_SAV_UserArgs_MT16x32x512_MI16x16x1_SN_LDSB0_AFC0_AFEM1_AFEM1_ASEM1_CLR0_CADS0_DTLA1_DTLB1_DTVA0_DTVB0_EPS0_FDSI0_GRPM1_GRVWA8_GRVWB8_GSU0_GSUAMB_GLS0_ISA950_IU1_K1_LDSTI0_LBSPPA1024_LBSPPB2048_LBSPPM0_LPA16_LPB16_LPM0_LRVW8_LWPMn1_MIAV1_MIWT1_2_MO40_NTn1_NTA5_NTB0_NTC3_NTD2_NTM0_NEPBS14_NLCA1_NLCB1_ONLL1_PGR2_PLR1_PKA1_SIA3_SS1_SPO0_SRVW0_SSO0_SVW1_SK3_SKFTR0_SKXCCM0_TLDS1_ULSGRO0_USL1_UIOFGRO0_USFGROn1_VSn1_VWA1_VWB2_WSGRA0_WSGRB0_WS64_WG16_4_4,0.0,35.54,613.23
gfx950,256,96,1024,1536,False,torch.bfloat16,torch.bfloat16,False,False,flydsl,6741,2,6.1574,flydsl_gemm5_abf16_wbf16_bf16_t16x64x128_split_k2_block_m_warp1_block_n_warp2_block_k_warp1_async_copyTrue_b_to_ldsTrue_b_preshuffleFalse_c_to_ldsFalse_gfx950,0.0025,49.05,590.71
gfx950,256,128,1024,1536,False,torch.bfloat16,torch.bfloat16,False,False,hipblaslt,440904,0,6.4316,Cijk_Alik_Bljk_BBS_BH_Bias_HA_S_SAV_UserArgs_MT16x32x256_MI16x16x1_SN_LDSB1_AFC0_AFEM1_AFEM1_ASEM1_CLR1_CADS0_DTLA0_DTLB0_DTVA0_DTVB0_EPS0_FDSI0_GRPM1_GRVWA8_GRVWB8_GSU0_GSUAMB_GLS0_ISA950_IU1_K1_LDSTI0_LBSPPA512_LBSPPB512_LBSPPM0_LPA16_LPB16_LPM0_LRVW8_LWPMn1_MIAV0_MIWT1_2_MO40_NTn1_NTA4_NTB0_NTC0_NTD0_NTM0_NEPBS0_NLCA1_NLCB1_ONLL1_PGR2_PLR1_PKA1_SIA3_SS1_SPO0_SRVW0_SSO0_SVW1_SK3_SKFTR0_SKXCCM8_TLDS1_ULSGRO0_USL1_UIOFGRO0_USFGRO0_VSn1_VWA1_VWB1_WSGRA0_WSGRB0_WS64_WG16_4_4,0.0,62.61,591.0
gfx950,256,256,1024,1536,False,torch.bfloat16,torch.bfloat16,False,False,flydsl,5892,1,6.9283,flydsl_gemm4_abf16_wbf16_bf16_t16x64x128_split_k1_block_m_warp1_block_n_warp1_block_k_warp2_async_copyTrue_b_to_ldsTrue_b_preshuffleFalse_c_to_ldsFalse_gfx950,0.0031,116.23,643.22
gfx950,256,512,1024,1536,False,torch.bfloat16,torch.bfloat16,False,False,flydsl,6282,1,8.1995,flydsl_gemm4_abf16_wbf16_bf16_t32x64x128_split_k1_block_m_warp1_block_n_warp4_block_k_warp1_async_copyTrue_b_to_ldsTrue_b_preshuffleFalse_c_to_ldsFalse_gfx950,0.0,196.43,703.36
gfx950,256,1024,1024,1536,False,torch.bfloat16,torch.bfloat16,False,False,flydsl,6734,1,9.6467,flydsl_gemm4_abf16_wbf16_bf16_t64x64x128_split_k1_block_m_warp2_block_n_warp4_block_k_warp1_async_copyTrue_b_to_ldsTrue_b_preshuffleFalse_c_to_ldsFalse_gfx950,0.0,333.92,869.58
gfx950,256,1024,1024,4096,False,torch.bfloat16,torch.bfloat16,False,False,flydsl,3156,1,18.7876,flydsl_gemm3_abf16_wbf16_bf16_t64x64x128_split_k1_block_m_warp2_block_n_warp2_block_k_warp2_async_copyTrue_b_to_ldsTrue_b_preshuffleFalse_c_to_ldsFalse_gfx950,0.005,457.21,1004.62
gfx950,256,2048,1024,1536,False,torch.bfloat16,torch.bfloat16,False,False,flydsl,5724,1,13.2811,flydsl_gemm4_abf16_wbf16_bf16_t128x64x64_split_k1_block_m_warp4_block_n_warp2_block_k_warp1_async_copyTrue_b_to_ldsTrue_b_preshuffleFalse_c_to_ldsFalse_gfx950,0.0,485.08,1026.38
gfx950,256,4096,1024,1536,False,torch.bfloat16,torch.bfloat16,False,False,hipblaslt,440595,0,18.5682,Cijk_Alik_Bljk_BBS_BH_Bias_HA_S_SAV_UserArgs_MT128x128x128_MI16x16x1_SN_LDSB0_AFC0_AFEM1_AFEM1_ASEM1_CLR1_CADS0_DTLA1_DTLB1_DTVA0_DTVB0_EPS0_FDSI0_GRPM1_GRVWA8_GRVWB8_GSU0_GSUAMB_GLS0_ISA950_IU1_K1_LDSTI0_LBSPPA1024_LBSPPB1024_LBSPPM0_LPA16_LPB16_LPM0_LRVW8_LWPMn1_MIAV0_MIWT4_4_MO40_NTn1_NTA0_NTB6_NTC0_NTD6_NTM0_NEPBS16_NLCA1_NLCB1_ONLL1_PGR2_PLR1_PKA1_SIA3_SS1_SPO0_SRVW0_SSO1_SVW4_SK3_SKFTR0_SKXCCM0_TLDS1_ULSGRO0_USL1_UIOFGRO0_USFGRO0_VSn1_VWA4_VWB4_WSGRA0_WSGRB0_WS64_WG32_8_1,0.0,693.92,1298.85
gfx950,256,8192,1024,1536,False,torch.bfloat16,torch.bfloat16,False,False,hipblaslt,440366,0,26.6355,Cijk_Alik_Bljk_BBS_BH_Bias_HA_S_SAV_UserArgs_MT256x128x64_MI16x16x1_SN_LDSB0_AFC1_AFEM1_AFEM1_ASEM1_CLR0_CADS0_DTLA1_DTLB1_DTVA0_DTVB0_EPS0_FDSI0_GRPM1_GRVWA8_GRVWB8_GSU0_GSUAMB_GLS0_ISA950_IU1_K1_LDSTI0_LBSPPA1024_LBSPPB1024_LBSPPM0_LPA16_LPB16_LPM0_LRVW8_LWPMn1_MIAV0_MIWT4_8_MO40_NTn1_NTA3_NTB7_NTC6_NTD6_NTM0_NEPBS12_NLCA1_NLCB1_ONLL1_PGR2_PLR1_PKA1_SIA3_SS1_SPO0_SRVW0_SSO0_SVW4_SK3_SKFTR0_SKXCCM0_TLDS1_ULSGRO0_USL1_UIOFGRO0_USFGRO1_VSn1_VWA4_VWB8_WSGRA0_WSGRB0_WS64_WG64_4_1,0.0,967.5,1692.81
gfx950,256,16384,1024,1536,False,torch.bfloat16,torch.bfloat16,False,False,hipblaslt,440529,0,41.6977,Cijk_Alik_Bljk_BBS_BH_Bias_HA_S_SAV_UserArgs_MT256x256x64_MI16x16x1_CMS_SN_LDSB0_AFC1_AFEM1_AFEM1_ASEM1_CLR1_CADS0_DTLA1_DTLB1_DTVA0_DTVB0_EPS0_FDSI0_GRPM1_GRVWA8_GRVWB8_GSU0_GSUAMB_GLS0_ISA950_IU1_K1_LDSTI0_LBSPPA1024_LBSPPB1024_LBSPPM0_LPA16_LPB16_LPM0_LRVW8_LWPMn1_MIAV0_MIWT8_8_MO40_NTn1_NTA3_NTB0_NTC6_NTD5_NTM0_NEPBS16_NLCA1_NLCB1_ONLL1_PGR2_PLR1_PKA1_SIA3_SS1_SPO1_SRVW0_SSO1_SVW8_SK3_SKFTR0_SKXCCM0_TLDS1_ULSGRO0_USL1_UIOFGRO0_USFGRO0_VSn1_VWA8_VWB8_WSGRA0_WSGRB0_WS64_WG32_8_1,0.0,1236.03,2087.21
gfx950,256,16384,1024,4096,False,torch.bfloat16,torch.bfloat16,False,False,hipblaslt,439464,0,104.1127,Cijk_Alik_Bljk_BBS_BH_Bias_HA_S_SAV_UserArgs_MT256x256x64_MI16x16x1_CMS_SN_LDSB0_AFC0_AFEM1_AFEM1_ASEM1_CLR1_CADS0_DTLA1_DTLB1_DTVA0_DTVB0_EPS0_FDSI0_GRPM1_GRVWA8_GRVWB8_GSU0_GSUAMB_GLS0_ISA950_IU1_K1_LDSTI0_LBSPPA1024_LBSPPB1024_LBSPPM0_LPA16_LPB16_LPM0_LRVW8_LWPMn1_MIAV0_MIWT8_8_MO40_NTn1_NTA3_NTB2_NTC4_NTD4_NTM0_NEPBS16_NLCA1_NLCB1_ONLL1_PGR2_PLR1_PKA1_SIA3_SS1_SPO0_SRVW0_SSO0_SVW8_SK3_SKFTR0_SKXCCM4_TLDS1_ULSGRO0_USL1_UIOFGRO0_USFGRO0_VSn1_VWA8_VWB8_WSGRA0_WSGRB0_WS64_WG32_8_1,0.0,1320.1,1692.02
gfx950,256,24576,1024,1536,False,torch.bfloat16,torch.bfloat16,False,False,hipblaslt,440191,0,71.0111,Cijk_Alik_Bljk_BBS_BH_Bias_HA_S_SAV_UserArgs_MT256x192x64_MI16x16x1_SN_LDSB0_AFC0_AFEM1_AFEM1_ASEM1_CLR0_CADS0_DTLA1_DTLB1_DTVA0_DTVB0_EPS0_FDSI0_GRPM1_GRVWA8_GRVWB8_GSU0_GSUAMB_GLS0_ISA950_IU1_K1_LDSTI0_LBSPPA1024_LBSPPB1024_LBSPPM0_LPA16_LPB16_LPM0_LRVW8_LWPMn1_MIAV0_MIWT16_3_MO40_NTn1_NTA2_NTB1_NTC7_NTD6_NTM0_NEPBS12_NLCA1_NLCB1_ONLL1_PGR2_PLR1_PKA1_SIA3_SS1_SPO1_SRVW0_SSO1_SVW8_SK3_SKFTR0_SKXCCM4_TLDS2_ULSGRO0_USL1_UIOFGRO0_USFGRO0_VSn1_VWA8_VWB1_WSGRA0_WSGRB0_WS64_WG16_16_1,0.0,1088.69,1816.26
gfx950,256,32768,1024,1536,False,torch.bfloat16,torch.bfloat16,False,False,hipblaslt,441024,0,87.1549,Cijk_Alik_Bljk_BBS_BH_Bias_HA_S_SAV_UserArgs_MT256x256x64_MI16x16x1_CMS_SN_LDSB0_AFC0_AFEM1_AFEM1_ASEM1_CLR1_CADS0_DTLA1_DTLB1_DTVA0_DTVB0_EPS0_FDSI0_GRPM1_GRVWA8_GRVWB8_GSU0_GSUAMB_GLS0_ISA950_IU1_K1_LDSTI0_LBSPPA1024_LBSPPB1024_LBSPPM0_LPA16_LPB16_LPM0_LRVW8_LWPMn1_MIAV0_MIWT8_8_MO40_NTn1_NTA0_NTB4_NTC0_NTD4_NTM0_NEPBS0_NLCA1_NLCB1_ONLL1_PGR2_PLR1_PKA1_SIA3_SS1_SPO0_SRVW0_SSO0_SVW8_SK3_SKFTR0_SKXCCM0_TLDS1_ULSGRO0_USL1_UIOFGRO0_USFGRO0_VSn1_VWA8_VWB8_WSGRA0_WSGRB0_WS64_WG32_8_1,0.0,1182.71,1961.08
gfx950,256,49152,1024,1536,False,torch.bfloat16,torch.bfloat16,False,False,hipblaslt,441458,0,128.2288,Cijk_Alik_Bljk_BBS_BH_Bias_HA_S_SAV_UserArgs_MT256x256x64_MI16x16x1_CMS_SN_LDSB0_AFC0_AFEM1_AFEM1_ASEM1_CLR1_CADS0_DTLA1_DTLB1_DTVA0_DTVB0_EPS0_FDSI0_GRPM1_GRVWA8_GRVWB8_GSU0_GSUAMB_GLS0_ISA950_IU1_K1_LDSTI0_LBSPPA1024_LBSPPB1024_LBSPPM0_LPA16_LPB16_LPM0_LRVW8_LWPMn1_MIAV0_MIWT8_8_MO40_NTn1_NTA3_NTB4_NTC4_NTD5_NTM0_NEPBS14_NLCA1_NLCB1_ONLL1_PGR2_PLR1_PKA1_SIA3_SS1_SPO1_SRVW0_SSO4_SVW8_SK3_SKFTR0_SKXCCM0_TLDS1_ULSGRO0_USL1_UIOFGRO0_USFGRO0_VSn1_VWA8_VWB8_WSGRA0_WSGRB0_WS64_WG32_8_1,0.0,1205.8,1987.1
gfx950,256,65536,1024,1536,False,torch.bfloat16,torch.bfloat16,False,False,hipblaslt,439465,0,167.4537,Cijk_Alik_Bljk_BBS_BH_Bias_HA_S_SAV_UserArgs_MT256x256x64_MI16x16x1_CMS_SN_LDSB0_AFC0_AFEM1_AFEM1_ASEM1_CLR1_CADS0_DTLA1_DTLB1_DTVA0_DTVB0_EPS0_FDSI0_GRPM1_GRVWA8_GRVWB8_GSU0_GSUAMB_GLS0_ISA950_IU1_K1_LDSTI0_LBSPPA1024_LBSPPB1024_LBSPPM0_LPA16_LPB16_LPM0_LRVW8_LWPMn1_MIAV0_MIWT8_8_MO40_NTn1_NTA0_NTB4_NTC7_NTD7_NTM0_NEPBS0_NLCA1_NLCB1_ONLL1_PGR2_PLR1_PKA1_SIA3_SS1_SPO0_SRVW0_SSO0_SVW8_SK3_SKFTR0_SKXCCM0_TLDS1_ULSGRO0_USL1_UIOFGRO0_USFGRO0_VSn1_VWA8_VWB8_WSGRA0_WSGRB0_WS64_WG32_8_1,0.0,1231.14,2022.59
gfx950,256,65536,1024,4096,False,torch.bfloat16,torch.bfloat16,False,False,hipblaslt,441458,0,378.8682,Cijk_Alik_Bljk_BBS_BH_Bias_HA_S_SAV_UserArgs_MT256x256x64_MI16x16x1_CMS_SN_LDSB0_AFC0_AFEM1_AFEM1_ASEM1_CLR1_CADS0_DTLA1_DTLB1_DTVA0_DTVB0_EPS0_FDSI0_GRPM1_GRVWA8_GRVWB8_GSU0_GSUAMB_GLS0_ISA950_IU1_K1_LDSTI0_LBSPPA1024_LBSPPB1024_LBSPPM0_LPA16_LPB16_LPM0_LRVW8_LWPMn1_MIAV0_MIWT8_8_MO40_NTn1_NTA3_NTB4_NTC4_NTD5_NTM0_NEPBS14_NLCA1_NLCB1_ONLL1_PGR2_PLR1_PKA1_SIA3_SS1_SPO1_SRVW0_SSO4_SVW8_SK3_SKFTR0_SKXCCM0_TLDS1_ULSGRO0_USL1_UIOFGRO0_USFGRO0_VSn1_VWA8_VWB8_WSGRA0_WSGRB0_WS64_WG32_8_1,0.0,1451.05,1793.44
gfx950,256,67268,1024,1536,False,torch.bfloat16,torch.bfloat16,False,False,hipblaslt,440195,0,187.8122,Cijk_Alik_Bljk_BBS_BH_Bias_HA_S_SAV_UserArgs_MT256x224x64_MI16x16x1_SN_LDSB0_AFC0_AFEM1_AFEM1_ASEM1_CLR0_CADS0_DTLA1_DTLB1_DTVA0_DTVB0_EPS0_FDSI0_GRPM1_GRVWA8_GRVWB8_GSU0_GSUAMB_GLS0_ISA950_IU1_K1_LDSTI0_LBSPPA1024_LBSPPB1024_LBSPPM0_LPA16_LPB16_LPM0_LRVW8_LWPMn1_MIAV0_MIWT8_7_MO40_NTn1_NTA2_NTB3_NTC7_NTD5_NTM0_NEPBS14_NLCA1_NLCB1_ONLL1_PGR2_PLR1_PKA1_SIA3_SS1_SPO0_SRVW0_SSO1_SVW8_SK3_SKFTR0_SKXCCM8_TLDS1_ULSGRO0_USL1_UIOFGRO0_USFGRO0_VSn1_VWA8_VWB1_WSGRA0_WSGRB0_WS64_WG32_8_1,0.0,1126.69,1850.56
gfx950,256,4,1536,128,False,torch.bfloat16,torch.bfloat16,False,False,flydsl,29,1,3.557,flydsl_gemm2_abf16_wbf16_bf16_t16x64x64_split_k1_block_m_warp1_block_n_warp2_block_k_warp1_async_copyTrue_b_to_ldsTrue_b_preshuffleFalse_c_to_ldsFalse_gfx950,0.0,0.44,114.29
gfx950,256,8,1536,7168,False,torch.bfloat16,torch.bfloat16,False,False,flydsl,4950,8,7.5352,flydsl_gemm7_abf16_wbf16_bf16_t16x64x64_split_k8_block_m_warp1_block_n_warp2_block_k_warp1_async_copyTrue_b_to_ldsTrue_b_preshuffleFalse_c_to_ldsFalse_gfx950,0.0208,23.38,2940.78
gfx950,256,32,1536,128,False,torch.bfloat16,torch.bfloat16,False,False,flydsl,29,1,3.5318,flydsl_gemm2_abf16_wbf16_bf16_t16x64x64_split_k1_block_m_warp1_block_n_warp2_block_k_warp1_async_copyTrue_b_to_ldsTrue_b_preshuffleFalse_c_to_ldsFalse_gfx950,0.0,3.56,141.49
gfx950,256,40,1536,7168,False,torch.bfloat16,torch.bfloat16,False,False,flydsl,3204,4,10.4365,flydsl_gemm4_abf16_wbf16_bf16_t32x64x128_split_k4_block_m_warp1_block_n_warp4_block_k_warp1_async_copyTrue_b_to_ldsTrue_b_preshuffleFalse_c_to_ldsFalse_gfx950,0.0142,84.4,2176.63
gfx950,256,64,1536,128,False,torch.bfloat16,torch.bfloat16,False,False,flydsl,189,1,3.5574,flydsl_gemm2_abf16_wbf16_bf16_t16x64x64_split_k1_block_m_warp1_block_n_warp2_block_k_warp1_async_copyTrue_b_to_ldsTrue_b_preshuffleFalse_c_to_ldsFalse_gfx950,0.0,7.07,170.41
gfx950,256,96,1536,7168,False,torch.bfloat16,torch.bfloat16,False,False,flydsl,4663,4,12.8527,flydsl_gemm4_abf16_wbf16_bf16_t64x64x128_split_k4_block_m_warp2_block_n_warp4_block_k_warp1_async_copyTrue_b_to_ldsTrue_b_preshuffleFalse_c_to_ldsFalse_gfx950,0.0139,164.47,1843.29
gfx950,256,512,1536,128,False,torch.bfloat16,torch.bfloat16,False,False,flydsl,545,1,3.8906,flydsl_gemm2_abf16_wbf16_bf16_t64x64x64_split_k1_block_m_warp1_block_n_warp4_block_k_warp1_async_copyTrue_b_to_ldsTrue_b_preshuffleFalse_c_to_ldsFalse_gfx950,0.0,51.75,539.03
gfx950,256,1024,1536,7168,False,torch.bfloat16,torch.bfloat16,False,False,hipblaslt,440060,0,35.685,Cijk_Alik_Bljk_BBS_BH_Bias_HA_S_SAV_UserArgs_MT96x128x128_MI16x16x1_SN_LDSB0_AFC0_AFEM1_AFEM1_ASEM1_CLR1_CADS0_DTLA0_DTLB0_DTVA0_DTVB0_EPS0_FDSI0_GRPM1_GRVWA8_GRVWB8_GSU0_GSUAMB_GLS0_ISA950_IU1_K1_LDSTI0_LBSPPA512_LBSPPB512_LBSPPM0_LPA16_LPB16_LPM0_LRVW8_LWPMn1_MIAV1_MIWT6_2_MO40_NTn1_NTA3_NTB3_NTC5_NTD0_NTM0_NEPBS0_NLCA1_NLCB1_ONLL1_PGR2_PLR1_PKA1_SIA3_SS1_SPO0_SRVW0_SSO0_SVW2_SK3_SKFTR0_SKXCCM8_TLDS2_ULSGRO0_USL1_UIOFGRO0_USFGRO1_VSn1_VWA2_VWB2_WSGRA0_WSGRB0_WS64_WG16_16_1,0.0,631.88,1116.6
gfx950,256,8192,1536,128,False,torch.bfloat16,torch.bfloat16,False,False,hipblaslt,439530,0,9.5998,Cijk_Alik_Bljk_BBS_BH_Bias_HA_S_SAV_UserArgs_MT128x128x64_MI16x16x1_SN_LDSB1_AFC0_AFEM1_AFEM1_ASEM1_CLR1_CADS0_DTLA0_DTLB0_DTVA0_DTVB0_EPS0_FDSI0_GRPM1_GRVWA8_GRVWB8_GSU0_GSUAMB_GLS0_ISA950_IU1_K1_LDSTI0_LBSPPA512_LBSPPB512_LBSPPM0_LPA16_LPB16_LPM0_LRVW8_LWPMn1_MIAV1_MIWT4_4_MO40_NTn1_NTA1_NTB1_NTC7_NTD7_NTM0_NEPBS10_NLCA1_NLCB1_ONLL1_PGR2_PLR1_PKA1_SIA3_SS1_SPO0_SRVW0_SSO1_SVW4_SK3_SKFTR0_SKXCCM0_TLDS2_ULSGRO0_USL1_UIOFGRO0_USFGRO1_VSn1_VWA4_VWB4_WSGRA0_WSGRB0_WS64_WG32_8_1,0.0,335.55,2880.91
gfx950,256,1,2112,7168,False,torch.bfloat16,torch.bfloat16,False,False,flydsl,627,7,8.0835,flydsl_gemm3_abf16_wbf16_bf16_t16x64x128_split_k7_block_m_warp1_block_n_warp2_block_k_warp1_async_copyTrue_b_to_ldsTrue_b_preshuffleFalse_c_to_ldsFalse_gfx950,0.0147,3.75,3747.91
gfx950,256,48,2112,7168,False,torch.bfloat16,torch.bfloat16,False,False,flydsl,1701,7,12.1468,flydsl_gemm5_abf16_wbf16_bf16_t48x64x64_split_k7_block_m_warp1_block_n_warp1_block_k_warp2_async_copyTrue_b_to_ldsTrue_b_preshuffleFalse_c_to_ldsFalse_gfx950,0.0266,119.65,2565.99
gfx950,256,128,2112,7168,False,torch.bfloat16,torch.bfloat16,False,False,hipblaslt,439702,0,18.4489,Cijk_Alik_Bljk_BBS_BH_Bias_HA_S_SAV_UserArgs_MT128x64x64_MI16x16x1_SN_LDSB0_AFC0_AFEM1_AFEM1_ASEM1_CLR1_CADS0_DTLA1_DTLB1_DTVA0_DTVB0_EPS0_FDSI0_GRPM1_GRVWA8_GRVWB2_GSU0_GSUAMB_GLS0_ISA950_IU1_K1_LDSTI0_LBSPPA1024_LBSPPB256_LBSPPM0_LPA16_LPB16_LPM0_LRVW8_LWPMn1_MIAV1_MIWT4_2_MO40_NTn1_NTA1_NTB1_NTC6_NTD1_NTM0_NEPBS10_NLCA1_NLCB1_ONLL1_PGR2_PLR1_PKA1_SIA3_SS1_SPO0_SRVW0_SSO0_SVW4_SK3_SKFTR0_SKXCCM8_TLDS1_ULSGRO0_USL1_UIOFGRO0_USFGRO1_VSn1_VWA4_VWB2_WSGRA0_WSGRB0_WS64_WG32_8_1,0.0,210.07,1769.93
gfx950,256,2048,2112,7168,False,torch.bfloat16,torch.bfloat16,False,False,hipblaslt,440189,0,71.545,Cijk_Alik_Bljk_BBS_BH_Bias_HA_S_SAV_UserArgs_MT192x192x64_MI16x16x1_SN_LDSB0_AFC0_AFEM1_AFEM1_ASEM1_CLR0_CADS0_DTLA0_DTLB0_DTVA0_DTVB0_EPS0_FDSI0_GRPM1_GRVWA8_GRVWB8_GSU0_GSUAMB_GLS0_ISA950_IU1_K1_LDSTI0_LBSPPA256_LBSPPB256_LBSPPM0_LPA16_LPB16_LPM0_LRVW8_LWPMn1_MIAV0_MIWT6_6_MO40_NTn1_NTA3_NTB0_NTC7_NTD0_NTM0_NEPBS0_NLCA1_NLCB1_ONLL1_PGR2_PLR1_PKA1_SIA3_SS1_SPO0_SRVW0_SSO0_SVW2_SK3_SKFTR0_SKXCCM4_TLDS1_ULSGRO0_USL1_UIOFGRO0_USFGRO0_VSn1_VWA2_VWB2_WSGRA0_WSGRB0_WS64_WG32_8_1,0.0,866.71,954.48
gfx950,256,2,2304,1536,False,torch.bfloat16,torch.bfloat16,False,False,flydsl,5801,4,4.9418,flydsl_gemm6_abf16_wbf16_bf16_t16x64x64_split_k4_block_m_warp1_block_n_warp2_block_k_warp1_async_copyTrue_b_to_ldsTrue_b_preshuffleFalse_c_to_ldsFalse_gfx950,0.0078,2.86,1435.36
gfx950,256,24,2304,1536,False,torch.bfloat16,torch.bfloat16,False,False,hipblaslt,439978,0,6.0292,Cijk_Alik_Bljk_BBS_BH_Bias_HA_S_SAV_UserArgs_MT16x32x512_MI16x16x1_SN_LDSB0_AFC0_AFEM1_AFEM1_ASEM1_CLR1_CADS0_DTLA1_DTLB1_DTVA0_DTVB0_EPS0_FDSI0_GRPM1_GRVWA8_GRVWB8_GSU0_GSUAMB_GLS0_ISA950_IU1_K1_LDSTI0_LBSPPA1024_LBSPPB2048_LBSPPM0_LPA16_LPB16_LPM0_LRVW8_LWPMn1_MIAV0_MIWT1_2_MO40_NTn1_NTA4_NTB2_NTC1_NTD3_NTM0_NEPBS10_NLCA1_NLCB1_ONLL1_PGR2_PLR1_PKA1_SIA3_SS1_SPO0_SRVW0_SSO0_SVW1_SK3_SKFTR0_SKXCCM4_TLDS1_ULSGRO0_USL1_UIOFGRO0_USFGROn1_VSn1_VWA1_VWB2_WSGRA0_WSGRB0_WS64_WG16_4_4,0.0,28.17,1204.51
gfx950,256,56,2304,1536,False,torch.bfloat16,torch.bfloat16,False,False,flydsl,3786,1,6.9831,flydsl_gemm4_abf16_wbf16_bf16_t16x64x128_split_k1_block_m_warp1_block_n_warp1_block_k_warp2_async_copyTrue_b_to_ldsTrue_b_preshuffleFalse_c_to_ldsFalse_gfx950,0.003,56.76,1075.16
gfx950,256,256,2304,1536,False,torch.bfloat16,torch.bfloat16,False,False,flydsl,4320,1,9.2119,flydsl_gemm3_abf16_wbf16_bf16_t32x64x128_split_k1_block_m_warp1_block_n_warp1_block_k_warp2_async_copyTrue_b_to_ldsTrue_b_preshuffleFalse_c_to_ldsFalse_gfx950,0.003,196.7,981.77
gfx950,256,4096,2304,1536,False,torch.bfloat16,torch.bfloat16,False,False,hipblaslt,440625,0,29.4956,Cijk_Alik_Bljk_BBS_BH_Bias_HA_S_SAV_UserArgs_MT256x160x64_MI16x16x1_SN_LDSB0_AFC0_AFEM1_AFEM1_ASEM1_CLR0_CADS0_DTLA1_DTLB1_DTVA0_DTVB0_EPS0_FDSI0_GRPM1_GRVWA8_GRVWB8_GSU0_GSUAMB_GLS0_ISA950_IU1_K1_LDSTI0_LBSPPA1024_LBSPPB1024_LBSPPM0_LPA16_LPB16_LPM0_LRVW8_LWPMn1_MIAV0_MIWT8_5_MO40_NTn1_NTA3_NTB2_NTC1_NTD6_NTM0_NEPBS10_NLCA1_NLCB1_ONLL1_PGR2_PLR1_PKA1_SIA3_SS1_SPO0_SRVW0_SSO1_SVW8_SK3_SKFTR0_SKXCCM0_TLDS1_ULSGRO0_USL1_UIOFGRO0_USFGRO1_VSn1_VWA8_VWB1_WSGRA0_WSGRB0_WS64_WG32_8_1,0.0,982.89,1306.47
gfx950,256,4,3072,512,False,torch.bfloat16,torch.bfloat16,False,False,flydsl,3132,1,3.9246,flydsl_gemm6_abf16_wbf16_bf16_t16x64x64_split_k1_block_m_warp1_block_n_warp2_block_k_warp1_async_copyTrue_b_to_ldsTrue_b_preshuffleFalse_c_to_ldsFalse_gfx950,0.0,3.21,808.85
gfx950,256,32,3072,512,False,torch.bfloat16,torch.bfloat16,False,False,flydsl,3132,1,4.6231,flydsl_gemm6_abf16_wbf16_bf16_t16x64x64_split_k1_block_m_warp1_block_n_warp2_block_k_warp1_async_copyTrue_b_to_ldsTrue_b_preshuffleFalse_c_to_ldsFalse_gfx950,0.0,21.77,730.05
gfx950,256,64,3072,512,False,torch.bfloat16,torch.bfloat16,False,False,flydsl,1845,1,4.2913,flydsl_gemm3_abf16_wbf16_bf16_t16x64x128_split_k1_block_m_warp1_block_n_warp2_block_k_warp1_async_copyTrue_b_to_ldsTrue_b_preshuffleFalse_c_to_ldsFalse_gfx950,0.0,46.92,839.95
gfx950,256,512,3072,512,False,torch.bfloat16,torch.bfloat16,False,False,flydsl,3701,1,6.851,flydsl_gemm4_abf16_wbf16_bf16_t64x64x64_split_k1_block_m_warp2_block_n_warp1_block_k_warp1_async_copyTrue_b_to_ldsTrue_b_preshuffleFalse_c_to_ldsFalse_gfx950,0.0,235.09,994.85
gfx950,256,4608,3072,512,False,torch.bfloat16,torch.bfloat16,False,False,hipblaslt,440488,0,18.8897,Cijk_Alik_Bljk_BBS_BH_Bias_HA_S_SAV_UserArgs_MT256x224x64_MI16x16x1_SN_LDSB0_AFC1_AFEM1_AFEM1_ASEM1_CLR0_CADS0_DTLA1_DTLB1_DTVA0_DTVB0_EPS0_FDSI0_GRPM1_GRVWA8_GRVWB8_GSU0_GSUAMB_GLS0_ISA950_IU1_K1_LDSTI0_LBSPPA1024_LBSPPB1024_LBSPPM0_LPA16_LPB16_LPM0_LRVW8_LWPMn1_MIAV0_MIWT8_7_MO40_NTn1_NTA1_NTB1_NTC5_NTD7_NTM0_NEPBS0_NLCA1_NLCB1_ONLL1_PGR2_PLR1_PKA1_SIA3_SS1_SPO1_SRVW0_SSO1_SVW8_SK3_SKFTR0_SKXCCM0_TLDS1_ULSGRO0_USL1_UIOFGRO0_USFGRO0_VSn1_VWA8_VWB1_WSGRA0_WSGRB0_WS64_WG32_8_1,0.0,767.38,1915.11
gfx950,256,9216,3072,512,False,torch.bfloat16,torch.bfloat16,False,False,hipblaslt,439738,0,34.2747,Cijk_Alik_Bljk_BBS_BH_Bias_HA_S_SAV_UserArgs_MT256x224x64_MI16x16x1_SN_LDSB0_AFC0_AFEM1_AFEM1_ASEM1_CLR1_CADS0_DTLA1_DTLB1_DTVA0_DTVB0_EPS0_FDSI0_GRPM1_GRVWA8_GRVWB8_GSU0_GSUAMB_GLS0_ISA950_IU1_K1_LDSTI0_LBSPPA1024_LBSPPB1024_LBSPPM0_LPA16_LPB16_LPM0_LRVW8_LWPMn1_MIAV0_MIWT8_7_MO40_NTn1_NTA2_NTB3_NTC7_NTD5_NTM0_NEPBS16_NLCA1_NLCB1_ONLL1_PGR2_PLR1_PKA1_SIA3_SS1_SPO1_SRVW0_SSO4_SVW8_SK3_SKFTR0_SKXCCM0_TLDS1_ULSGRO0_USL1_UIOFGRO0_USFGRO0_VSn1_VWA8_VWB1_WSGRA0_WSGRB0_WS64_WG32_8_1,0.0,845.84,2019.16
gfx950,256,15360,3072,512,False,torch.bfloat16,torch.bfloat16,False,False,hipblaslt,441461,0,53.9537,Custom_Cijk_Alik_Bljk_BBS_BH_MT256x256x64_MI16x16x1_UserArgs_shortname1_gfx950,0.0,895.55,2098.95
gfx950,256,19219,3072,512,False,torch.bfloat16,torch.bfloat16,False,False,hipblaslt,441460,0,72.2691,Custom_Cijk_Alik_Bljk_BBS_BH_MT256x256x64_MI16x16x1_UserArgs_shortname0_gfx950,0.0,836.56,1949.76
gfx950,256,21678,3072,512,False,torch.bfloat16,torch.bfloat16,False,False,hipblaslt,441462,0,75.3908,Custom_Cijk_Alik_Bljk_BBS_BH_MT256x256x64_MI16x16x1_UserArgs_shortname1_gfx950,0.0,904.53,2102.82
gfx950,256,25600,3072,512,False,torch.bfloat16,torch.bfloat16,False,False,hipblaslt,441460,0,92.4865,Custom_Cijk_Alik_Bljk_BBS_BH_MT256x256x64_MI16x16x1_UserArgs_shortname0_gfx950,0.0,870.73,2018.09
gfx950,256,29554,3072,512,False,torch.bfloat16,torch.bfloat16,False,False,hipblaslt,441462,0,106.8728,Custom_Cijk_Alik_Bljk_BBS_BH_MT256x256x64_MI16x16x1_UserArgs_shortname1_gfx950,0.0,869.9,2011.63
gfx950,256,32768,3072,512,False,torch.bfloat16,torch.bfloat16,False,False,hipblaslt,441460,0,112.6565,Custom_Cijk_Alik_Bljk_BBS_BH_MT256x256x64_MI16x16x1_UserArgs_shortname0_gfx950,0.0,914.99,2112.85
gfx950,256,35488,3072,512,False,torch.bfloat16,torch.bfloat16,False,False,hipblaslt,441462,0,124.4909,Custom_Cijk_Alik_Bljk_BBS_BH_MT256x256x64_MI16x16x1_UserArgs_shortname1_gfx950,0.0,896.74,2068.61
gfx950,256,41472,3072,512,False,torch.bfloat16,torch.bfloat16,False,False,hipblaslt,441460,0,141.7294,Custom_Cijk_Alik_Bljk_BBS_BH_MT256x256x64_MI16x16x1_UserArgs_shortname0_gfx950,0.0,920.48,2119.65
gfx950,256,47616,3072,512,False,torch.bfloat16,torch.bfloat16,False,False,hipblaslt,441460,0,163.8358,Custom_Cijk_Alik_Bljk_BBS_BH_MT256x256x64_MI16x16x1_UserArgs_shortname0_gfx950,0.0,914.25,2102.45
gfx950,256,52224,3072,512,False,torch.bfloat16,torch.bfloat16,False,False,hipblaslt,441460,0,175.0168,Custom_Cijk_Alik_Bljk_BBS_BH_MT256x256x64_MI16x16x1_UserArgs_shortname0_gfx950,0.0,938.67,2156.86
gfx950,256,58368,3072,512,False,torch.bfloat16,torch.bfloat16,False,False,hipblaslt,441460,0,192.7636,Custom_Cijk_Alik_Bljk_BBS_BH_MT256x256x64_MI16x16x1_UserArgs_shortname0_gfx950,0.0,952.51,2186.76
gfx950,256,62279,3072,512,False,torch.bfloat16,torch.bfloat16,False,False,hipblaslt,441460,0,206.2715,Custom_Cijk_Alik_Bljk_BBS_BH_MT256x256x64_MI16x16x1_UserArgs_shortname0_gfx950,0.0,949.78,2179.47
gfx950,256,66048,3072,512,False,torch.bfloat16,torch.bfloat16,False,False,hipblaslt,441460,0,222.6049,Custom_Cijk_Alik_Bljk_BBS_BH_MT256x256x64_MI16x16x1_UserArgs_shortname0_gfx950,0.0,933.35,2140.91
gfx950,256,70709,3072,512,False,torch.bfloat16,torch.bfloat16,False,False,hipblaslt,441460,0,234.737,Custom_Cijk_Alik_Bljk_BBS_BH_MT256x256x64_MI16x16x1_UserArgs_shortname0_gfx950,0.0,947.58,2172.59
gfx950,256,73928,3072,512,False,torch.bfloat16,torch.bfloat16,False,False,hipblaslt,441460,0,240.7166,Custom_Cijk_Alik_Bljk_BBS_BH_MT256x256x64_MI16x16x1_UserArgs_shortname0_gfx950,0.0,966.1,2214.48
gfx950,256,79872,3072,512,False,torch.bfloat16,torch.bfloat16,False,False,hipblaslt,441460,0,265.2275,Custom_Cijk_Alik_Bljk_BBS_BH_MT256x256x64_MI16x16x1_UserArgs_shortname0_gfx950,0.0,947.32,2170.47
gfx950,256,86016,3072,512,False,torch.bfloat16,torch.bfloat16,False,False,hipblaslt,441460,0,278.3358,Custom_Cijk_Alik_Bljk_BBS_BH_MT256x256x64_MI16x16x1_UserArgs_shortname0_gfx950,0.0,972.15,2226.48
gfx950,256,89088,3072,512,False,torch.bfloat16,torch.bfloat16,False,False,hipblaslt,441460,0,287.4484,Custom_Cijk_Alik_Bljk_BBS_BH_MT256x256x64_MI16x16x1_UserArgs_shortname0_gfx950,0.0,974.95,2232.5
gfx950,256,95232,3072,512,False,torch.bfloat16,torch.bfloat16,False,False,hipblaslt,441460,0,305.203,Custom_Cijk_Alik_Bljk_BBS_BH_MT256x256x64_MI16x16x1_UserArgs_shortname0_gfx950,0.0,981.56,2246.93
gfx950,256,2,3584,7168,False,torch.bfloat16,torch.bfloat16,False,False,flydsl,5227,7,11.2344,flydsl_gemm8_abf16_wbf16_bf16_t16x128x64_split_k7_block_m_warp1_block_n_warp2_block_k_warp1_async_copyTrue_b_to_ldsTrue_b_preshuffleFalse_c_to_ldsFalse_gfx950,0.0186,9.15,4577.3
gfx950,256,24,3584,7168,False,torch.bfloat16,torch.bfloat16,False,False,hipblaslt,439842,0,14.792,Cijk_Alik_Bljk_BBS_BH_Bias_HA_S_SAV_UserArgs_MT32x32x256_MI16x16x1_SN_LDSB0_AFC0_AFEM1_AFEM1_ASEM1_CLR1_CADS0_DTLA1_DTLB1_DTVA0_DTVB0_EPS0_FDSI0_GRPM1_GRVWA8_GRVWB8_GSU0_GSUAMB_GLS0_ISA950_IU1_K1_LDSTI0_LBSPPA1024_LBSPPB1024_LBSPPM0_LPA16_LPB16_LPM0_LRVW8_LWPMn1_MIAV1_MIWT1_1_MO40_NTn1_NTA7_NTB1_NTC0_NTD3_NTM0_NEPBS14_NLCA1_NLCB1_ONLL1_PGR2_PLR1_PKA1_SIA3_SS0_SPO1_SRVW0_SSO0_SVW4_SK3_SKFTR0_SKXCCM4_TLDS2_ULSGRO0_USL1_UIOFGRO0_USFGROn1_VSn1_VWA1_VWB1_WSGRA0_WSGRB0_WS64_WG32_8_1,0.0,83.36,3508.4
gfx950,256,56,3584,7168,False,torch.bfloat16,torch.bfloat16,False,False,flydsl,2005,4,17.1785,flydsl_gemm3_abf16_wbf16_bf16_t32x64x128_split_k4_block_m_warp1_block_n_warp2_block_k_warp2_async_copyTrue_b_to_ldsTrue_b_preshuffleFalse_c_to_ldsFalse_gfx950,0.0212,167.49,3061.06
gfx950,256,256,3584,7168,False,torch.bfloat16,torch.bfloat16,False,False,hipblaslt,441293,0,28.3056,Cijk_Alik_Bljk_BBS_BH_Bias_HA_S_SAV_UserArgs_MT224x128x64_MI16x16x1_SN_LDSB1_AFC0_AFEM1_AFEM1_ASEM1_CLR1_CADS0_DTLA0_DTLB0_DTVA0_DTVB0_EPS0_FDSI0_GRPM1_GRVWA8_GRVWB8_GSU0_GSUAMB_GLS0_ISA950_IU1_K1_LDSTI0_LBSPPA128_LBSPPB512_LBSPPM0_LPA16_LPB16_LPM0_LRVW8_LWPMn1_MIAV0_MIWT7_4_MO40_NTn1_NTA0_NTB0_NTC0_NTD0_NTM0_NEPBS0_NLCA1_NLCB1_ONLL1_PGR2_PLR1_PKA1_SIA3_SS1_SPO0_SRVW0_SSO0_SVW1_SK3_SKFTR0_SKXCCM0_TLDS1_ULSGRO0_USL1_UIOFGRO0_USFGRO0_VSn1_VWA1_VWB4_WSGRA0_WSGRB0_WS64_WG32_8_1,0.0,464.69,2009.68
gfx950,256,4096,3584,7168,False,torch.bfloat16,torch.bfloat16,False,False,hipblaslt,441281,0,161.0823,Cijk_Alik_Bljk_BBS_BH_Bias_HA_S_SAV_UserArgs_MT256x256x64_MI16x16x1_CMS_SN_LDSB0_AFC0_AFEM1_AFEM1_ASEM1_CLR1_CADS0_DTLA1_DTLB1_DTVA0_DTVB0_EPS0_FDSI0_GRPM1_GRVWA8_GRVWB8_GSU0_GSUAMB_GLS0_ISA950_IU1_K1_LDSTI0_LBSPPA1024_LBSPPB1024_LBSPPM0_LPA16_LPB16_LPM0_LRVW8_LWPMn1_MIAV0_MIWT8_8_MO40_NTn1_NTA0_NTB0_NTC0_NTD4_NTM0_NEPBS0_NLCA1_NLCB1_ONLL1_PGR2_PLR1_PKA1_SIA3_SS1_SPO0_SRVW0_SSO0_SVW8_SK3_SKFTR0_SKXCCM0_TLDS1_ULSGRO0_USL1_UIOFGRO0_USFGRO0_VSn1_VWA8_VWB8_WSGRA0_WSGRB0_WS64_WG32_8_1,0.0,1306.5,865.77
gfx950,256,2,4096,4096,False,torch.bfloat16,torch.bfloat16,False,False,flydsl,1484,4,8.6107,flydsl_gemm3_abf16_wbf16_bf16_t16x64x128_split_k4_block_m_warp1_block_n_warp2_block_k_warp1_async_copyTrue_b_to_ldsTrue_b_preshuffleFalse_c_to_ldsFalse_gfx950,0.0111,7.79,3900.64
gfx950,256,4,4096,1024,False,torch.bfloat16,torch.bfloat16,False,False,hipblaslt,439633,0,5.4097,Cijk_Alik_Bljk_BBS_BH_Bias_HA_S_SAV_UserArgs_MT16x16x512_MI16x16x1_SN_LDSB0_AFC0_AFEM1_AFEM1_ASEM1_CLR1_CADS0_DTLA1_DTLB1_DTVA0_DTVB0_EPS0_FDSI0_GRPM1_GRVWA8_GRVWB8_GSU0_GSUAMB_GLS0_ISA950_IU1_K1_LDSTI0_LBSPPA1024_LBSPPB1024_LBSPPM0_LPA16_LPB16_LPM0_LRVW8_LWPMn1_MIAV0_MIWT1_1_MO40_NTn1_NTA7_NTB2_NTC2_NTD0_NTM0_NEPBS4_NLCA1_NLCB1_ONLL1_PGR2_PLR1_PKA1_SIA3_SS0_SPO1_SRVW0_SSO0_SVW1_SK3_SKFTR0_SKXCCM0_TLDS1_ULSGRO0_USL1_UIOFGRO0_USFGRO1_VSn1_VWA1_VWB1_WSGRA0_WSGRB0_WS64_WG16_4_4,0.0,6.2,1558.23
gfx950,256,24,4096,4096,False,torch.bfloat16,torch.bfloat16,False,False,hipblaslt,439911,0,10.7925,Cijk_Alik_Bljk_BBS_BH_Bias_HA_S_SAV_UserArgs_MT16x32x512_MI16x16x1_SN_LDSB0_AFC0_AFEM1_AFEM1_ASEM1_CLR0_CADS0_DTLA1_DTLB1_DTVA0_DTVB0_EPS0_FDSI0_GRPM1_GRVWA8_GRVWB8_GSU0_GSUAMB_GLS0_ISA950_IU1_K1_LDSTI0_LBSPPA1024_LBSPPB2048_LBSPPM0_LPA16_LPB16_LPM0_LRVW8_LWPMn1_MIAV0_MIWT1_2_MO40_NTn1_NTA4_NTB2_NTC3_NTD2_NTM0_NEPBS10_NLCA1_NLCB1_ONLL1_PGR2_PLR1_PKA1_SIA3_SS1_SPO0_SRVW0_SSO0_SVW1_SK3_SKFTR0_SKXCCM4_TLDS1_ULSGRO0_USL1_UIOFGRO0_USFGRO1_VSn1_VWA1_VWB2_WSGRA0_WSGRB0_WS64_WG16_4_4,0.0,74.62,3145.49
gfx950,256,32,4096,1024,False,torch.bfloat16,torch.bfloat16,False,False,flydsl,3079,1,5.6431,flydsl_gemm5_abf16_wbf16_bf16_t16x64x128_split_k1_block_m_warp1_block_n_warp2_block_k_warp1_async_copyTrue_b_to_ldsTrue_b_preshuffleFalse_c_to_ldsFalse_gfx950,0.0,47.57,1544.59
gfx950,256,56,4096,4096,False,torch.bfloat16,torch.bfloat16,False,False,flydsl,4325,2,12.3324,flydsl_gemm8_abf16_wbf16_bf16_t32x64x64_split_k2_block_m_warp2_block_n_warp2_block_k_warp1_async_copyTrue_b_to_ldsTrue_b_preshuffleFalse_c_to_ldsFalse_gfx950,0.0049,152.37,2795.23
gfx950,256,64,4096,1024,False,torch.bfloat16,torch.bfloat16,False,False,flydsl,2158,1,5.9344,flydsl_gemm3_abf16_wbf16_bf16_t16x64x256_split_k1_block_m_warp1_block_n_warp2_block_k_warp1_async_copyTrue_b_to_ldsTrue_b_preshuffleFalse_c_to_ldsFalse_gfx950,0.0,90.47,1523.99
gfx950,256,256,4096,4096,False,torch.bfloat16,torch.bfloat16,False,False,flydsl,4888,1,19.3188,flydsl_gemm5_abf16_wbf16_bf16_t64x64x128_split_k1_block_m_warp2_block_n_warp2_block_k_warp2_async_copyTrue_b_to_ldsTrue_b_preshuffleFalse_c_to_ldsFalse_gfx950,0.0049,444.64,1953.99
gfx950,256,512,4096,1024,False,torch.bfloat16,torch.bfloat16,False,False,flydsl,3521,1,10.5588,flydsl_gemm4_abf16_wbf16_bf16_t128x64x64_split_k1_block_m_warp2_block_n_warp4_block_k_warp1_async_copyTrue_b_to_ldsTrue_b_preshuffleFalse_c_to_ldsFalse_gfx950,0.0,406.77,1291.01
gfx950,256,4096,4096,4096,False,torch.bfloat16,torch.bfloat16,False,False,hipblaslt,440505,0,102.8572,Cijk_Alik_Bljk_BBS_BH_Bias_HA_S_SAV_UserArgs_MT256x256x64_MI16x16x1_CMS_SN_LDSB0_AFC1_AFEM1_AFEM1_ASEM1_CLR0_CADS0_DTLA1_DTLB1_DTVA0_DTVB0_EPS0_FDSI0_GRPM1_GRVWA8_GRVWB8_GSU0_GSUAMB_GLS0_ISA950_IU1_K1_LDSTI0_LBSPPA1024_LBSPPB1024_LBSPPM0_LPA16_LPB16_LPM0_LRVW8_LWPMn1_MIAV0_MIWT8_8_MO40_NTn1_NTA0_NTB1_NTC4_NTD7_NTM0_NEPBS12_NLCA1_NLCB1_ONLL1_PGR2_PLR1_PKA1_SIA3_SS1_SPO0_SRVW0_SSO1_SVW8_SK3_SKFTR0_SKXCCM8_TLDS1_ULSGRO0_USL1_UIOFGRO0_USFGRO0_VSn1_VWA8_VWB8_WSGRA0_WSGRB0_WS64_WG32_8_1,0.0,1336.21,978.67
gfx950,256,8192,4096,1024,False,torch.bfloat16,torch.bfloat16,False,False,hipblaslt,441462,0,59.9041,Custom_Cijk_Alik_Bljk_BBS_BH_MT256x256x64_MI16x16x1_UserArgs_shortname1_gfx950,0.0,1147.16,1540.37
gfx950,256,49152,4096,1024,False,torch.bfloat16,torch.bfloat16,False,False,hipblaslt,441461,0,340.0353,Custom_Cijk_Alik_Bljk_BBS_BH_MT256x256x64_MI16x16x1_UserArgs_shortname1_gfx950,0.0,1212.57,1504.86
gfx950,256,1,4608,1024,False,torch.bfloat16,torch.bfloat16,False,False,flydsl,3574,2,5.3402,flydsl_gemm6_abf16_wbf16_bf16_t16x64x64_split_k2_block_m_warp1_block_n_warp2_block_k_warp1_async_copyTrue_b_to_ldsTrue_b_preshuffleFalse_c_to_ldsFalse_gfx950,0.0011,1.77,1769.31
gfx950,256,16,4608,1024,False,torch.bfloat16,torch.bfloat16,False,False,flydsl,2370,1,5.8714,flydsl_gemm4_abf16_wbf16_bf16_t16x64x128_split_k1_block_m_warp1_block_n_warp2_block_k_warp1_async_copyTrue_b_to_ldsTrue_b_preshuffleFalse_c_to_ldsFalse_gfx950,0.0,25.72,1638.01
gfx950,256,48,4608,1024,False,torch.bfloat16,torch.bfloat16,False,False,flydsl,4183,1,5.8103,flydsl_gemm8_abf16_wbf16_bf16_t16x64x64_split_k1_block_m_warp1_block_n_warp2_block_k_warp1_async_copyTrue_b_to_ldsTrue_b_preshuffleFalse_c_to_ldsFalse_gfx950,0.0,77.96,1717.27
gfx950,256,128,4608,1024,False,torch.bfloat16,torch.bfloat16,False,False,flydsl,2672,1,7.8867,flydsl_gemm3_abf16_wbf16_bf16_t32x64x128_split_k1_block_m_warp1_block_n_warp2_block_k_warp1_async_copyTrue_b_to_ldsTrue_b_preshuffleFalse_c_to_ldsFalse_gfx950,0.0,153.16,1379.41
gfx950,256,2048,4608,1024,False,torch.bfloat16,torch.bfloat16,False,False,hipblaslt,440436,0,21.8094,Cijk_Alik_Bljk_BBS_BH_Bias_HA_S_SAV_UserArgs_MT256x160x64_MI16x16x1_SN_LDSB0_AFC1_AFEM1_AFEM1_ASEM1_CLR1_CADS0_DTLA1_DTLB1_DTVA0_DTVB0_EPS0_FDSI0_GRPM1_GRVWA8_GRVWB8_GSU0_GSUAMB_GLS0_ISA950_IU1_K1_LDSTI0_LBSPPA1024_LBSPPB1024_LBSPPM0_LPA16_LPB16_LPM0_LRVW8_LWPMn1_MIAV0_MIWT8_5_MO40_NTn1_NTA0_NTB3_NTC6_NTD3_NTM0_NEPBS12_NLCA1_NLCB1_ONLL1_PGR2_PLR1_PKA1_SIA3_SS1_SPO1_SRVW0_SSO1_SVW8_SK3_SKFTR0_SKXCCM0_TLDS1_ULSGRO0_USL1_UIOFGRO0_USFGRO0_VSn1_VWA8_VWB1_WSGRA0_WSGRB0_WS64_WG32_8_1,0.0,886.19,1490.45
gfx950,256,24576,4608,1024,False,torch.bfloat16,torch.bfloat16,False,False,hipblaslt,440614,0,208.0274,Cijk_Alik_Bljk_BBS_BH_Bias_HA_S_SAV_UserArgs_MT256x256x64_MI16x16x1_CMS_SN_LDSB0_AFC0_AFEM1_AFEM1_ASEM1_CLR0_CADS0_DTLA1_DTLB1_DTVA0_DTVB0_EPS0_FDSI0_GRPM1_GRVWA8_GRVWB8_GSU0_GSUAMB_GLS0_ISA950_IU1_K1_LDSTI0_LBSPPA1024_LBSPPB1024_LBSPPM0_LPA16_LPB16_LPM0_LRVW8_LWPMn1_MIAV0_MIWT8_8_MO40_NTn1_NTA1_NTB2_NTC5_NTD5_NTM0_NEPBS0_NLCA1_NLCB1_ONLL1_PGR2_PLR1_PKA1_SIA3_SS1_SPO1_SRVW0_SSO0_SVW8_SK3_SKFTR0_SKXCCM0_TLDS1_ULSGRO0_USL1_UIOFGRO0_USFGRO0_VSn1_VWA8_VWB8_WSGRA0_WSGRB0_WS64_WG32_8_1,0.0,1114.89,1376.07
gfx950,256,67268,4608,1024,False,torch.bfloat16,torch.bfloat16,False,False,hipblaslt,441460,0,519.4038,Custom_Cijk_Alik_Bljk_BBS_BH_MT256x256x64_MI16x16x1_UserArgs_shortname0_gfx950,0.0,1222.21,1476.97
gfx950,256,8,6288,7168,False,torch.bfloat16,torch.bfloat16,False,False,hipblaslt,440306,0,18.3141,Cijk_Alik_Bljk_BBS_BH_Bias_HA_S_SAV_UserArgs_MT32x16x512_MI16x16x1_SN_LDSB0_AFC0_AFEM1_AFEM1_ASEM1_CLR1_CADS0_DTLA1_DTLB1_DTVA0_DTVB0_EPS0_FDSI0_GRPM1_GRVWA8_GRVWB8_GSU0_GSUAMB_GLS0_ISA950_IU1_K1_LDSTI0_LBSPPA1024_LBSPPB1024_LBSPPM0_LPA16_LPB16_LPM0_LRVW8_LWPMn1_MIAV0_MIWT1_1_MO40_NTn1_NTA7_NTB3_NTC1_NTD0_NTM0_NEPBS10_NLCA1_NLCB1_ONLL1_PGR2_PLR1_PKA1_SIA3_SS1_SPO0_SRVW0_SSO0_SVW1_SK3_SKFTR0_SKXCCM8_TLDS1_ULSGRO0_USL1_UIOFGRO0_USFGROn1_VSn1_VWA1_VWB1_WSGRA0_WSGRB0_WS64_WG32_4_2,0.0,39.38,4933.91
gfx950,256,40,6288,7168,False,torch.bfloat16,torch.bfloat16,False,False,hipblaslt,440599,0,23.2429,Cijk_Alik_Bljk_BBS_BH_Bias_HA_S_SAV_UserArgs_MT64x48x256_MI16x16x1_SN_LDSB0_AFC0_AFEM1_AFEM1_ASEM1_CLR1_CADS0_DTLA0_DTLB0_DTVA0_DTVB0_EPS0_FDSI0_GRPM1_GRVWA8_GRVWB8_GSU0_GSUAMB_GLS0_ISA950_IU1_K1_LDSTI0_LBSPPA512_LBSPPB512_LBSPPM0_LPA16_LPB16_LPM0_LRVW8_LWPMn1_MIAV0_MIWT1_3_MO40_NTn1_NTA1_NTB1_NTC1_NTD1_NTM0_NEPBS16_NLCA1_NLCB1_ONLL1_PGR2_PLR1_PKA1_SIA3_SS1_SPO0_SRVW0_SSO1_SVW1_SK3_SKFTR0_SKXCCM0_TLDS2_ULSGRO0_USL1_UIOFGRO0_USFGROn1_VSn1_VWA1_VWB1_WSGRA0_WSGRB0_WS64_WG64_4_1,0.0,155.14,3924.69
gfx950,256,96,6288,7168,False,torch.bfloat16,torch.bfloat16,False,False,hipblaslt,440051,0,27.1443,Cijk_Alik_Bljk_BBS_BH_Bias_HA_S_SAV_UserArgs_MT128x96x128_MI16x16x1_SN_LDSB0_AFC0_AFEM1_AFEM1_ASEM1_CLR0_CADS0_DTLA0_DTLB0_DTVA0_DTVB0_EPS0_FDSI0_GRPM1_GRVWA8_GRVWB8_GSU0_GSUAMB_GLS0_ISA950_IU1_K1_LDSTI0_LBSPPA1024_LBSPPB256_LBSPPM0_LPA16_LPB16_LPM0_LRVW8_LWPMn1_MIAV0_MIWT4_3_MO40_NTn1_NTA3_NTB1_NTC6_NTD3_NTM0_NEPBS0_NLCA1_NLCB1_ONLL1_PGR2_PLR1_PKA1_SIA3_SS1_SPO0_SRVW0_SSO0_SVW4_SK3_SKFTR0_SKXCCM0_TLDS1_ULSGRO0_USL1_UIOFGRO0_USFGRO0_VSn1_VWA4_VWB1_WSGRA0_WSGRB0_WS64_WG32_8_1,0.0,318.81,3416.12
gfx950,256,1024,6288,7168,False,torch.bfloat16,torch.bfloat16,False,False,hipblaslt,440800,0,101.9095,Cijk_Alik_Bljk_BBS_BH_Bias_HA_S_SAV_UserArgs_MT128x224x64_MI16x16x1_SN_LDSB1_AFC0_AFEM1_AFEM1_ASEM1_CLR1_CADS0_DTLA0_DTLB0_DTVA0_DTVB0_EPS0_FDSI0_GRPM1_GRVWA8_GRVWB8_GSU0_GSUAMB_GLS0_ISA950_IU1_K1_LDSTI0_LBSPPA512_LBSPPB128_LBSPPM0_LPA16_LPB16_LPM0_LRVW8_LWPMn1_MIAV0_MIWT4_7_MO40_NTn1_NTA4_NTB0_NTC0_NTD0_NTM0_NEPBS0_NLCA1_NLCB1_ONLL1_PGR2_PLR1_PKA1_SIA3_SS1_SPO0_SRVW0_SSO0_SVW4_SK3_SKFTR0_SKXCCM8_TLDS1_ULSGRO0_USL1_UIOFGRO0_USFGRO0_VSn1_VWA4_VWB1_WSGRA0_WSGRB0_WS64_WG32_8_1,0.0,905.79,1154.97
gfx950,256,1,7168,768,False,torch.bfloat16,torch.bfloat16,False,False,flydsl,5329,1,4.7814,flydsl_gemm8_abf16_wbf16_bf16_t16x64x64_split_k1_block_m_warp1_block_n_warp2_block_k_warp1_async_copyTrue_b_to_ldsTrue_b_preshuffleFalse_c_to_ldsFalse_gfx950,0.0,2.3,2306.0
gfx950,256,2,7168,1536,False,torch.bfloat16,torch.bfloat16,False,False,flydsl,6420,2,7.1904,flydsl_gemm7_abf16_wbf16_bf16_t16x64x64_split_k2_block_m_warp1_block_n_warp2_block_k_warp1_async_copyTrue_b_to_ldsTrue_b_preshuffleFalse_c_to_ldsFalse_gfx950,0.0021,6.12,3067.27
gfx950,256,4,7168,3584,False,torch.bfloat16,torch.bfloat16,False,False,flydsl,4047,2,11.1513,flydsl_gemm6_abf16_wbf16_bf16_t16x64x64_split_k2_block_m_warp1_block_n_warp2_block_k_warp1_async_copyTrue_b_to_ldsTrue_b_preshuffleFalse_c_to_ldsFalse_gfx950,0.0054,18.43,4615.27
gfx950,256,4,7168,4224,False,torch.bfloat16,torch.bfloat16,False,False,flydsl,2916,2,12.2681,flydsl_gemm5_abf16_wbf16_bf16_t16x64x64_split_k2_block_m_warp1_block_n_warp1_block_k_warp2_async_copyTrue_b_to_ldsTrue_b_preshuffleFalse_c_to_ldsFalse_gfx950,0.0114,19.74,4943.42
gfx950,256,8,7168,4096,False,torch.bfloat16,torch.bfloat16,False,False,flydsl,1484,4,12.3301,flydsl_gemm3_abf16_wbf16_bf16_t16x64x128_split_k4_block_m_warp1_block_n_warp2_block_k_warp1_async_copyTrue_b_to_ldsTrue_b_preshuffleFalse_c_to_ldsFalse_gfx950,0.012,38.1,4776.97
gfx950,256,16,7168,768,False,torch.bfloat16,torch.bfloat16,False,False,flydsl,3770,1,5.0853,flydsl_gemm5_abf16_wbf16_bf16_t16x64x128_split_k1_block_m_warp1_block_n_warp2_block_k_warp1_async_copyTrue_b_to_ldsTrue_b_preshuffleFalse_c_to_ldsFalse_gfx950,0.0,34.64,2215.01
gfx950,256,24,7168,1536,False,torch.bfloat16,torch.bfloat16,False,False,flydsl,3787,1,7.9033,flydsl_gemm4_abf16_wbf16_bf16_t16x64x128_split_k1_block_m_warp1_block_n_warp2_block_k_warp1_async_copyTrue_b_to_ldsTrue_b_preshuffleFalse_c_to_ldsFalse_gfx950,0.0,66.87,2839.05
gfx950,256,32,7168,3584,False,torch.bfloat16,torch.bfloat16,False,False,flydsl,4119,2,12.5225,flydsl_gemm6_abf16_wbf16_bf16_t32x64x128_split_k2_block_m_warp2_block_n_warp2_block_k_warp1_async_copyTrue_b_to_ldsTrue_b_preshuffleFalse_c_to_ldsFalse_gfx950,0.0048,131.3,4157.98
gfx950,256,32,7168,4224,False,torch.bfloat16,torch.bfloat16,False,False,flydsl,3022,2,15.0051,flydsl_gemm5_abf16_wbf16_bf16_t32x64x64_split_k2_block_m_warp2_block_n_warp2_block_k_warp1_async_copyTrue_b_to_ldsTrue_b_preshuffleFalse_c_to_ldsFalse_gfx950,0.0048,129.14,4084.23
gfx950,256,40,7168,4096,False,torch.bfloat16,torch.bfloat16,False,False,flydsl,3700,1,15.408,flydsl_gemm6_abf16_wbf16_bf16_t32x64x128_split_k1_block_m_warp1_block_n_warp2_block_k_warp2_async_copyTrue_b_to_ldsTrue_b_preshuffleFalse_c_to_ldsFalse_gfx950,0.005,152.44,3869.51
gfx950,256,48,7168,768,False,torch.bfloat16,torch.bfloat16,False,False,flydsl,3036,1,5.3724,flydsl_gemm4_abf16_wbf16_bf16_t32x64x128_split_k1_block_m_warp2_block_n_warp2_block_k_warp1_async_copyTrue_b_to_ldsTrue_b_preshuffleFalse_c_to_ldsFalse_gfx950,0.0,98.37,2191.18
gfx950,256,56,7168,1536,False,torch.bfloat16,torch.bfloat16,False,False,flydsl,5077,1,8.7281,flydsl_gemm5_abf16_wbf16_bf16_t32x64x128_split_k1_block_m_warp1_block_n_warp4_block_k_warp1_async_copyTrue_b_to_ldsTrue_b_preshuffleFalse_c_to_ldsFalse_gfx950,0.0,141.28,2634.59
gfx950,256,64,7168,3584,False,torch.bfloat16,torch.bfloat16,False,False,flydsl,2617,1,15.1478,flydsl_gemm3_abf16_wbf16_bf16_t32x64x256_split_k1_block_m_warp1_block_n_warp2_block_k_warp2_async_copyTrue_b_to_ldsTrue_b_preshuffleFalse_c_to_ldsFalse_gfx950,0.0048,217.08,3482.78
gfx950,256,64,7168,4224,False,torch.bfloat16,torch.bfloat16,False,False,flydsl,3288,1,17.9141,flydsl_gemm4_abf16_wbf16_bf16_t32x64x128_split_k1_block_m_warp1_block_n_warp4_block_k_warp1_async_copyTrue_b_to_ldsTrue_b_preshuffleFalse_c_to_ldsFalse_gfx950,0.0,216.34,3461.71
gfx950,256,96,7168,4096,False,torch.bfloat16,torch.bfloat16,False,False,flydsl,2373,1,18.7467,flydsl_gemm3_abf16_wbf16_bf16_t32x64x128_split_k1_block_m_warp1_block_n_warp1_block_k_warp2_async_copyTrue_b_to_ldsTrue_b_preshuffleFalse_c_to_ldsFalse_gfx950,0.0049,300.7,3247.66
gfx950,256,128,7168,768,False,torch.bfloat16,torch.bfloat16,False,False,flydsl,5206,1,7.0673,flydsl_gemm4_abf16_wbf16_bf16_t64x64x128_split_k1_block_m_warp4_block_n_warp2_block_k_warp1_async_copyTrue_b_to_ldsTrue_b_preshuffleFalse_c_to_ldsFalse_gfx950,0.0,199.41,1845.35
gfx950,256,256,7168,1536,False,torch.bfloat16,torch.bfloat16,False,False,flydsl,3519,1,13.0052,flydsl_gemm3_abf16_wbf16_bf16_t128x64x128_split_k1_block_m_warp4_block_n_warp2_block_k_warp1_async_copyTrue_b_to_ldsTrue_b_preshuffleFalse_c_to_ldsFalse_gfx950,0.0,433.45,2035.84
gfx950,256,512,7168,3584,False,torch.bfloat16,torch.bfloat16,False,False,hipblaslt,440199,0,34.3668,Cijk_Alik_Bljk_BBS_BH_Bias_HA_S_SAV_UserArgs_MT128x128x128_MI32x32x1_SN_LDSB0_AFC0_AFEM1_AFEM1_ASEM1_CLR0_CADS0_DTLA0_DTLB0_DTVA0_DTVB0_EPS0_FDSI0_GRPM1_GRVWA8_GRVWB8_GSU0_GSUAMB_GLS0_ISA950_IU1_K1_LDSTI0_LBSPPA512_LBSPPB512_LBSPPM0_LPA8_LPB8_LPM0_LRVW8_LWPMn1_MIAV0_MIWT2_2_MO40_NTn1_NTA2_NTB3_NTC7_NTD7_NTM0_NEPBS0_NLCA1_NLCB1_ONLL1_PGR2_PLR1_PKA1_SIA3_SS1_SPO1_SRVW0_SSO1_SVW2_SK3_SKFTR0_SKXCCM8_TLDS2_ULSGRO0_USL1_UIOFGRO0_USFGRO0_VSn1_VWA2_VWB2_WSGRA0_WSGRB0_WS64_WG64_4_1,0.0,765.47,1815.42
gfx950,256,512,7168,4224,False,torch.bfloat16,torch.bfloat16,False,False,hipblaslt,440199,0,39.6501,Cijk_Alik_Bljk_BBS_BH_Bias_HA_S_SAV_UserArgs_MT128x128x128_MI32x32x1_SN_LDSB0_AFC0_AFEM1_AFEM1_ASEM1_CLR0_CADS0_DTLA0_DTLB0_DTVA0_DTVB0_EPS0_FDSI0_GRPM1_GRVWA8_GRVWB8_GSU0_GSUAMB_GLS0_ISA950_IU1_K1_LDSTI0_LBSPPA512_LBSPPB512_LBSPPM0_LPA8_LPB8_LPM0_LRVW8_LWPMn1_MIAV0_MIWT2_2_MO40_NTn1_NTA2_NTB3_NTC7_NTD7_NTM0_NEPBS0_NLCA1_NLCB1_ONLL1_PGR2_PLR1_PKA1_SIA3_SS1_SPO1_SRVW0_SSO1_SVW2_SK3_SKFTR0_SKXCCM8_TLDS2_ULSGRO0_USL1_UIOFGRO0_USFGRO0_VSn1_VWA2_VWB2_WSGRA0_WSGRB0_WS64_WG64_4_1,0.0,781.95,1821.45
gfx950,256,1024,7168,4096,False,torch.bfloat16,torch.bfloat16,False,False,hipblaslt,441313,0,60.4613,Cijk_Alik_Bljk_BBS_BH_Bias_HA_S_SAV_UserArgs_MT128x256x64_MI16x16x1_SN_LDSB0_AFC0_AFEM1_AFEM1_ASEM1_CLR1_CADS0_DTLA1_DTLB1_DTVA0_DTVB0_EPS0_FDSI0_GRPM1_GRVWA8_GRVWB8_GSU0_GSUAMB_GLS0_ISA950_IU1_K1_LDSTI0_LBSPPA1024_LBSPPB1024_LBSPPM0_LPA16_LPB16_LPM0_LRVW8_LWPMn1_MIAV0_MIWT4_8_MO40_NTn1_NTA0_NTB0_NTC4_NTD4_NTM0_NEPBS0_NLCA1_NLCB1_ONLL1_PGR2_PLR1_PKA1_SIA3_SS1_SPO0_SRVW0_SSO1_SVW4_SK3_SKFTR0_SKXCCM0_TLDS1_ULSGRO0_USL1_UIOFGRO0_USFGROn1_VSn1_VWA4_VWB8_WSGRA0_WSGRB0_WS64_WG32_8_1,0.0,994.51,1352.75
gfx950,256,2048,7168,768,False,torch.bfloat16,torch.bfloat16,False,False,hipblaslt,441462,0,24.1266,Custom_Cijk_Alik_Bljk_BBS_BH_MT256x256x64_MI16x16x1_UserArgs_shortname1_gfx950,0.0,934.59,1803.65
gfx950,256,4096,7168,1536,False,torch.bfloat16,torch.bfloat16,False,False,hipblaslt,440587,0,83.1428,Cijk_Alik_Bljk_BBS_BH_Bias_HA_S_SAV_UserArgs_MT256x256x64_MI16x16x1_CMS_SN_LDSB0_AFC0_AFEM1_AFEM1_ASEM1_CLR0_CADS0_DTLA1_DTLB1_DTVA0_DTVB0_EPS0_FDSI0_GRPM1_GRVWA8_GRVWB8_GSU0_GSUAMB_GLS0_ISA950_IU1_K1_LDSTI0_LBSPPA1024_LBSPPB1024_LBSPPM0_LPA16_LPB16_LPM0_LRVW8_LWPMn1_MIAV0_MIWT8_8_MO40_NTn1_NTA0_NTB1_NTC0_NTD0_NTM0_NEPBS0_NLCA1_NLCB1_ONLL1_PGR2_PLR1_PKA1_SIA3_SS1_SPO1_SRVW0_SSO1_SVW8_SK3_SKFTR0_SKXCCM0_TLDS1_ULSGRO0_USL1_UIOFGRO0_USFGRO0_VSn1_VWA8_VWB8_WSGRA0_WSGRB0_WS64_WG32_8_1,0.0,1084.81,1122.45
gfx950,256,8192,7168,3584,False,torch.bfloat16,torch.bfloat16,False,False,asm,10,1,315.322,_ZN5aiter24bf16gemm_bf16_tn_256x256E,0.0,1334.85,721.61
gfx950,256,8192,7168,4224,False,torch.bfloat16,torch.bfloat16,False,False,hipblaslt,439609,0,360.7631,Cijk_Alik_Bljk_BBS_BH_Bias_HA_S_SAV_UserArgs_MT256x256x64_MI16x16x1_CMS_SN_LDSB0_AFC0_AFEM1_AFEM1_ASEM1_CLR0_CADS0_DTLA1_DTLB1_DTVA0_DTVB0_EPS0_FDSI0_GRPM1_GRVWA8_GRVWB8_GSU0_GSUAMB_GLS0_ISA950_IU1_K1_LDSTI0_LBSPPA1024_LBSPPB1024_LBSPPM0_LPA16_LPB16_LPM0_LRVW8_LWPMn1_MIAV0_MIWT8_8_MO40_NTn1_NTA2_NTB2_NTC2_NTD5_NTM0_NEPBS16_NLCA1_NLCB1_ONLL1_PGR2_PLR1_PKA1_SIA3_SS1_SPO0_SRVW0_SSO4_SVW8_SK3_SKFTR0_SKXCCM0_TLDS1_ULSGRO0_USL1_UIOFGRO0_USFGRO0_VSn1_VWA8_VWB8_WSGRA0_WSGRB0_WS64_WG32_8_1,0.0,1375.05,685.22
gfx950,256,16384,7168,4096,False,torch.bfloat16,torch.bfloat16,False,False,hipblaslt,440271,0,632.1955,Cijk_Alik_Bljk_BBS_BH_Bias_HA_S_SAV_UserArgs_MT256x256x64_MI16x16x1_SN_LDSB0_AFC0_AFEM1_AFEM1_ASEM1_CLR0_CADS0_DTLA1_DTLB1_DTVA0_DTVB0_EPS0_FDSI0_GRPM1_GRVWA8_GRVWB8_GSUAMB_GLS0_ISA950_IU1_K1_LDSTI0_LBSPPA1024_LBSPPB1024_LBSPPM0_LPA16_LPB16_LPM0_LRVW8_LWPMn1_MIAV0_MIWT8_8_MO40_NTn1_NTA0_NTB3_NTC4_NTD5_NTM0_NEPBS0_NLCA1_NLCB1_ONLL1_PGR2_PLR1_PKA1_SIA3_SS1_SPO0_SRVW0_SSO0_SVW8_SK0_SKFTR0_SKXCCM0_TLDS1_ULSGRO0_USL1_UIOFGRO0_USFGRO1_VSn1_VWA8_VWB8_WSGRA0_WSGRB0_WS64_WG32_8_1,0.0,1521.8,676.72
gfx950,256,8,8448,7168,False,torch.bfloat16,torch.bfloat16,False,False,flydsl,2975,7,24.5052,flydsl_gemm4_abf16_wbf16_bf16_t16x256x64_split_k7_block_m_warp1_block_n_warp2_block_k_warp1_async_copyTrue_b_to_ldsTrue_b_preshuffleFalse_c_to_ldsFalse_gfx950,0.0191,39.54,4952.43
gfx950,256,40,8448,7168,False,torch.bfloat16,torch.bfloat16,False,False,hipblaslt,440176,0,29.0145,Cijk_Alik_Bljk_BBS_BH_Bias_HA_S_SAV_UserArgs_MT80x64x256_MI16x16x1_SN_LDSB0_AFC0_AFEM1_AFEM1_ASEM1_CLR0_CADS0_DTLA0_DTLB0_DTVA0_DTVB0_EPS0_FDSI0_GRPM1_GRVWA8_GRVWB8_GSU0_GSUAMB_GLS0_ISA950_IU1_K1_LDSTI0_LBSPPA512_LBSPPB512_LBSPPM0_LPA16_LPB16_LPM0_LRVW8_LWPMn1_MIAV0_MIWT5_1_MO40_NTn1_NTA3_NTB0_NTC1_NTD1_NTM0_NEPBS0_NLCA1_NLCB1_ONLL1_PGR2_PLR1_PKA1_SIA3_SS1_SPO0_SRVW0_SSO0_SVW1_SK3_SKFTR0_SKXCCM4_TLDS1_ULSGRO0_USL1_UIOFGRO0_USFGRO0_VSn1_VWA1_VWB1_WSGRA0_WSGRB0_WS64_WG16_16_1,0.0,166.97,4217.2
gfx950,256,96,8448,7168,False,torch.bfloat16,torch.bfloat16,False,False,hipblaslt,441310,0,33.045,Cijk_Alik_Bljk_BBS_BH_Bias_HA_S_SAV_UserArgs_MT160x96x64_MI16x16x1_SN_LDSB1_AFC0_AFEM1_AFEM1_ASEM1_CLR1_CADS0_DTLA0_DTLB0_DTVA0_DTVB0_EPS0_FDSI0_GRPM1_GRVWA8_GRVWB8_GSU0_GSUAMB_GLS0_ISA950_IU1_K1_LDSTI0_LBSPPA128_LBSPPB128_LBSPPM0_LPA16_LPB16_LPM0_LRVW8_LWPMn1_MIAV0_MIWT5_3_MO40_NTn1_NTA0_NTB0_NTC0_NTD0_NTM0_NEPBS0_NLCA1_NLCB1_ONLL1_PGR2_PLR1_PKA1_SIA3_SS1_SPO0_SRVW0_SSO0_SVW1_SK3_SKFTR0_SKXCCM0_TLDS1_ULSGRO0_USL1_UIOFGRO0_USFGRO0_VSn1_VWA1_VWB1_WSGRA0_WSGRB0_WS64_WG32_8_1,0.0,351.84,3755.75
gfx950,256,1024,8448,7168,False,torch.bfloat16,torch.bfloat16,False,False,hipblaslt,440011,0,122.1848,Cijk_Alik_Bljk_BBS_BH_Bias_HA_S_SAV_UserArgs_MT256x160x64_MI16x16x1_SN_LDSB0_AFC0_AFEM1_AFEM1_ASEM1_CLR0_CADS0_DTLA1_DTLB1_DTVA0_DTVB0_EPS0_FDSI0_GRPM1_GRVWA8_GRVWB8_GSU0_GSUAMB_GLS0_ISA950_IU1_K1_LDSTI0_LBSPPA1024_LBSPPB1024_LBSPPM0_LPA16_LPB16_LPM0_LRVW8_LWPMn1_MIAV0_MIWT8_5_MO40_NTn1_NTA2_NTB3_NTC4_NTD6_NTM0_NEPBS16_NLCA1_NLCB1_ONLL1_PGR2_PLR1_PKA1_SIA3_SS1_SPO0_SRVW0_SSO0_SVW8_SK3_SKFTR0_SKXCCM0_TLDS2_ULSGRO0_USL1_UIOFGRO0_USFGROn1_VSn1_VWA8_VWB1_WSGRA0_WSGRB0_WS64_WG32_8_1,0.0,1015.0,1252.96
gfx950,256,1,16160,7168,False,torch.bfloat16,torch.bfloat16,False,False,hipblaslt,440907,0,36.562,Cijk_Alik_Bljk_BBS_BH_Bias_HA_S_SAV_UserArgs_MT32x16x512_MI16x16x1_SN_LDSB1_AFC0_AFEM1_AFEM1_ASEM1_CLR1_CADS0_DTLA0_DTLB0_DTVA0_DTVB0_EPS0_FDSI0_GRPM1_GRVWA8_GRVWB8_GSU0_GSUAMB_GLS0_ISA950_IU1_K1_LDSTI0_LBSPPA1024_LBSPPB1024_LBSPPM0_LPA16_LPB16_LPM0_LRVW8_LWPMn1_MIAV0_MIWT2_1_MO40_NTn1_NTA4_NTB0_NTC0_NTD0_NTM0_NEPBS0_NLCA1_NLCB1_ONLL1_PGR2_PLR1_PKA1_SIA3_SS1_SPO0_SRVW0_SSO0_SVW1_SK3_SKFTR0_SKXCCM8_TLDS1_ULSGRO0_USL1_UIOFGRO0_USFGRO0_VSn1_VWA1_VWB1_WSGRA0_WSGRB0_WS64_WG16_4_4,0.0,6.34,6337.63
gfx950,256,16,16160,7168,False,torch.bfloat16,torch.bfloat16,False,False,hipblaslt,440891,0,37.4289,Cijk_Alik_Bljk_BBS_BH_Bias_HA_S_SAV_UserArgs_MT64x32x256_MI16x16x1_SN_LDSB0_AFC0_AFEM1_AFEM1_ASEM1_CLR0_CADS0_DTLA1_DTLB1_DTVA0_DTVB0_EPS0_FDSI0_GRPM1_GRVWA8_GRVWB8_GSU0_GSUAMB_GLS0_ISA950_IU1_K1_LDSTI0_LBSPPA1024_LBSPPB1024_LBSPPM0_LPA16_LPB16_LPM0_LRVW8_LWPMn1_MIAV0_MIWT2_1_MO40_NTn1_NTA4_NTB0_NTC3_NTD1_NTM0_NEPBS10_NLCA1_NLCB1_ONLL1_PGR2_PLR1_PKA1_SIA3_SS1_SPO0_SRVW0_SSO0_SVW2_SK3_SKFTR0_SKXCCM8_TLDS2_ULSGRO0_USL1_UIOFGRO0_USFGROn1_VSn1_VWA2_VWB1_WSGRA0_WSGRB0_WS64_WG32_8_1,0.0,99.03,6209.54
gfx950,256,48,16160,7168,False,torch.bfloat16,torch.bfloat16,False,False,hipblaslt,440929,0,39.8612,Cijk_Alik_Bljk_BBS_BH_Bias_HA_S_SAV_UserArgs_MT64x48x256_MI16x16x1_SN_LDSB0_AFC0_AFEM1_AFEM1_ASEM1_CLR1_CADS0_DTLA0_DTLB0_DTVA0_DTVB0_EPS0_FDSI0_GRPM1_GRVWA8_GRVWB8_GSU0_GSUAMB_GLS0_ISA950_IU1_K1_LDSTI0_LBSPPA512_LBSPPB512_LBSPPM0_LPA16_LPB16_LPM0_LRVW8_LWPMn1_MIAV0_MIWT1_3_MO40_NTn1_NTA4_NTB0_NTC1_NTD5_NTM0_NEPBS16_NLCA1_NLCB1_ONLL1_PGR2_PLR1_PKA1_SIA3_SS1_SPO1_SRVW0_SSO0_SVW1_SK3_SKFTR0_SKXCCM0_TLDS2_ULSGRO0_USL1_UIOFGRO0_USFGRO1_VSn1_VWA1_VWB1_WSGRA0_WSGRB0_WS64_WG64_4_1,0.0,278.97,5868.09
gfx950,256,128,16160,7168,False,torch.bfloat16,torch.bfloat16,False,False,hipblaslt,440209,0,47.7987,Cijk_Alik_Bljk_BBS_BH_Bias_HA_S_SAV_UserArgs_MT128x128x128_MI16x16x1_SN_LDSB0_AFC0_AFEM1_AFEM1_ASEM1_CLR0_CADS0_DTLA0_DTLB0_DTVA0_DTVB0_EPS0_FDSI0_GRPM1_GRVWA8_GRVWB8_GSU0_GSUAMB_GLS0_ISA950_IU1_K1_LDSTI0_LBSPPA1024_LBSPPB1024_LBSPPM0_LPA16_LPB16_LPM0_LRVW8_LWPMn1_MIAV1_MIWT4_4_MO40_NTn1_NTA7_NTB2_NTC2_NTD2_NTM0_NEPBS0_NLCA1_NLCB1_ONLL1_PGR2_PLR1_PKA1_SIA3_SS1_SPO1_SRVW0_SSO0_SVW4_SK3_SKFTR0_SKXCCM8_TLDS1_ULSGRO0_USL1_UIOFGRO0_USFGRO0_VSn1_VWA4_VWB4_WSGRA0_WSGRB0_WS64_WG32_8_1,0.0,620.39,4971.72
gfx950,256,1,20480,7168,False,torch.bfloat16,torch.bfloat16,False,False,hipblaslt,440602,0,45.8447,Cijk_Alik_Bljk_BBS_BH_Bias_HA_S_SAV_UserArgs_MT16x16x256_MI16x16x1_SN_LDSB0_AFC0_AFEM1_AFEM1_ASEM1_CLR1_CADS0_DTLA1_DTLB1_DTVA0_DTVB0_EPS0_FDSI0_GRPM1_GRVWA8_GRVWB8_GSU0_GSUAMB_GLS0_ISA950_IU1_K1_LDSTI0_LBSPPA1024_LBSPPB1024_LBSPPM0_LPA16_LPB16_LPM0_LRVW8_LWPMn1_MIAV1_MIWT1_1_MO40_NTn1_NTA7_NTB1_NTC1_NTD1_NTM0_NEPBS10_NLCA1_NLCB1_ONLL1_PGR2_PLR1_PKA1_SIA3_SS0_SPO1_SRVW0_SSO0_SVW1_SK3_SKFTR0_SKXCCM0_TLDS1_ULSGRO0_USL1_UIOFGRO0_USFGRO1_VSn1_VWA1_VWB1_WSGRA0_WSGRB0_WS64_WG16_4_4,0.0,6.4,6405.46
gfx950,256,16,20480,7168,False,torch.bfloat16,torch.bfloat16,False,False,hipblaslt,440308,0,46.9462,Cijk_Alik_Bljk_BBS_BH_Bias_HA_S_SAV_UserArgs_MT96x16x256_MI16x16x1_SN_LDSB0_AFC0_AFEM1_AFEM1_ASEM1_CLR0_CADS0_DTLA1_DTLB1_DTVA0_DTVB0_EPS0_FDSI0_GRPM1_GRVWA8_GRVWB8_GSU0_GSUAMB_GLS0_ISA950_IU1_K1_LDSTI0_LBSPPA1024_LBSPPB1024_LBSPPM0_LPA16_LPB16_LPM0_LRVW8_LWPMn1_MIAV0_MIWT3_1_MO40_NTn1_NTA7_NTB0_NTC3_NTD2_NTM0_NEPBS10_NLCA1_NLCB1_ONLL1_PGR2_PLR1_PKA1_SIA3_SS0_SPO0_SRVW0_SSO0_SVW4_SK3_SKFTR0_SKXCCM0_TLDS2_ULSGRO0_USL1_UIOFGRO0_USFGRO0_VSn1_VWA1_VWB1_WSGRA0_WSGRB0_WS64_WG32_4_1,0.0,100.06,6272.84
gfx950,256,48,20480,7168,False,torch.bfloat16,torch.bfloat16,False,False,hipblaslt,439915,0,50.2078,Cijk_Alik_Bljk_BBS_BH_Bias_HA_S_SAV_UserArgs_MT80x64x256_MI16x16x1_SN_LDSB0_AFC0_AFEM1_AFEM1_ASEM1_CLR0_CADS0_DTLA0_DTLB0_DTVA0_DTVB0_EPS0_FDSI0_GRPM1_GRVWA8_GRVWB8_GSU0_GSUAMB_GLS0_ISA950_IU1_K1_LDSTI0_LBSPPA512_LBSPPB512_LBSPPM0_LPA16_LPB16_LPM0_LRVW8_LWPMn1_MIAV0_MIWT5_1_MO40_NTn1_NTA5_NTB2_NTC1_NTD3_NTM0_NEPBS16_NLCA1_NLCB1_ONLL1_PGR2_PLR1_PKA1_SIA3_SS0_SPO1_SRVW0_SSO0_SVW4_SK3_SKFTR0_SKXCCM0_TLDS2_ULSGRO0_USL1_UIOFGRO0_USFGRO0_VSn1_VWA1_VWB1_WSGRA0_WSGRB0_WS64_WG16_16_1,0.0,280.69,5900.59
gfx950,256,128,20480,7168,False,torch.bfloat16,torch.bfloat16,False,False,hipblaslt,439644,0,62.7421,Cijk_Alik_Bljk_BBS_BH_Bias_HA_S_SAV_UserArgs_MT96x128x128_MI16x16x1_SN_LDSB0_AFC0_AFEM1_AFEM1_ASEM1_CLR0_CADS0_DTLA0_DTLB0_DTVA0_DTVB0_EPS0_FDSI0_GRPM1_GRVWA8_GRVWB8_GSU0_GSUAMB_GLS0_ISA950_IU1_K1_LDSTI0_LBSPPA512_LBSPPB512_LBSPPM0_LPA16_LPB16_LPM0_LRVW8_LWPMn1_MIAV0_MIWT6_2_MO40_NTn1_NTA7_NTB0_NTC4_NTD1_NTM0_NEPBS0_NLCA1_NLCB1_ONLL1_PGR2_PLR1_PKA1_SIA3_SS1_SPO0_SRVW0_SSO0_SVW2_SK3_SKFTR0_SKXCCM4_TLDS2_ULSGRO0_USL1_UIOFGRO0_USFGRO0_VSn1_VWA2_VWB2_WSGRA0_WSGRB0_WS64_WG16_16_1,0.0,598.98,4792.3
gfx950,256,128,1024,4096,False,torch.bfloat16,torch.bfloat16,False,False,hipblaslt,440531,0,9.2171,Cijk_Alik_Bljk_BBS_BH_Bias_HA_S_SAV_UserArgs_MT16x32x512_MI16x16x1_SN_LDSB0_AFC1_AFEM1_AFEM1_ASEM1_CLR1_CADS0_DTLA1_DTLB1_DTVA0_DTVB0_EPS0_FDSI0_GRPM1_GRVWA8_GRVWB8_GSU0_GSUAMB_GLS0_ISA950_IU1_K1_LDSTI0_LBSPPA1024_LBSPPB1024_LBSPPM0_LPA16_LPB16_LPM0_LRVW8_LWPMn1_MIAV1_MIWT1_1_MO40_NTn1_NTA7_NTB2_NTC0_NTD0_NTM0_NEPBS16_NLCA1_NLCB1_ONLL1_PGR2_PLR1_PKA1_SIA3_SS1_SPO0_SRVW0_SSO0_SVW1_SK3_SKFTR0_SKXCCM0_TLDS1_ULSGRO0_USL1_UIOFGRO0_USFGRO1_VSn1_VWA1_VWB1_WSGRA0_WSGRB0_WS64_WG16_8_2,0.0,116.49,1052.32
gfx950,256,2048,1024,4096,False,torch.bfloat16,torch.bfloat16,False,False,hipblaslt,439992,0,27.9873,Cijk_Alik_Bljk_BBS_BH_Bias_HA_S_SAV_UserArgs_MT96x96x128_MI16x16x1_SN_LDSB0_AFC0_AFEM1_AFEM1_ASEM1_CLR0_CADS0_DTLA0_DTLB0_DTVA0_DTVB0_EPS0_FDSI0_GRPM1_GRVWA8_GRVWB8_GSU0_GSUAMB_GLS0_ISA950_IU1_K1_LDSTI0_LBSPPA256_LBSPPB256_LBSPPM0_LPA16_LPB16_LPM0_LRVW8_LWPMn1_MIAV0_MIWT3_3_MO40_NTn1_NTA3_NTB2_NTC0_NTD4_NTM0_NEPBS0_NLCA1_NLCB1_ONLL1_PGR2_PLR1_PKA1_SIA3_SS1_SPO0_SRVW0_SSO0_SVW1_SK3_SKFTR0_SKXCCM4_TLDS1_ULSGRO0_USL1_UIOFGRO0_USFGRO0_VSn1_VWA1_VWB1_WSGRA0_WSGRB0_WS64_WG32_8_1,0.0,613.85,1049.05
gfx950,256,24576,1024,4096,False,torch.bfloat16,torch.bfloat16,False,False,opus,6400,0,159.375,opus_gemm_mono_tile_512x192x256x64_2x4_16x16x32_0x0x0_nooob_4g_safe,0.0,1293.54,1631.67
gfx950,256,67268,1024,4096,False,torch.bfloat16,torch.bfloat16,False,False,hipblaslt,440488,0,420.6321,Cijk_Alik_Bljk_BBS_BH_Bias_HA_S_SAV_UserArgs_MT256x224x64_MI16x16x1_SN_LDSB0_AFC1_AFEM1_AFEM1_ASEM1_CLR0_CADS0_DTLA1_DTLB1_DTVA0_DTVB0_EPS0_FDSI0_GRPM1_GRVWA8_GRVWB8_GSU0_GSUAMB_GLS0_ISA950_IU1_K1_LDSTI0_LBSPPA1024_LBSPPB1024_LBSPPM0_LPA16_LPB16_LPM0_LRVW8_LWPMn1_MIAV0_MIWT8_7_MO40_NTn1_NTA1_NTB1_NTC5_NTD7_NTM0_NEPBS0_NLCA1_NLCB1_ONLL1_PGR2_PLR1_PKA1_SIA3_SS1_SPO1_SRVW0_SSO1_SVW8_SK3_SKFTR0_SKXCCM0_TLDS1_ULSGRO0_USL1_UIOFGRO0_USFGRO0_VSn1_VWA8_VWB1_WSGRA0_WSGRB0_WS64_WG32_8_1,0.0,1341.52,1657.54
gfx950,256,1,1536,7168,False,torch.bfloat16,torch.bfloat16,False,False,flydsl,5257,7,7.0665,flydsl_gemm8_abf16_wbf16_bf16_t16x64x64_split_k7_block_m_warp1_block_n_warp2_block_k_warp1_async_copyTrue_b_to_ldsTrue_b_preshuffleFalse_c_to_ldsFalse_gfx950,0.0163,3.12,3118.59
gfx950,256,8,1536,128,False,torch.bfloat16,torch.bfloat16,False,False,flydsl,29,1,3.5135,flydsl_gemm2_abf16_wbf16_bf16_t16x64x64_split_k1_block_m_warp1_block_n_warp2_block_k_warp1_async_copyTrue_b_to_ldsTrue_b_preshuffleFalse_c_to_ldsFalse_gfx950,0.0,0.9,119.49
gfx950,256,16,1536,7168,False,torch.bfloat16,torch.bfloat16,False,False,flydsl,4495,8,7.9527,flydsl_gemm6_abf16_wbf16_bf16_t16x64x64_split_k8_block_m_warp1_block_n_warp2_block_k_warp1_async_copyTrue_b_to_ldsTrue_b_preshuffleFalse_c_to_ldsFalse_gfx950,0.0225,44.3,2803.91
gfx950,256,40,1536,128,False,torch.bfloat16,torch.bfloat16,False,False,flydsl,29,1,3.573,flydsl_gemm2_abf16_wbf16_bf16_t16x64x64_split_k1_block_m_warp1_block_n_warp2_block_k_warp1_async_copyTrue_b_to_ldsTrue_b_preshuffleFalse_c_to_ldsFalse_gfx950,0.0,4.4,147.31
gfx950,256,48,1536,7168,False,torch.bfloat16,torch.bfloat16,False,False,flydsl,3204,4,10.793,flydsl_gemm4_abf16_wbf16_bf16_t32x64x128_split_k4_block_m_warp1_block_n_warp4_block_k_warp1_async_copyTrue_b_to_ldsTrue_b_preshuffleFalse_c_to_ldsFalse_gfx950,0.0137,97.93,2117.64
gfx950,256,96,1536,128,False,torch.bfloat16,torch.bfloat16,False,False,flydsl,189,1,3.5675,flydsl_gemm2_abf16_wbf16_bf16_t16x64x64_split_k1_block_m_warp1_block_n_warp2_block_k_warp1_async_copyTrue_b_to_ldsTrue_b_preshuffleFalse_c_to_ldsFalse_gfx950,0.0,10.58,199.78
gfx950,256,128,1536,7168,False,torch.bfloat16,torch.bfloat16,False,False,flydsl,3375,4,15.5803,flydsl_gemm3_abf16_wbf16_bf16_t32x64x128_split_k4_block_m_warp1_block_n_warp2_block_k_warp2_async_copyTrue_b_to_ldsTrue_b_preshuffleFalse_c_to_ldsFalse_gfx950,0.0216,180.91,1556.34
gfx950,256,1024,1536,128,False,torch.bfloat16,torch.bfloat16,False,False,flydsl,365,1,3.7674,flydsl_gemm2_abf16_wbf16_bf16_t32x64x64_split_k1_block_m_warp2_block_n_warp2_block_k_warp1_async_copyTrue_b_to_ldsTrue_b_preshuffleFalse_c_to_ldsFalse_gfx950,0.0,106.88,1008.94
gfx950,256,2048,1536,7168,False,torch.bfloat16,torch.bfloat16,False,False,hipblaslt,439726,0,55.632,Cijk_Alik_Bljk_BBS_BH_Bias_HA_S_SAV_UserArgs_MT192x256x64_MI16x16x1_SN_LDSB1_AFC0_AFEM1_AFEM1_ASEM1_CLR1_CADS0_DTLA0_DTLB0_DTVA0_DTVB0_EPS0_FDSI0_GRPM1_GRVWA8_GRVWB8_GSU0_GSUAMB_GLS0_ISA950_IU1_K1_LDSTI0_LBSPPA512_LBSPPB512_LBSPPM0_LPA16_LPB16_LPM0_LRVW8_LWPMn1_MIAV0_MIWT12_4_MO40_NTn1_NTA1_NTB1_NTC4_NTD2_NTM0_NEPBS0_NLCA1_NLCB1_ONLL1_PGR2_PLR1_PKA1_SIA3_SS1_SPO0_SRVW0_SSO1_SVW4_SK3_SKFTR0_SKXCCM0_TLDS1_ULSGRO0_USL1_UIOFGRO0_USFGRO0_VSn1_VWA4_VWB4_WSGRA0_WSGRB0_WS64_WG16_16_1,0.0,810.63,1036.66
gfx950,256,2,2112,7168,False,torch.bfloat16,torch.bfloat16,False,False,flydsl,1142,7,8.1456,flydsl_gemm4_abf16_wbf16_bf16_t16x64x64_split_k7_block_m_warp1_block_n_warp2_block_k_warp1_async_copyTrue_b_to_ldsTrue_b_preshuffleFalse_c_to_ldsFalse_gfx950,0.0154,7.43,3721.61
gfx950,256,24,2112,7168,False,torch.bfloat16,torch.bfloat16,False,False,flydsl,1137,4,12.2555,flydsl_gemm4_abf16_wbf16_bf16_t16x64x64_split_k4_block_m_warp1_block_n_warp1_block_k_warp1_async_copyTrue_b_to_ldsTrue_b_preshuffleFalse_c_to_ldsFalse_gfx950,0.0141,59.29,2506.88
gfx950,256,56,2112,7168,False,torch.bfloat16,torch.bfloat16,False,False,asm,5,7,14.5813,_ZN5aiter39bf16gemm_fp32bf16_tn_64x64_splitk_cleanE,0.0198,116.28,2147.75
gfx950,256,256,2112,7168,False,torch.bfloat16,torch.bfloat16,False,False,hipblaslt,440339,0,22.7924,Cijk_Alik_Bljk_BBS_BH_Bias_HA_S_SAV_UserArgs_MT128x128x64_MI32x32x1_SN_LDSB0_AFC1_AFEM1_AFEM1_ASEM1_CLR1_CADS0_DTLA0_DTLB0_DTVA0_DTVB0_EPS0_FDSI0_GRPM1_GRVWA8_GRVWB8_GSU0_GSUAMB_GLS0_ISA950_IU1_K1_LDSTI0_LBSPPA256_LBSPPB256_LBSPPM0_LPA8_LPB8_LPM0_LRVW8_LWPMn1_MIAV1_MIWT2_2_MO40_NTn1_NTA0_NTB3_NTC1_NTD3_NTM0_NEPBS2_NLCA1_NLCB1_ONLL1_PGR2_PLR1_PKA1_SIA3_SS1_SPO0_SRVW0_SSO0_SVW2_SK3_SKFTR0_SKXCCM4_TLDS1_ULSGRO0_USL1_UIOFGRO0_USFGRO0_VSn1_VWA2_VWB2_WSGRA0_WSGRB0_WS64_WG64_4_1,0.0,340.07,1536.87
gfx950,256,4,2304,1536,False,torch.bfloat16,torch.bfloat16,False,False,flydsl,4993,4,5.1098,flydsl_gemm5_abf16_wbf16_bf16_t16x64x64_split_k4_block_m_warp1_block_n_warp2_block_k_warp1_async_copyTrue_b_to_ldsTrue_b_preshuffleFalse_c_to_ldsFalse_gfx950,0.008,5.54,1391.17
gfx950,256,32,2304,1536,False,torch.bfloat16,torch.bfloat16,False,False,hipblaslt,440288,0,6.1231,Cijk_Alik_Bljk_BBS_BH_Bias_HA_S_SAV_UserArgs_MT16x32x512_MI16x16x1_SN_LDSB0_AFC0_AFEM1_AFEM1_ASEM1_CLR1_CADS0_DTLA1_DTLB1_DTVA0_DTVB0_EPS0_FDSI0_GRPM1_GRVWA8_GRVWB8_GSU0_GSUAMB_GLS0_ISA950_IU1_K1_LDSTI0_LBSPPA1024_LBSPPB1024_LBSPPM0_LPA16_LPB16_LPM0_LRVW8_LWPMn1_MIAV1_MIWT1_1_MO40_NTn1_NTA7_NTB0_NTC0_NTD0_NTM0_NEPBS14_NLCA1_NLCB1_ONLL1_PGR2_PLR1_PKA1_SIA3_SS1_SPO0_SRVW0_SSO0_SVW1_SK3_SKFTR0_SKXCCM0_TLDS1_ULSGRO0_USL1_UIOFGRO0_USFGROn1_VSn1_VWA1_VWB1_WSGRA0_WSGRB0_WS64_WG16_8_2,0.0,36.99,1196.07
gfx950,256,64,2304,1536,False,torch.bfloat16,torch.bfloat16,False,False,flydsl,5279,1,6.7931,flydsl_gemm4_abf16_wbf16_bf16_t16x64x128_split_k1_block_m_warp1_block_n_warp2_block_k_warp1_async_copyTrue_b_to_ldsTrue_b_preshuffleFalse_c_to_ldsFalse_gfx950,0.0,66.68,1114.28
gfx950,256,512,2304,1536,False,torch.bfloat16,torch.bfloat16,False,False,flydsl,5427,1,11.3147,flydsl_gemm3_abf16_wbf16_bf16_t96x64x128_split_k1_block_m_warp1_block_n_warp4_block_k_warp1_async_copyTrue_b_to_ldsTrue_b_preshuffleFalse_c_to_ldsFalse_gfx950,0.0,320.28,973.07
gfx950,256,8192,2304,1536,False,torch.bfloat16,torch.bfloat16,False,False,hipblaslt,440644,0,55.5526,Cijk_Alik_Bljk_BBS_BH_Bias_HA_S_SAV_UserArgs_MT256x320x64_MI32x32x1_SN_LDSB0_AFC0_AFEM1_AFEM1_ASEM1_CLR0_CADS0_DTLA0_DTLB0_DTVA0_DTVB0_EPS0_FDSI0_GRPM1_GRVWA8_GRVWB8_GSU0_GSUAMB_GLS0_ISA950_IU1_K1_LDSTI0_LBSPPA512_LBSPPB128_LBSPPM0_LPA8_LPB8_LPM0_LRVW8_LWPMn1_MIAV0_MIWT4_5_MO40_NTn1_NTA0_NTB0_NTC0_NTD4_NTM0_NEPBS16_NLCA1_NLCB1_ONLL1_PGR2_PLR1_PKA1_SIA3_SS1_SPO0_SRVW0_SSO1_SVW4_SK3_SKFTR0_SKXCCM8_TLDS1_ULSGRO0_USL1_UIOFGRO0_USFGRO0_VSn1_VWA4_VWB1_WSGRA0_WSGRB0_WS64_WG64_4_1,0.0,1043.73,1259.93
gfx950,256,8,3072,512,False,torch.bfloat16,torch.bfloat16,False,False,flydsl,3484,1,4.0325,flydsl_gemm7_abf16_wbf16_bf16_t16x64x64_split_k1_block_m_warp1_block_n_warp2_block_k_warp1_async_copyTrue_b_to_ldsTrue_b_preshuffleFalse_c_to_ldsFalse_gfx950,0.0,6.24,794.31
gfx950,256,40,3072,512,False,torch.bfloat16,torch.bfloat16,False,False,flydsl,1182,1,4.2641,flydsl_gemm3_abf16_wbf16_bf16_t16x64x128_split_k1_block_m_warp1_block_n_warp2_block_k_warp1_async_copyTrue_b_to_ldsTrue_b_preshuffleFalse_c_to_ldsFalse_gfx950,0.0,29.51,804.96
gfx950,256,96,3072,512,False,torch.bfloat16,torch.bfloat16,False,False,flydsl,681,1,4.7247,flydsl_gemm2_abf16_wbf16_bf16_t32x64x256_split_k1_block_m_warp1_block_n_warp4_block_k_warp1_async_copyTrue_b_to_ldsTrue_b_preshuffleFalse_c_to_ldsFalse_gfx950,0.0,63.92,811.45
gfx950,256,1024,3072,512,False,torch.bfloat16,torch.bfloat16,False,False,hipblaslt,439860,0,8.5843,Cijk_Alik_Bljk_BBS_BH_Bias_HA_S_SAV_UserArgs_MT96x128x128_MI16x16x1_SN_LDSB0_AFC0_AFEM1_AFEM1_ASEM1_CLR1_CADS0_DTLA0_DTLB0_DTVA0_DTVB0_EPS0_FDSI0_GRPM1_GRVWA8_GRVWB8_GSUAMB_GLS0_ISA950_IU1_K1_LDSTI0_LBSPPA512_LBSPPB512_LBSPPM0_LPA16_LPB16_LPM0_LRVW8_LWPMn1_MIAV0_MIWT6_2_MO40_NTn1_NTA1_NTB1_NTC1_NTD5_NTM0_NEPBS0_NLCA1_NLCB1_ONLL1_PGR2_PLR1_PKA1_SIA3_SS1_SPO0_SRVW0_SSO0_SVW2_SK0_SKFTR0_SKXCCM0_TLDS1_ULSGRO0_USL1_UIOFGRO0_USFGROn1_VSn1_VWA2_VWB2_WSGRA0_WSGRB0_WS64_WG16_16_1,0.0,375.25,1221.5
gfx950,256,6144,3072,512,False,torch.bfloat16,torch.bfloat16,False,False,hipblaslt,440649,0,25.0184,Cijk_Alik_Bljk_BBS_BH_Bias_HA_S_SAV_UserArgs_MT384x192x64_MI32x32x1_SN_LDSB0_AFC0_AFEM1_AFEM1_ASEM1_CLR0_CADS0_DTLA0_DTLB0_DTVA0_DTVB0_EPS0_FDSI0_GRPM1_GRVWA8_GRVWB8_GSU0_GSUAMB_GLS0_ISA950_IU1_K1_LDSTI0_LBSPPA256_LBSPPB128_LBSPPM0_LPA8_LPB8_LPM0_LRVW8_LWPMn1_MIAV0_MIWT6_3_MO40_NTn1_NTA0_NTB0_NTC4_NTD4_NTM0_NEPBS0_NLCA1_NLCB1_ONLL1_PGR2_PLR1_PKA1_SIA3_SS1_SPO1_SRVW0_SSO4_SVW2_SK3_SKFTR0_SKXCCM0_TLDS1_ULSGRO0_USL1_UIOFGRO0_USFGRO0_VSn1_VWA2_VWB1_WSGRA0_WSGRB0_WS64_WG64_4_1,0.0,772.53,1886.05
gfx950,256,10752,3072,512,False,torch.bfloat16,torch.bfloat16,False,False,hipblaslt,441461,0,37.0619,Custom_Cijk_Alik_Bljk_BBS_BH_MT256x256x64_MI16x16x1_UserArgs_shortname1_gfx950,0.0,912.6,2164.38
gfx950,256,16384,3072,512,False,torch.bfloat16,torch.bfloat16,False,False,hipblaslt,439589,0,54.1052,Cijk_Alik_Bljk_BBS_BH_Bias_HA_S_SAV_UserArgs_MT256x256x64_MI16x16x1_SN_LDSB0_AFC0_AFEM1_AFEM1_ASEM1_CLR0_CADS0_DTLA1_DTLB1_DTVA0_DTVB0_EPS0_FDSI0_GRPM1_GRVWA8_GRVWB8_GSU0_GSUAMB_GLS0_ISA950_IU1_K1_LDSTI0_LBSPPA1024_LBSPPB1024_LBSPPM0_LPA16_LPB16_LPM0_LRVW8_LWPMn1_MIAV0_MIWT8_8_MO40_NTn1_NTA3_NTB6_NTC5_NTD3_NTM0_NEPBS0_NLCA1_NLCB1_ONLL1_PGR2_PLR1_PKA1_SIA3_SS1_SPO0_SRVW0_SSO1_SVW8_SK3_SKFTR0_SKXCCM4_TLDS1_ULSGRO0_USL1_UIOFGRO0_USFGRO0_VSn1_VWA8_VWB8_WSGRA0_WSGRB0_WS64_WG32_8_1,0.0,952.58,2228.74
gfx950,256,19968,3072,512,False,torch.bfloat16,torch.bfloat16,False,False,hipblaslt,441460,0,72.2095,Custom_Cijk_Alik_Bljk_BBS_BH_MT256x256x64_MI16x16x1_UserArgs_shortname0_gfx950,0.0,869.88,2025.72
gfx950,256,22161,3072,512,False,torch.bfloat16,torch.bfloat16,False,False,hipblaslt,440144,0,84.9509,Cijk_Alik_Bljk_BBS_BH_Bias_HA_S_SAV_UserArgs_MT256x224x64_MI16x16x1_SN_LDSB0_AFC0_AFEM1_AFEM1_ASEM1_CLR1_CADS0_DTLA1_DTLB1_DTVA0_DTVB0_EPS0_FDSI0_GRPM1_GRVWA8_GRVWB8_GSU0_GSUAMB_GLS0_ISA950_IU1_K1_LDSTI0_LBSPPA1024_LBSPPB1024_LBSPPM0_LPA16_LPB16_LPM0_LRVW8_LWPMn1_MIAV0_MIWT8_7_MO40_NTn1_NTA1_NTB3_NTC5_NTD5_NTM0_NEPBS14_NLCA1_NLCB1_ONLL1_PGR2_PLR1_PKA1_SIA3_SS1_SPO0_SRVW0_SSO1_SVW8_SK3_SKFTR0_SKXCCM0_TLDS1_ULSGRO0_USL1_UIOFGRO0_USFGRO0_VSn1_VWA8_VWB1_WSGRA0_WSGRB0_WS64_WG32_8_1,0.0,820.62,1906.93
gfx950,256,26112,3072,512,False,torch.bfloat16,torch.bfloat16,False,False,hipblaslt,440622,0,91.4236,Cijk_Alik_Bljk_BBS_BH_Bias_HA_S_SAV_UserArgs_MT256x256x64_MI16x16x1_CMS_SN_LDSB0_AFC0_AFEM1_AFEM1_ASEM1_CLR0_CADS0_DTLA1_DTLB1_DTVA0_DTVB0_EPS0_FDSI0_GRPM1_GRVWA8_GRVWB8_GSU0_GSUAMB_GLS0_ISA950_IU1_K1_LDSTI0_LBSPPA1024_LBSPPB1024_LBSPPM0_LPA16_LPB16_LPM0_LRVW8_LWPMn1_MIAV0_MIWT8_8_MO40_NTn1_NTA1_NTB1_NTC6_NTD6_NTM0_NEPBS0_NLCA1_NLCB1_ONLL1_PGR2_PLR1_PKA1_SIA3_SS1_SPO0_SRVW0_SSO0_SVW8_SK3_SKFTR0_SKXCCM0_TLDS1_ULSGRO0_USL1_UIOFGRO0_USFGRO0_VSn1_VWA8_VWB8_WSGRA0_WSGRB0_WS64_WG32_8_1,0.0,898.47,2081.7
gfx950,256,30720,3072,512,False,torch.bfloat16,torch.bfloat16,False,False,hipblaslt,441462,0,109.4361,Custom_Cijk_Alik_Bljk_BBS_BH_MT256x256x64_MI16x16x1_UserArgs_shortname1_gfx950,0.0,883.04,2040.89
gfx950,256,33792,3072,512,False,torch.bfloat16,torch.bfloat16,False,False,hipblaslt,441461,0,124.757,Custom_Cijk_Alik_Bljk_BBS_BH_MT256x256x64_MI16x16x1_UserArgs_shortname1_gfx950,0.0,852.06,1966.76
gfx950,256,36864,3072,512,False,torch.bfloat16,torch.bfloat16,False,False,hipblaslt,441460,0,123.5056,Custom_Cijk_Alik_Bljk_BBS_BH_MT256x256x64_MI16x16x1_UserArgs_shortname0_gfx950,0.0,938.94,2164.98
gfx950,256,43008,3072,512,False,torch.bfloat16,torch.bfloat16,False,False,hipblaslt,441460,0,147.1409,Custom_Cijk_Alik_Bljk_BBS_BH_MT256x256x64_MI16x16x1_UserArgs_shortname0_gfx950,0.0,919.47,2116.52
gfx950,256,49152,3072,512,False,torch.bfloat16,torch.bfloat16,False,False,hipblaslt,441460,0,163.5048,Custom_Cijk_Alik_Bljk_BBS_BH_MT256x256x64_MI16x16x1_UserArgs_shortname0_gfx950,0.0,945.65,2174.05
gfx950,256,53760,3072,512,False,torch.bfloat16,torch.bfloat16,False,False,hipblaslt,441460,0,178.242,Custom_Cijk_Alik_Bljk_BBS_BH_MT256x256x64_MI16x16x1_UserArgs_shortname0_gfx950,0.0,948.79,2179.61
gfx950,256,59904,3072,512,False,torch.bfloat16,torch.bfloat16,False,False,hipblaslt,441460,0,196.2044,Custom_Cijk_Alik_Bljk_BBS_BH_MT256x256x64_MI16x16x1_UserArgs_shortname0_gfx950,0.0,960.44,2204.53
gfx950,256,62976,3072,512,False,torch.bfloat16,torch.bfloat16,False,False,hipblaslt,441460,0,211.7489,Custom_Cijk_Alik_Bljk_BBS_BH_MT256x256x64_MI16x16x1_UserArgs_shortname0_gfx950,0.0,935.57,2146.68
gfx950,256,67584,3072,512,False,torch.bfloat16,torch.bfloat16,False,False,hipblaslt,441460,0,221.3087,Custom_Cijk_Alik_Bljk_BBS_BH_MT256x256x64_MI16x16x1_UserArgs_shortname0_gfx950,0.0,960.65,2203.2
gfx950,256,71610,3072,512,False,torch.bfloat16,torch.bfloat16,False,False,hipblaslt,441460,0,230.5183,Custom_Cijk_Alik_Bljk_BBS_BH_MT256x256x64_MI16x16x1_UserArgs_shortname0_gfx950,0.0,977.21,2240.37
gfx950,256,75264,3072,512,False,torch.bfloat16,torch.bfloat16,False,False,hipblaslt,441460,0,242.7539,Custom_Cijk_Alik_Bljk_BBS_BH_MT256x256x64_MI16x16x1_UserArgs_shortname0_gfx950,0.0,975.31,2235.34
gfx950,256,81408,3072,512,False,torch.bfloat16,torch.bfloat16,False,False,hipblaslt,441460,0,261.3043,Custom_Cijk_Alik_Bljk_BBS_BH_MT256x256x64_MI16x16x1_UserArgs_shortname0_gfx950,0.0,980.04,2245.19
gfx950,256,87552,3072,512,False,torch.bfloat16,torch.bfloat16,False,False,hipblaslt,441460,0,282.1448,Custom_Cijk_Alik_Bljk_BBS_BH_MT256x256x64_MI16x16x1_UserArgs_shortname0_gfx950,0.0,976.15,2235.44
gfx950,256,90624,3072,512,False,torch.bfloat16,torch.bfloat16,False,False,hipblaslt,441460,0,290.2721,Custom_Cijk_Alik_Bljk_BBS_BH_MT256x256x64_MI16x16x1_UserArgs_shortname0_gfx950,0.0,982.11,2248.71
gfx950,256,96768,3072,512,False,torch.bfloat16,torch.bfloat16,False,False,hipblaslt,441460,0,309.7207,Custom_Cijk_Alik_Bljk_BBS_BH_MT256x256x64_MI16x16x1_UserArgs_shortname0_gfx950,0.0,982.84,2249.7
gfx950,256,4,3584,7168,False,torch.bfloat16,torch.bfloat16,False,False,flydsl,4489,4,11.4151,flydsl_gemm6_abf16_wbf16_bf16_t16x64x64_split_k4_block_m_warp1_block_n_warp2_block_k_warp1_async_copyTrue_b_to_ldsTrue_b_preshuffleFalse_c_to_ldsFalse_gfx950,0.0134,18.0,4508.61
gfx950,256,32,3584,7168,False,torch.bfloat16,torch.bfloat16,False,False,flydsl,4611,4,14.0537,flydsl_gemm6_abf16_wbf16_bf16_t32x64x64_split_k4_block_m_warp2_block_n_warp1_block_k_warp2_async_copyTrue_b_to_ldsTrue_b_preshuffleFalse_c_to_ldsFalse_gfx950,0.0215,116.99,3704.96
gfx950,256,64,3584,7168,False,torch.bfloat16,torch.bfloat16,False,False,flydsl,4310,2,18.0418,flydsl_gemm4_abf16_wbf16_bf16_t32x64x128_split_k2_block_m_warp1_block_n_warp4_block_k_warp1_async_copyTrue_b_to_ldsTrue_b_preshuffleFalse_c_to_ldsFalse_gfx950,0.006,182.26,2924.13
gfx950,256,512,3584,7168,False,torch.bfloat16,torch.bfloat16,False,False,hipblaslt,440779,0,39.4911,Cijk_Alik_Bljk_BBS_BH_Bias_HA_S_SAV_UserArgs_MT224x128x64_MI16x16x1_SN_LDSB1_AFC0_AFEM1_AFEM1_ASEM1_CLR1_CADS0_DTLA0_DTLB0_DTVA0_DTVB0_EPS0_FDSI0_GRPM1_GRVWA8_GRVWB8_GSU0_GSUAMB_GLS0_ISA950_IU1_K1_LDSTI0_LBSPPA128_LBSPPB512_LBSPPM0_LPA16_LPB16_LPM0_LRVW8_LWPMn1_MIAV0_MIWT7_4_MO40_NTn1_NTA4_NTB0_NTC0_NTD0_NTM0_NEPBS0_NLCA1_NLCB1_ONLL1_PGR2_PLR1_PKA1_SIA3_SS1_SPO0_SRVW0_SSO0_SVW1_SK3_SKFTR0_SKXCCM8_TLDS1_ULSGRO0_USL1_UIOFGRO0_USFGRO0_VSn1_VWA1_VWB4_WSGRA0_WSGRB0_WS64_WG32_8_1,0.0,666.14,1579.86
gfx950,256,8192,3584,7168,False,torch.bfloat16,torch.bfloat16,False,False,hipblaslt,441462,0,303.7587,Custom_Cijk_Alik_Bljk_BBS_BH_MT256x256x64_MI16x16x1_UserArgs_shortname1_gfx950,0.0,1385.66,749.08
gfx950,256,4,4096,4096,False,torch.bfloat16,torch.bfloat16,False,False,flydsl,1483,4,8.5035,flydsl_gemm3_abf16_wbf16_bf16_t16x64x128_split_k4_block_m_warp1_block_n_warp1_block_k_warp2_async_copyTrue_b_to_ldsTrue_b_preshuffleFalse_c_to_ldsFalse_gfx950,0.0215,15.78,3953.66
gfx950,256,8,4096,1024,False,torch.bfloat16,torch.bfloat16,False,False,hipblaslt,440305,0,5.3835,Cijk_Alik_Bljk_BBS_BH_Bias_HA_S_SAV_UserArgs_MT16x16x512_MI16x16x1_SN_LDSB0_AFC0_AFEM1_AFEM1_ASEM1_CLR1_CADS0_DTLA1_DTLB1_DTVA0_DTVB0_EPS0_FDSI0_GRPM1_GRVWA8_GRVWB8_GSU0_GSUAMB_GLS0_ISA950_IU1_K1_LDSTI0_LBSPPA1024_LBSPPB1024_LBSPPM0_LPA16_LPB16_LPM0_LRVW8_LWPMn1_MIAV0_MIWT1_1_MO40_NTn1_NTA7_NTB3_NTC3_NTD1_NTM0_NEPBS2_NLCA1_NLCB1_ONLL1_PGR2_PLR1_PKA1_SIA3_SS0_SPO0_SRVW0_SSO0_SVW1_SK3_SKFTR0_SKXCCM0_TLDS2_ULSGRO0_USL1_UIOFGRO0_USFGRO1_VSn1_VWA1_VWB1_WSGRA0_WSGRB0_WS64_WG16_4_4,0.0,12.47,1573.42
gfx950,256,32,4096,4096,False,torch.bfloat16,torch.bfloat16,False,False,flydsl,1493,2,10.2083,flydsl_gemm3_abf16_wbf16_bf16_t16x64x256_split_k2_block_m_warp1_block_n_warp2_block_k_warp1_async_copyTrue_b_to_ldsTrue_b_preshuffleFalse_c_to_ldsFalse_gfx950,0.0049,105.18,3338.33
gfx950,256,40,4096,1024,False,torch.bfloat16,torch.bfloat16,False,False,flydsl,4183,1,6.1491,flydsl_gemm8_abf16_wbf16_bf16_t16x64x64_split_k1_block_m_warp1_block_n_warp2_block_k_warp1_async_copyTrue_b_to_ldsTrue_b_preshuffleFalse_c_to_ldsFalse_gfx950,0.0,54.57,1430.81
gfx950,256,96,4096,1024,False,torch.bfloat16,torch.bfloat16,False,False,flydsl,2310,1,6.2534,flydsl_gemm3_abf16_wbf16_bf16_t32x64x128_split_k1_block_m_warp1_block_n_warp4_block_k_warp1_async_copyTrue_b_to_ldsTrue_b_preshuffleFalse_c_to_ldsFalse_gfx950,0.0,128.78,1498.65
gfx950,256,512,4096,4096,False,torch.bfloat16,torch.bfloat16,False,False,hipblaslt,440209,0,27.3245,Cijk_Alik_Bljk_BBS_BH_Bias_HA_S_SAV_UserArgs_MT128x128x128_MI16x16x1_SN_LDSB0_AFC0_AFEM1_AFEM1_ASEM1_CLR0_CADS0_DTLA0_DTLB0_DTVA0_DTVB0_EPS0_FDSI0_GRPM1_GRVWA8_GRVWB8_GSU0_GSUAMB_GLS0_ISA950_IU1_K1_LDSTI0_LBSPPA1024_LBSPPB1024_LBSPPM0_LPA16_LPB16_LPM0_LRVW8_LWPMn1_MIAV1_MIWT4_4_MO40_NTn1_NTA7_NTB2_NTC2_NTD2_NTM0_NEPBS0_NLCA1_NLCB1_ONLL1_PGR2_PLR1_PKA1_SIA3_SS1_SPO1_SRVW0_SSO0_SVW4_SK3_SKFTR0_SKXCCM8_TLDS1_ULSGRO0_USL1_UIOFGRO0_USFGRO0_VSn1_VWA4_VWB4_WSGRA0_WSGRB0_WS64_WG32_8_1,0.0,628.73,1535.0
gfx950,256,1024,4096,1024,False,torch.bfloat16,torch.bfloat16,False,False,flydsl,3438,1,13.2672,flydsl_gemm4_abf16_wbf16_bf16_t128x128x64_split_k1_block_m_warp4_block_n_warp4_block_k_warp1_async_copyTrue_b_to_ldsTrue_b_preshuffleFalse_c_to_ldsFalse_gfx950,0.0,647.46,1422.63
gfx950,256,8192,4096,4096,False,torch.bfloat16,torch.bfloat16,False,False,asm,10,1,195.4438,_ZN5aiter24bf16gemm_bf16_tn_256x256E,0.0,1406.43,858.42
gfx950,256,16384,4096,1024,False,torch.bfloat16,torch.bfloat16,False,False,hipblaslt,439532,0,123.059,Cijk_Alik_Bljk_BBS_BH_Bias_HA_S_SAV_UserArgs_MT256x256x64_MI16x16x1_CMS_SN_LDSB0_AFC0_AFEM1_AFEM1_ASEM1_CLR1_CADS0_DTLA1_DTLB1_DTVA0_DTVB0_EPS0_FDSI0_GRPM1_GRVWA8_GRVWB8_GSU0_GSUAMB_GLS0_ISA950_IU1_K1_LDSTI0_LBSPPA1024_LBSPPB1024_LBSPPM0_LPA16_LPB16_LPM0_LRVW8_LWPMn1_MIAV0_MIWT8_8_MO40_NTn1_NTA0_NTB1_NTC5_NTD4_NTM0_NEPBS16_NLCA1_NLCB1_ONLL1_PGR2_PLR1_PKA1_SIA3_SS1_SPO0_SRVW0_SSO1_SVW8_SK3_SKFTR0_SKXCCM4_TLDS1_ULSGRO0_USL1_UIOFGRO0_USFGRO0_VSn1_VWA8_VWB8_WSGRA0_WSGRB0_WS64_WG32_8_1,0.0,1116.85,1431.51
gfx950,256,65536,4096,1024,False,torch.bfloat16,torch.bfloat16,False,False,hipblaslt,441459,0,440.7286,Cijk_Alik_Bljk_BBS_BH_Bias_HA_S_SAV_UserArgs_MT256x256x64_MI16x16x1_SN_LDSB0_AFC0_AFEM1_AFEM1_ASEM1_CLR0_CADS0_DTLA1_DTLB1_DTVA0_DTVB0_EPS0_FDSI0_GRPM1_GRVWA8_GRVWB8_GSU0_GSUAMB_GLS0_ISA950_IU1_K1_LDSTI0_LBSPPA1024_LBSPPB1024_LBSPPM0_LPA16_LPB16_LPM0_LRVW8_LWPMn1_MIAV0_MIWT8_8_MO40_NTn1_NTA1_NTB1_NTC7_NTD5_NTM0_NEPBS0_NLCA1_NLCB1_ONLL1_PGR2_PLR1_PKA1_SIA3_SS1_SPO1_SRVW0_SSO0_SVW8_SK3_SKFTR0_SKXCCM8_TLDS2_ULSGRO0_USL1_UIOFGRO0_USFGRO0_VSn1_VWA8_VWB8_WSGRA0_WSGRB0_WS64_WG32_8_1,0.0,1247.38,1541.71
gfx950,256,2,4608,1024,False,torch.bfloat16,torch.bfloat16,False,False,flydsl,3938,2,5.4042,flydsl_gemm7_abf16_wbf16_bf16_t16x64x64_split_k2_block_m_warp1_block_n_warp2_block_k_warp1_async_copyTrue_b_to_ldsTrue_b_preshuffleFalse_c_to_ldsFalse_gfx950,0.0017,3.49,1750.44
gfx950,256,24,4608,1024,False,torch.bfloat16,torch.bfloat16,False,False,flydsl,2370,1,5.6754,flydsl_gemm4_abf16_wbf16_bf16_t16x64x128_split_k1_block_m_warp1_block_n_warp2_block_k_warp1_async_copyTrue_b_to_ldsTrue_b_preshuffleFalse_c_to_ldsFalse_gfx950,0.0,39.91,1710.46
gfx950,256,56,4608,1024,False,torch.bfloat16,torch.bfloat16,False,False,flydsl,2369,1,6.0049,flydsl_gemm4_abf16_wbf16_bf16_t16x64x128_split_k1_block_m_warp1_block_n_warp1_block_k_warp2_async_copyTrue_b_to_ldsTrue_b_preshuffleFalse_c_to_ldsFalse_gfx950,0.0022,88.01,1676.63
gfx950,256,256,4608,1024,False,torch.bfloat16,torch.bfloat16,False,False,flydsl,4358,1,8.3638,flydsl_gemm4_abf16_wbf16_bf16_t96x64x64_split_k1_block_m_warp1_block_n_warp4_block_k_warp1_async_copyTrue_b_to_ldsTrue_b_preshuffleFalse_c_to_ldsFalse_gfx950,0.0,288.85,1473.11
gfx950,256,4096,4608,1024,False,torch.bfloat16,torch.bfloat16,False,False,hipblaslt,440644,0,40.3847,Cijk_Alik_Bljk_BBS_BH_Bias_HA_S_SAV_UserArgs_MT256x320x64_MI32x32x1_SN_LDSB0_AFC0_AFEM1_AFEM1_ASEM1_CLR0_CADS0_DTLA0_DTLB0_DTVA0_DTVB0_EPS0_FDSI0_GRPM1_GRVWA8_GRVWB8_GSU0_GSUAMB_GLS0_ISA950_IU1_K1_LDSTI0_LBSPPA512_LBSPPB128_LBSPPM0_LPA8_LPB8_LPM0_LRVW8_LWPMn1_MIAV0_MIWT4_5_MO40_NTn1_NTA0_NTB0_NTC0_NTD4_NTM0_NEPBS16_NLCA1_NLCB1_ONLL1_PGR2_PLR1_PKA1_SIA3_SS1_SPO0_SRVW0_SSO1_SVW4_SK3_SKFTR0_SKXCCM8_TLDS1_ULSGRO0_USL1_UIOFGRO0_USFGRO0_VSn1_VWA4_VWB1_WSGRA0_WSGRB0_WS64_WG64_4_1,0.0,957.16,1376.13
gfx950,256,32768,4608,1024,False,torch.bfloat16,torch.bfloat16,False,False,hipblaslt,440624,0,259.1705,Cijk_Alik_Bljk_BBS_BH_Bias_HA_S_SAV_UserArgs_MT256x256x64_MI16x16x1_CMS_SN_LDSB0_AFC0_AFEM1_AFEM1_ASEM1_CLR1_CADS0_DTLA1_DTLB1_DTVA0_DTVB0_EPS0_FDSI0_GRPM1_GRVWA8_GRVWB8_GSU0_GSUAMB_GLS0_ISA950_IU1_K1_LDSTI0_LBSPPA1024_LBSPPB1024_LBSPPM0_LPA16_LPB16_LPM0_LRVW8_LWPMn1_MIAV0_MIWT8_8_MO40_NTn1_NTA1_NTB3_NTC4_NTD5_NTM0_NEPBS16_NLCA1_NLCB1_ONLL1_PGR2_PLR1_PKA1_SIA3_SS1_SPO1_SRVW0_SSO0_SVW8_SK3_SKFTR0_SKXCCM0_TLDS1_ULSGRO0_USL1_UIOFGRO0_USFGRO0_VSn1_VWA8_VWB8_WSGRA0_WSGRB0_WS64_WG32_8_1,0.0,1193.18,1460.57
gfx950,256,1,6288,7168,False,torch.bfloat16,torch.bfloat16,False,False,hipblaslt,440306,0,17.1174,Cijk_Alik_Bljk_BBS_BH_Bias_HA_S_SAV_UserArgs_MT32x16x512_MI16x16x1_SN_LDSB0_AFC0_AFEM1_AFEM1_ASEM1_CLR1_CADS0_DTLA1_DTLB1_DTVA0_DTVB0_EPS0_FDSI0_GRPM1_GRVWA8_GRVWB8_GSU0_GSUAMB_GLS0_ISA950_IU1_K1_LDSTI0_LBSPPA1024_LBSPPB1024_LBSPPM0_LPA16_LPB16_LPM0_LRVW8_LWPMn1_MIAV0_MIWT1_1_MO40_NTn1_NTA7_NTB3_NTC1_NTD0_NTM0_NEPBS10_NLCA1_NLCB1_ONLL1_PGR2_PLR1_PKA1_SIA3_SS1_SPO0_SRVW0_SSO0_SVW1_SK3_SKFTR0_SKXCCM8_TLDS1_ULSGRO0_USL1_UIOFGRO0_USFGROn1_VSn1_VWA1_VWB1_WSGRA0_WSGRB0_WS64_WG32_4_2,0.0,5.27,5267.84
gfx950,256,16,6288,7168,False,torch.bfloat16,torch.bfloat16,False,False,hipblaslt,440306,0,18.3622,Cijk_Alik_Bljk_BBS_BH_Bias_HA_S_SAV_UserArgs_MT32x16x512_MI16x16x1_SN_LDSB0_AFC0_AFEM1_AFEM1_ASEM1_CLR1_CADS0_DTLA1_DTLB1_DTVA0_DTVB0_EPS0_FDSI0_GRPM1_GRVWA8_GRVWB8_GSU0_GSUAMB_GLS0_ISA950_IU1_K1_LDSTI0_LBSPPA1024_LBSPPB1024_LBSPPM0_LPA16_LPB16_LPM0_LRVW8_LWPMn1_MIAV0_MIWT1_1_MO40_NTn1_NTA7_NTB3_NTC1_NTD0_NTM0_NEPBS10_NLCA1_NLCB1_ONLL1_PGR2_PLR1_PKA1_SIA3_SS1_SPO0_SRVW0_SSO0_SVW1_SK3_SKFTR0_SKXCCM8_TLDS1_ULSGRO0_USL1_UIOFGRO0_USFGROn1_VSn1_VWA1_VWB1_WSGRA0_WSGRB0_WS64_WG32_4_2,0.0,78.55,4932.71
gfx950,256,48,6288,7168,False,torch.bfloat16,torch.bfloat16,False,False,hipblaslt,440599,0,23.2367,Cijk_Alik_Bljk_BBS_BH_Bias_HA_S_SAV_UserArgs_MT64x48x256_MI16x16x1_SN_LDSB0_AFC0_AFEM1_AFEM1_ASEM1_CLR1_CADS0_DTLA0_DTLB0_DTVA0_DTVB0_EPS0_FDSI0_GRPM1_GRVWA8_GRVWB8_GSU0_GSUAMB_GLS0_ISA950_IU1_K1_LDSTI0_LBSPPA512_LBSPPB512_LBSPPM0_LPA16_LPB16_LPM0_LRVW8_LWPMn1_MIAV0_MIWT1_3_MO40_NTn1_NTA1_NTB1_NTC1_NTD1_NTM0_NEPBS16_NLCA1_NLCB1_ONLL1_PGR2_PLR1_PKA1_SIA3_SS1_SPO0_SRVW0_SSO1_SVW1_SK3_SKFTR0_SKXCCM0_TLDS2_ULSGRO0_USL1_UIOFGRO0_USFGROn1_VSn1_VWA1_VWB1_WSGRA0_WSGRB0_WS64_WG64_4_1,0.0,186.21,3935.01
gfx950,256,128,6288,7168,False,torch.bfloat16,torch.bfloat16,False,False,hipblaslt,440676,0,28.9546,Cijk_Alik_Bljk_BBS_BH_Bias_HA_S_SAV_UserArgs_MT128x128x64_MI16x16x1_SN_LDSB0_AFC0_AFEM1_AFEM1_ASEM1_CLR0_CADS0_DTLA1_DTLB1_DTVA0_DTVB0_EPS0_FDSI0_GRPM1_GRVWA8_GRVWB8_GSU0_GSUAMB_GLS0_ISA950_IU1_K1_LDSTI0_LBSPPA1024_LBSPPB1024_LBSPPM0_LPA16_LPB16_LPM0_LRVW8_LWPMn1_MIAV0_MIWT4_4_MO40_NTn1_NTA0_NTB0_NTC4_NTD0_NTM0_NEPBS2_NLCA1_NLCB1_ONLL1_PGR2_PLR1_PKA1_SIA3_SS1_SPO1_SRVW0_SSO0_SVW4_SK3_SKFTR0_SKXCCM0_TLDS1_ULSGRO0_USL1_UIOFGRO0_USFGRO1_VSn1_VWA4_VWB4_WSGRA0_WSGRB0_WS64_WG32_8_1,0.0,398.5,3232.28
gfx950,256,2048,6288,7168,False,torch.bfloat16,torch.bfloat16,False,False,hipblaslt,439532,0,162.057,Cijk_Alik_Bljk_BBS_BH_Bias_HA_S_SAV_UserArgs_MT256x256x64_MI16x16x1_CMS_SN_LDSB0_AFC0_AFEM1_AFEM1_ASEM1_CLR1_CADS0_DTLA1_DTLB1_DTVA0_DTVB0_EPS0_FDSI0_GRPM1_GRVWA8_GRVWB8_GSU0_GSUAMB_GLS0_ISA950_IU1_K1_LDSTI0_LBSPPA1024_LBSPPB1024_LBSPPM0_LPA16_LPB16_LPM0_LRVW8_LWPMn1_MIAV0_MIWT8_8_MO40_NTn1_NTA0_NTB1_NTC5_NTD4_NTM0_NEPBS16_NLCA1_NLCB1_ONLL1_PGR2_PLR1_PKA1_SIA3_SS1_SPO0_SRVW0_SSO1_SVW8_SK3_SKFTR0_SKXCCM4_TLDS1_ULSGRO0_USL1_UIOFGRO0_USFGRO0_VSn1_VWA8_VWB8_WSGRA0_WSGRB0_WS64_WG32_8_1,0.0,1139.21,896.35
gfx950,256,1,7168,4096,False,torch.bfloat16,torch.bfloat16,False,False,flydsl,2450,4,12.1912,flydsl_gemm4_abf16_wbf16_bf16_t16x64x128_split_k4_block_m_warp1_block_n_warp1_block_k_warp1_async_copyTrue_b_to_ldsTrue_b_preshuffleFalse_c_to_ldsFalse_gfx950,0.0153,4.82,4818.46
gfx950,256,2,7168,768,False,torch.bfloat16,torch.bfloat16,False,False,flydsl,5329,1,4.8262,flydsl_gemm8_abf16_wbf16_bf16_t16x64x64_split_k1_block_m_warp1_block_n_warp2_block_k_warp1_async_copyTrue_b_to_ldsTrue_b_preshuffleFalse_c_to_ldsFalse_gfx950,0.0,4.56,2287.89
gfx950,256,4,7168,1536,False,torch.bfloat16,torch.bfloat16,False,False,flydsl,4987,2,6.7614,flydsl_gemm5_abf16_wbf16_bf16_t16x64x64_split_k2_block_m_warp1_block_n_warp2_block_k_warp1_async_copyTrue_b_to_ldsTrue_b_preshuffleFalse_c_to_ldsFalse_gfx950,0.0025,13.03,3267.03
gfx950,256,8,7168,3584,False,torch.bfloat16,torch.bfloat16,False,False,flydsl,2665,4,11.8274,flydsl_gemm4_abf16_wbf16_bf16_t16x64x64_split_k4_block_m_warp1_block_n_warp2_block_k_warp1_async_copyTrue_b_to_ldsTrue_b_preshuffleFalse_c_to_ldsFalse_gfx950,0.012,34.75,4358.71
gfx950,256,8,7168,4224,False,torch.bfloat16,torch.bfloat16,False,False,flydsl,3453,2,12.4243,flydsl_gemm6_abf16_wbf16_bf16_t16x64x64_split_k2_block_m_warp1_block_n_warp2_block_k_warp1_async_copyTrue_b_to_ldsTrue_b_preshuffleFalse_c_to_ldsFalse_gfx950,0.0043,38.99,4888.61
gfx950,256,16,7168,4096,False,torch.bfloat16,torch.bfloat16,False,False,hipblaslt,439704,0,13.2082,Cijk_Alik_Bljk_BBS_BH_Bias_HA_S_SAV_UserArgs_MT32x16x256_MI16x16x1_SN_LDSB0_AFC0_AFEM1_AFEM1_ASEM1_CLR1_CADS0_DTLA1_DTLB1_DTVA0_DTVB0_EPS0_FDSI0_GRPM1_GRVWA8_GRVWB8_GSU0_GSUAMB_GLS0_ISA950_IU1_K1_LDSTI0_LBSPPA1024_LBSPPB1024_LBSPPM0_LPA16_LPB16_LPM0_LRVW8_LWPMn1_MIAV1_MIWT2_1_MO40_NTn1_NTA7_NTB1_NTC0_NTD2_NTM0_NEPBS8_NLCA1_NLCB1_ONLL1_PGR2_PLR1_PKA1_SIA3_SS1_SPO0_SRVW0_SSO0_SVW2_SK3_SKFTR0_SKXCCM4_TLDS2_ULSGRO0_USL1_UIOFGRO0_USFGRO1_VSn1_VWA2_VWB1_WSGRA0_WSGRB0_WS64_WG16_4_2,0.0,71.13,4473.03
gfx950,256,24,7168,768,False,torch.bfloat16,torch.bfloat16,False,False,flydsl,4426,1,4.9985,flydsl_gemm6_abf16_wbf16_bf16_t16x64x128_split_k1_block_m_warp1_block_n_warp2_block_k_warp1_async_copyTrue_b_to_ldsTrue_b_preshuffleFalse_c_to_ldsFalse_gfx950,0.0,52.86,2278.88
gfx950,256,32,7168,1536,False,torch.bfloat16,torch.bfloat16,False,False,flydsl,4965,1,8.1295,flydsl_gemm5_abf16_wbf16_bf16_t16x64x128_split_k1_block_m_warp1_block_n_warp1_block_k_warp2_async_copyTrue_b_to_ldsTrue_b_preshuffleFalse_c_to_ldsFalse_gfx950,0.0028,86.68,2777.19
gfx950,256,40,7168,3584,False,torch.bfloat16,torch.bfloat16,False,False,flydsl,4856,1,13.9618,flydsl_gemm8_abf16_wbf16_bf16_t32x64x64_split_k1_block_m_warp1_block_n_warp2_block_k_warp2_async_copyTrue_b_to_ldsTrue_b_preshuffleFalse_c_to_ldsFalse_gfx950,0.0047,147.2,3741.67
gfx950,256,40,7168,4224,False,torch.bfloat16,torch.bfloat16,False,False,flydsl,2310,1,15.6981,flydsl_gemm4_abf16_wbf16_bf16_t32x64x128_split_k1_block_m_warp1_block_n_warp2_block_k_warp2_async_copyTrue_b_to_ldsTrue_b_preshuffleFalse_c_to_ldsFalse_gfx950,0.0047,154.3,3915.55
gfx950,256,48,7168,4096,False,torch.bfloat16,torch.bfloat16,False,False,flydsl,4262,1,15.933,flydsl_gemm8_abf16_wbf16_bf16_t16x64x64_split_k1_block_m_warp1_block_n_warp2_block_k_warp1_async_copyTrue_b_to_ldsTrue_b_preshuffleFalse_c_to_ldsFalse_gfx950,0.0,176.9,3753.32
gfx950,256,56,7168,768,False,torch.bfloat16,torch.bfloat16,False,False,flydsl,5044,1,5.4542,flydsl_gemm7_abf16_wbf16_bf16_t32x64x64_split_k1_block_m_warp1_block_n_warp4_block_k_warp1_async_copyTrue_b_to_ldsTrue_b_preshuffleFalse_c_to_ldsFalse_gfx950,0.0,113.04,2181.6
gfx950,256,64,7168,1536,False,torch.bfloat16,torch.bfloat16,False,False,flydsl,5549,1,8.8813,flydsl_gemm4_abf16_wbf16_bf16_t32x64x128_split_k1_block_m_warp1_block_n_warp4_block_k_warp1_async_copyTrue_b_to_ldsTrue_b_preshuffleFalse_c_to_ldsFalse_gfx950,0.0,158.68,2604.82
gfx950,256,96,7168,3584,False,torch.bfloat16,torch.bfloat16,False,False,flydsl,2580,1,16.7457,flydsl_gemm3_abf16_wbf16_bf16_t32x64x128_split_k1_block_m_warp1_block_n_warp2_block_k_warp1_async_copyTrue_b_to_ldsTrue_b_preshuffleFalse_c_to_ldsFalse_gfx950,0.0,294.55,3191.54
gfx950,256,96,7168,4224,False,torch.bfloat16,torch.bfloat16,False,False,flydsl,2132,1,19.256,flydsl_gemm3_abf16_wbf16_bf16_t32x64x128_split_k1_block_m_warp1_block_n_warp1_block_k_warp2_async_copyTrue_b_to_ldsTrue_b_preshuffleFalse_c_to_ldsFalse_gfx950,0.0048,301.9,3258.34
gfx950,256,128,7168,4096,False,torch.bfloat16,torch.bfloat16,False,False,flydsl,4888,1,20.8001,flydsl_gemm5_abf16_wbf16_bf16_t64x64x128_split_k1_block_m_warp2_block_n_warp2_block_k_warp2_async_copyTrue_b_to_ldsTrue_b_preshuffleFalse_c_to_ldsFalse_gfx950,0.0049,361.35,2961.71
gfx950,256,256,7168,768,False,torch.bfloat16,torch.bfloat16,False,False,flydsl,2639,1,8.9951,flydsl_gemm3_abf16_wbf16_bf16_t128x64x128_split_k1_block_m_warp2_block_n_warp4_block_k_warp1_async_copyTrue_b_to_ldsTrue_b_preshuffleFalse_c_to_ldsFalse_gfx950,0.0,313.35,1675.72
gfx950,256,512,7168,1536,False,torch.bfloat16,torch.bfloat16,False,False,flydsl,5575,1,17.9038,flydsl_gemm4_abf16_wbf16_bf16_t128x128x64_split_k1_block_m_warp4_block_n_warp4_block_k_warp1_async_copyTrue_b_to_ldsTrue_b_preshuffleFalse_c_to_ldsFalse_gfx950,0.0,629.71,1727.73
gfx950,256,1024,7168,3584,False,torch.bfloat16,torch.bfloat16,False,False,hipblaslt,440412,0,54.5307,Cijk_Alik_Bljk_BBS_BH_Bias_HA_S_SAV_UserArgs_MT256x128x64_MI16x16x1_SN_LDSB0_AFC1_AFEM1_AFEM1_ASEM1_CLR0_CADS0_DTLA1_DTLB1_DTVA0_DTVB0_EPS0_FDSI0_GRPM1_GRVWA8_GRVWB8_GSU0_GSUAMB_GLS0_ISA950_IU1_K1_LDSTI0_LBSPPA1024_LBSPPB1024_LBSPPM0_LPA16_LPB16_LPM0_LRVW8_LWPMn1_MIAV0_MIWT8_4_MO40_NTn1_NTA2_NTB3_NTC5_NTD5_NTM0_NEPBS0_NLCA1_NLCB1_ONLL1_PGR2_PLR1_PKA1_SIA3_SS1_SPO0_SRVW0_SSO0_SVW8_SK3_SKFTR0_SKXCCM0_TLDS1_ULSGRO0_USL1_UIOFGRO0_USFGRO1_VSn1_VWA8_VWB4_WSGRA0_WSGRB0_WS64_WG32_8_1,0.0,964.84,1346.04
gfx950,256,1024,7168,4224,False,torch.bfloat16,torch.bfloat16,False,False,hipblaslt,441293,0,64.4159,Cijk_Alik_Bljk_BBS_BH_Bias_HA_S_SAV_UserArgs_MT224x128x64_MI16x16x1_SN_LDSB1_AFC0_AFEM1_AFEM1_ASEM1_CLR1_CADS0_DTLA0_DTLB0_DTVA0_DTVB0_EPS0_FDSI0_GRPM1_GRVWA8_GRVWB8_GSU0_GSUAMB_GLS0_ISA950_IU1_K1_LDSTI0_LBSPPA128_LBSPPB512_LBSPPM0_LPA16_LPB16_LPM0_LRVW8_LWPMn1_MIAV0_MIWT7_4_MO40_NTn1_NTA0_NTB0_NTC0_NTD0_NTM0_NEPBS0_NLCA1_NLCB1_ONLL1_PGR2_PLR1_PKA1_SIA3_SS1_SPO0_SRVW0_SSO0_SVW1_SK3_SKFTR0_SKXCCM0_TLDS1_ULSGRO0_USL1_UIOFGRO0_USFGRO0_VSn1_VWA1_VWB4_WSGRA0_WSGRB0_WS64_WG32_8_1,0.0,962.63,1302.26
gfx950,256,2048,7168,4096,False,torch.bfloat16,torch.bfloat16,False,False,hipblaslt,440282,0,97.4815,Cijk_Alik_Bljk_BBS_BH_Bias_HA_S_SAV_UserArgs_MT256x256x64_MI16x16x1_CMS_SN_LDSB0_AFC0_AFEM1_AFEM1_ASEM1_CLR0_CADS0_DTLA1_DTLB1_DTVA0_DTVB0_EPS0_FDSI0_GRPM1_GRVWA8_GRVWB8_GSU0_GSUAMB_GLS0_ISA950_IU1_K1_LDSTI0_LBSPPA1024_LBSPPB1024_LBSPPM0_LPA16_LPB16_LPM0_LRVW8_LWPMn1_MIAV0_MIWT8_8_MO40_NTn1_NTA3_NTB3_NTC5_NTD5_NTM0_NEPBS16_NLCA1_NLCB1_ONLL1_PGR2_PLR1_PKA1_SIA3_SS1_SPO0_SRVW0_SSO1_SVW8_SK3_SKFTR0_SKXCCM0_TLDS1_ULSGRO0_USL1_UIOFGRO0_USFGRO0_VSn1_VWA8_VWB8_WSGRA0_WSGRB0_WS64_WG32_8_1,0.0,1233.66,1075.67
gfx950,256,4096,7168,768,False,torch.bfloat16,torch.bfloat16,False,False,hipblaslt,441462,0,45.4354,Custom_Cijk_Alik_Bljk_BBS_BH_MT256x256x64_MI16x16x1_UserArgs_shortname1_gfx950,0.0,992.56,1673.18
gfx950,256,8192,7168,1536,False,torch.bfloat16,torch.bfloat16,False,False,hipblaslt,441462,0,162.5715,Custom_Cijk_Alik_Bljk_BBS_BH_MT256x256x64_MI16x16x1_UserArgs_shortname1_gfx950,0.0,1109.6,1012.64
gfx950,256,16817,7168,4096,False,torch.bfloat16,torch.bfloat16,False,False,hipblaslt,440271,0,702.3755,Cijk_Alik_Bljk_BBS_BH_Bias_HA_S_SAV_UserArgs_MT256x256x64_MI16x16x1_SN_LDSB0_AFC0_AFEM1_AFEM1_ASEM1_CLR0_CADS0_DTLA1_DTLB1_DTVA0_DTVB0_EPS0_FDSI0_GRPM1_GRVWA8_GRVWB8_GSUAMB_GLS0_ISA950_IU1_K1_LDSTI0_LBSPPA1024_LBSPPB1024_LBSPPM0_LPA16_LPB16_LPM0_LRVW8_LWPMn1_MIAV0_MIWT8_8_MO40_NTn1_NTA0_NTB3_NTC4_NTD5_NTM0_NEPBS0_NLCA1_NLCB1_ONLL1_PGR2_PLR1_PKA1_SIA3_SS1_SPO0_SRVW0_SSO0_SVW8_SK0_SKFTR0_SKXCCM0_TLDS1_ULSGRO0_USL1_UIOFGRO0_USFGRO1_VSn1_VWA8_VWB8_WSGRA0_WSGRB0_WS64_WG32_8_1,0.0,1405.94,622.99
gfx950,256,1,8448,7168,False,torch.bfloat16,torch.bfloat16,False,False,flydsl,1777,7,22.8172,flydsl_gemm3_abf16_wbf16_bf16_t16x256x64_split_k7_block_m_warp1_block_n_warp2_block_k_warp1_async_copyTrue_b_to_ldsTrue_b_preshuffleFalse_c_to_ldsFalse_gfx950,0.0183,5.31,5309.23
gfx950,256,16,8448,7168,False,torch.bfloat16,torch.bfloat16,False,False,hipblaslt,439577,0,26.5909,Cijk_Alik_Bljk_BBS_BH_Bias_HA_S_SAV_UserArgs_MT16x16x128_MI16x16x1_SN_LDSB0_AFC0_AFEM1_AFEM1_ASEM1_CLR1_CADS0_DTLA1_DTLB1_DTVA0_DTVB0_EPS1_FDSI0_GRPM1_GRVWA8_GRVWB8_GSU0_GSUAMB_GLS0_ISA950_IU1_K1_LDSTI0_LBSPPA1024_LBSPPB1024_LBSPPM0_LPA16_LPB16_LPM0_LRVW8_LWPMn1_MIAV0_MIWT1_1_MO40_NTn1_NTA3_NTB1_NTC0_NTD1_NTM0_NEPBS0_NLCA1_NLCB1_ONLL1_PGR1_PLR1_PKA1_SIA3_SS0_SPO1_SRVW0_SSO0_SVW4_SK3_SKFTR0_SKXCCM0_TLDS1_ULSGRO0_USL1_UIOFGRO0_USFGRO1_VSn1_VWA1_VWB1_WSGRA0_WSGRB0_WS64_WG16_4_1,0.0,72.87,4573.38
gfx950,256,48,8448,7168,False,torch.bfloat16,torch.bfloat16,False,False,hipblaslt,440176,0,29.5913,Cijk_Alik_Bljk_BBS_BH_Bias_HA_S_SAV_UserArgs_MT80x64x256_MI16x16x1_SN_LDSB0_AFC0_AFEM1_AFEM1_ASEM1_CLR0_CADS0_DTLA0_DTLB0_DTVA0_DTVB0_EPS0_FDSI0_GRPM1_GRVWA8_GRVWB8_GSU0_GSUAMB_GLS0_ISA950_IU1_K1_LDSTI0_LBSPPA512_LBSPPB512_LBSPPM0_LPA16_LPB16_LPM0_LRVW8_LWPMn1_MIAV0_MIWT5_1_MO40_NTn1_NTA3_NTB0_NTC1_NTD1_NTM0_NEPBS0_NLCA1_NLCB1_ONLL1_PGR2_PLR1_PKA1_SIA3_SS1_SPO0_SRVW0_SSO0_SVW1_SK3_SKFTR0_SKXCCM4_TLDS1_ULSGRO0_USL1_UIOFGRO0_USFGRO0_VSn1_VWA1_VWB1_WSGRA0_WSGRB0_WS64_WG16_16_1,0.0,196.45,4143.44
gfx950,256,128,8448,7168,False,torch.bfloat16,torch.bfloat16,False,False,hipblaslt,440177,0,35.5119,Cijk_Alik_Bljk_BBS_BH_Bias_HA_S_SAV_UserArgs_MT80x128x128_MI16x16x1_SN_LDSB0_AFC0_AFEM1_AFEM1_ASEM1_CLR0_CADS0_DTLA0_DTLB0_DTVA0_DTVB0_EPS0_FDSI0_GRPM1_GRVWA8_GRVWB8_GSU0_GSUAMB_GLS0_ISA950_IU1_K1_LDSTI0_LBSPPA256_LBSPPB512_LBSPPM0_LPA16_LPB16_LPM0_LRVW8_LWPMn1_MIAV1_MIWT5_2_MO40_NTn1_NTA0_NTB0_NTC0_NTD0_NTM0_NEPBS0_NLCA1_NLCB1_ONLL1_PGR2_PLR1_PKA1_SIA3_SS1_SPO0_SRVW0_SSO0_SVW1_SK3_SKFTR0_SKXCCM0_TLDS1_ULSGRO0_USL1_UIOFGRO0_USFGROn1_VSn1_VWA1_VWB2_WSGRA0_WSGRB0_WS64_WG16_16_1,0.0,436.53,3522.99
gfx950,256,2048,8448,7168,False,torch.bfloat16,torch.bfloat16,False,False,hipblaslt,440649,0,219.9997,Cijk_Alik_Bljk_BBS_BH_Bias_HA_S_SAV_UserArgs_MT384x192x64_MI32x32x1_SN_LDSB0_AFC0_AFEM1_AFEM1_ASEM1_CLR0_CADS0_DTLA0_DTLB0_DTVA0_DTVB0_EPS0_FDSI0_GRPM1_GRVWA8_GRVWB8_GSU0_GSUAMB_GLS0_ISA950_IU1_K1_LDSTI0_LBSPPA256_LBSPPB128_LBSPPM0_LPA8_LPB8_LPM0_LRVW8_LWPMn1_MIAV0_MIWT6_3_MO40_NTn1_NTA0_NTB0_NTC4_NTD4_NTM0_NEPBS0_NLCA1_NLCB1_ONLL1_PGR2_PLR1_PKA1_SIA3_SS1_SPO1_SRVW0_SSO4_SVW2_SK3_SKFTR0_SKXCCM0_TLDS1_ULSGRO0_USL1_UIOFGRO0_USFGRO0_VSn1_VWA2_VWB1_WSGRA0_WSGRB0_WS64_WG64_4_1,0.0,1127.43,841.25
gfx950,256,24,16160,7168,False,torch.bfloat16,torch.bfloat16,False,False,hipblaslt,439637,0,37.9611,Cijk_Alik_Bljk_BBS_BH_Bias_HA_S_SAV_UserArgs_MT64x32x256_MI16x16x1_SN_LDSB0_AFC0_AFEM1_AFEM1_ASEM1_CLR1_CADS0_DTLA1_DTLB1_DTVA0_DTVB0_EPS0_FDSI0_GRPM1_GRVWA8_GRVWB8_GSU0_GSUAMB_GLS0_ISA950_IU1_K1_LDSTI0_LBSPPA1024_LBSPPB1024_LBSPPM0_LPA16_LPB16_LPM0_LRVW8_LWPMn1_MIAV0_MIWT2_1_MO40_NTn1_NTA7_NTB1_NTC0_NTD6_NTM0_NEPBS12_NLCA1_NLCB1_ONLL1_PGR2_PLR1_PKA1_SIA3_SS1_SPO0_SRVW0_SSO0_SVW2_SK3_SKFTR0_SKXCCM8_TLDS2_ULSGRO0_USL1_UIOFGRO0_USFGRO1_VSn1_VWA2_VWB1_WSGRA0_WSGRB0_WS64_WG32_8_1,0.0,146.47,6132.32
gfx950,256,56,16160,7168,False,torch.bfloat16,torch.bfloat16,False,False,hipblaslt,440552,0,41.5177,Cijk_Alik_Bljk_BBS_BH_Bias_HA_S_SAV_UserArgs_MT64x64x256_MI16x16x1_SN_LDSB0_AFC0_AFEM1_AFEM1_ASEM1_CLR0_CADS0_DTLA0_DTLB0_DTVA0_DTVB0_EPS0_FDSI0_GRPM1_GRVWA8_GRVWB8_GSU0_GSUAMB_GLS0_ISA950_IU1_K1_LDSTI0_LBSPPA2048_LBSPPB512_LBSPPM0_LPA16_LPB16_LPM0_LRVW8_LWPMn1_MIAV0_MIWT4_1_MO40_NTn1_NTA5_NTB3_NTC5_NTD2_NTM0_NEPBS14_NLCA1_NLCB1_ONLL1_PGR2_PLR1_PKA1_SIA3_SS1_SPO1_SRVW0_SSO4_SVW4_SK3_SKFTR0_SKXCCM8_TLDS2_ULSGRO0_USL1_UIOFGRO0_USFGRO0_VSn1_VWA4_VWB1_WSGRA0_WSGRB0_WS64_WG16_16_1,0.0,312.48,5642.95
gfx950,256,256,16160,7168,False,torch.bfloat16,torch.bfloat16,False,False,hipblaslt,440799,0,72.8463,Cijk_Alik_Bljk_BBS_BH_Bias_HA_S_SAV_UserArgs_MT128x256x64_MI16x16x1_SN_LDSB0_AFC0_AFEM1_AFEM1_ASEM1_CLR1_CADS0_DTLA1_DTLB1_DTVA0_DTVB0_EPS0_FDSI0_GRPM1_GRVWA8_GRVWB8_GSU0_GSUAMB_GLS0_ISA950_IU1_K1_LDSTI0_LBSPPA1024_LBSPPB1024_LBSPPM0_LPA16_LPB16_LPM0_LRVW8_LWPMn1_MIAV0_MIWT4_8_MO40_NTn1_NTA4_NTB0_NTC4_NTD4_NTM0_NEPBS0_NLCA1_NLCB1_ONLL1_PGR2_PLR1_PKA1_SIA3_SS1_SPO0_SRVW0_SSO1_SVW4_SK3_SKFTR0_SKXCCM8_TLDS1_ULSGRO0_USL1_UIOFGRO0_USFGROn1_VSn1_VWA4_VWB8_WSGRA0_WSGRB0_WS64_WG32_8_1,0.0,814.15,3344.22
gfx950,256,2,20480,7168,False,torch.bfloat16,torch.bfloat16,False,False,hipblaslt,440889,0,45.9204,Cijk_Alik_Bljk_BBS_BH_Bias_HA_S_SAV_UserArgs_MT96x32x256_MI16x16x1_SN_LDSB1_AFC0_AFEM1_AFEM1_ASEM1_CLR1_CADS0_DTLA0_DTLB0_DTVA0_DTVB0_EPS0_FDSI0_GRPM1_GRVWA8_GRVWB8_GSU0_GSUAMB_GLS0_ISA950_IU1_K1_LDSTI0_LBSPPA512_LBSPPB512_LBSPPM0_LPA16_LPB16_LPM0_LRVW8_LWPMn1_MIAV0_MIWT3_1_MO40_NTn1_NTA4_NTB0_NTC0_NTD0_NTM0_NEPBS0_NLCA1_NLCB1_ONLL1_PGR2_PLR1_PKA1_SIA3_SS1_SPO0_SRVW0_SSO0_SVW1_SK3_SKFTR0_SKXCCM8_TLDS1_ULSGRO0_USL1_UIOFGRO0_USFGRO0_VSn1_VWA1_VWB1_WSGRA0_WSGRB0_WS64_WG32_8_1,0.0,12.79,6396.11
gfx950,256,24,20480,7168,False,torch.bfloat16,torch.bfloat16,False,False,hipblaslt,440889,0,47.1916,Cijk_Alik_Bljk_BBS_BH_Bias_HA_S_SAV_UserArgs_MT96x32x256_MI16x16x1_SN_LDSB1_AFC0_AFEM1_AFEM1_ASEM1_CLR1_CADS0_DTLA0_DTLB0_DTVA0_DTVB0_EPS0_FDSI0_GRPM1_GRVWA8_GRVWB8_GSU0_GSUAMB_GLS0_ISA950_IU1_K1_LDSTI0_LBSPPA512_LBSPPB512_LBSPPM0_LPA16_LPB16_LPM0_LRVW8_LWPMn1_MIAV0_MIWT3_1_MO40_NTn1_NTA4_NTB0_NTC0_NTD0_NTM0_NEPBS0_NLCA1_NLCB1_ONLL1_PGR2_PLR1_PKA1_SIA3_SS1_SPO0_SRVW0_SSO0_SVW1_SK3_SKFTR0_SKXCCM8_TLDS1_ULSGRO0_USL1_UIOFGRO0_USFGRO0_VSn1_VWA1_VWB1_WSGRA0_WSGRB0_WS64_WG32_8_1,0.0,149.32,6249.59
gfx950,256,56,20480,7168,False,torch.bfloat16,torch.bfloat16,False,False,hipblaslt,439915,0,50.6412,Cijk_Alik_Bljk_BBS_BH_Bias_HA_S_SAV_UserArgs_MT80x64x256_MI16x16x1_SN_LDSB0_AFC0_AFEM1_AFEM1_ASEM1_CLR0_CADS0_DTLA0_DTLB0_DTVA0_DTVB0_EPS0_FDSI0_GRPM1_GRVWA8_GRVWB8_GSU0_GSUAMB_GLS0_ISA950_IU1_K1_LDSTI0_LBSPPA512_LBSPPB512_LBSPPM0_LPA16_LPB16_LPM0_LRVW8_LWPMn1_MIAV0_MIWT5_1_MO40_NTn1_NTA5_NTB2_NTC1_NTD3_NTM0_NEPBS16_NLCA1_NLCB1_ONLL1_PGR2_PLR1_PKA1_SIA3_SS0_SPO1_SRVW0_SSO0_SVW4_SK3_SKFTR0_SKXCCM0_TLDS2_ULSGRO0_USL1_UIOFGRO0_USFGRO0_VSn1_VWA1_VWB1_WSGRA0_WSGRB0_WS64_WG16_16_1,0.0,324.67,5858.82
gfx950,256,24,1024,4096,False,torch.bfloat16,torch.bfloat16,False,False,flydsl,2452,4,6.7999,flydsl_gemm4_abf16_wbf16_bf16_t16x64x128_split_k4_block_m_warp1_block_n_warp2_block_k_warp1_async_copyTrue_b_to_ldsTrue_b_preshuffleFalse_c_to_ldsFalse_gfx950,0.0116,29.61,1269.78
gfx950,256,56,1024,4096,False,torch.bfloat16,torch.bfloat16,False,False,flydsl,2463,4,7.7053,flydsl_gemm4_abf16_wbf16_bf16_t16x64x256_split_k4_block_m_warp1_block_n_warp1_block_k_warp2_async_copyTrue_b_to_ldsTrue_b_preshuffleFalse_c_to_ldsFalse_gfx950,0.0192,60.97,1163.1
gfx950,256,256,1024,4096,False,torch.bfloat16,torch.bfloat16,False,False,flydsl,3946,2,12.0071,flydsl_gemm4_abf16_wbf16_bf16_t32x64x128_split_k2_block_m_warp1_block_n_warp4_block_k_warp1_async_copyTrue_b_to_ldsTrue_b_preshuffleFalse_c_to_ldsFalse_gfx950,0.0049,178.85,916.96
gfx950,256,4096,1024,4096,False,torch.bfloat16,torch.bfloat16,False,False,hipblaslt,440677,0,39.6483,Cijk_Alik_Bljk_BBS_BH_Bias_HA_S_SAV_UserArgs_MT128x128x128_MI16x16x1_SN_LDSB0_AFC0_AFEM1_AFEM1_ASEM1_CLR0_CADS0_DTLA0_DTLB0_DTVA0_DTVB0_EPS0_FDSI0_GRPM1_GRVWA8_GRVWB8_GSU0_GSUAMB_GLS0_ISA950_IU1_K1_LDSTI0_LBSPPA512_LBSPPB2048_LBSPPM0_LPA16_LPB16_LPM0_LRVW8_LWPMn1_MIAV0_MIWT2_8_MO40_NTn1_NTA0_NTB4_NTC0_NTD4_NTM0_NEPBS8_NLCA1_NLCB1_ONLL1_PGR2_PLR1_PKA1_SIA3_SS1_SPO0_SRVW0_SSO0_SVW2_SK3_SKFTR0_SKXCCM8_TLDS1_ULSGRO0_USL1_UIOFGRO0_USFGRO1_VSn1_VWA2_VWB8_WSGRA0_WSGRB0_WS64_WG64_4_1,0.0,866.61,1269.45
gfx950,256,32768,1024,4096,False,torch.bfloat16,torch.bfloat16,False,False,hipblaslt,440451,0,199.0305,Cijk_Alik_Bljk_BBS_BH_Bias_HA_S_SAV_UserArgs_MT256x256x64_MI16x16x1_CMS_SN_LDSB0_AFC1_AFEM1_AFEM1_ASEM1_CLR1_CADS0_DTLA1_DTLB1_DTVA0_DTVB0_EPS0_FDSI0_GRPM1_GRVWA8_GRVWB8_GSU0_GSUAMB_GLS0_ISA950_IU1_K1_LDSTI0_LBSPPA1024_LBSPPB1024_LBSPPM0_LPA16_LPB16_LPM0_LRVW8_LWPMn1_MIAV0_MIWT8_8_MO40_NTn1_NTA0_NTB3_NTC4_NTD7_NTM0_NEPBS16_NLCA1_NLCB1_ONLL1_PGR2_PLR1_PKA1_SIA3_SS1_SPO0_SRVW0_SSO1_SVW8_SK3_SKFTR0_SKXCCM0_TLDS1_ULSGRO0_USL1_UIOFGRO0_USFGRO0_VSn1_VWA8_VWB8_WSGRA0_WSGRB0_WS64_WG32_8_1,0.0,1381.08,1728.04
gfx950,256,1,1536,128,False,torch.bfloat16,torch.bfloat16,False,False,flydsl,29,1,3.5102,flydsl_gemm2_abf16_wbf16_bf16_t16x64x64_split_k1_block_m_warp1_block_n_warp2_block_k_warp1_async_copyTrue_b_to_ldsTrue_b_preshuffleFalse_c_to_ldsFalse_gfx950,0.0,0.11,112.97
gfx950,256,2,1536,7168,False,torch.bfloat16,torch.bfloat16,False,False,flydsl,5257,7,7.2455,flydsl_gemm8_abf16_wbf16_bf16_t16x64x64_split_k7_block_m_warp1_block_n_warp2_block_k_warp1_async_copyTrue_b_to_ldsTrue_b_preshuffleFalse_c_to_ldsFalse_gfx950,0.015,6.08,3043.95
gfx950,256,16,1536,128,False,torch.bfloat16,torch.bfloat16,False,False,flydsl,29,1,3.5742,flydsl_gemm2_abf16_wbf16_bf16_t16x64x64_split_k1_block_m_warp1_block_n_warp2_block_k_warp1_async_copyTrue_b_to_ldsTrue_b_preshuffleFalse_c_to_ldsFalse_gfx950,0.0,1.76,124.91
gfx950,256,24,1536,7168,False,torch.bfloat16,torch.bfloat16,False,False,flydsl,2987,4,9.418,flydsl_gemm4_abf16_wbf16_bf16_t16x64x128_split_k4_block_m_warp1_block_n_warp2_block_k_warp1_async_copyTrue_b_to_ldsTrue_b_preshuffleFalse_c_to_ldsFalse_gfx950,0.0142,56.11,2382.45
gfx950,256,48,1536,128,False,torch.bfloat16,torch.bfloat16,False,False,flydsl,29,1,3.593,flydsl_gemm2_abf16_wbf16_bf16_t16x64x64_split_k1_block_m_warp1_block_n_warp2_block_k_warp1_async_copyTrue_b_to_ldsTrue_b_preshuffleFalse_c_to_ldsFalse_gfx950,0.0,5.25,153.9
gfx950,256,56,1536,7168,False,torch.bfloat16,torch.bfloat16,False,False,flydsl,3204,4,11.0712,flydsl_gemm4_abf16_wbf16_bf16_t32x64x128_split_k4_block_m_warp1_block_n_warp4_block_k_warp1_async_copyTrue_b_to_ldsTrue_b_preshuffleFalse_c_to_ldsFalse_gfx950,0.013,111.38,2077.01
gfx950,256,128,1536,128,False,torch.bfloat16,torch.bfloat16,False,False,flydsl,189,1,2.9663,flydsl_gemm2_abf16_wbf16_bf16_t16x64x64_split_k1_block_m_warp1_block_n_warp2_block_k_warp1_async_copyTrue_b_to_ldsTrue_b_preshuffleFalse_c_to_ldsFalse_gfx950,0.0,16.97,276.17
gfx950,256,256,1536,7168,False,torch.bfloat16,torch.bfloat16,False,False,hipblaslt,441318,0,19.2485,Cijk_Alik_Bljk_BBS_BH_Bias_HA_S_SAV_UserArgs_MT128x96x64_MI16x16x1_SN_LDSB0_AFC0_AFEM1_AFEM1_ASEM1_CLR0_CADS0_DTLA1_DTLB1_DTVA0_DTVB0_EPS0_FDSI0_GRPM1_GRVWA8_GRVWB8_GSU0_GSUAMB_GLS0_ISA950_IU1_K1_LDSTI0_LBSPPA1024_LBSPPB1024_LBSPPM0_LPA16_LPB16_LPM0_LRVW8_LWPMn1_MIAV0_MIWT4_3_MO40_NTn1_NTA0_NTB0_NTC7_NTD4_NTM0_NEPBS0_NLCA1_NLCB1_ONLL1_PGR2_PLR1_PKA1_SIA3_SS1_SPO0_SRVW0_SSO0_SVW4_SK3_SKFTR0_SKXCCM0_TLDS1_ULSGRO0_USL1_UIOFGRO0_USFGRO1_VSn1_VWA4_VWB1_WSGRA0_WSGRB0_WS64_WG32_8_1,0.0,292.86,1375.51
gfx950,256,2048,1536,128,False,torch.bfloat16,torch.bfloat16,False,False,flydsl,553,1,4.6652,flydsl_gemm2_abf16_wbf16_bf16_t64x64x64_split_k1_block_m_warp4_block_n_warp1_block_k_warp1_async_copyTrue_b_to_ldsTrue_b_preshuffleFalse_c_to_ldsFalse_gfx950,0.0,172.62,1545.26
gfx950,256,4096,1536,7168,False,torch.bfloat16,torch.bfloat16,False,False,hipblaslt,439726,0,91.1902,Cijk_Alik_Bljk_BBS_BH_Bias_HA_S_SAV_UserArgs_MT192x256x64_MI16x16x1_SN_LDSB1_AFC0_AFEM1_AFEM1_ASEM1_CLR1_CADS0_DTLA0_DTLB0_DTVA0_DTVB0_EPS0_FDSI0_GRPM1_GRVWA8_GRVWB8_GSU0_GSUAMB_GLS0_ISA950_IU1_K1_LDSTI0_LBSPPA512_LBSPPB512_LBSPPM0_LPA16_LPB16_LPM0_LRVW8_LWPMn1_MIAV0_MIWT12_4_MO40_NTn1_NTA1_NTB1_NTC4_NTD2_NTM0_NEPBS0_NLCA1_NLCB1_ONLL1_PGR2_PLR1_PKA1_SIA3_SS1_SPO0_SRVW0_SSO1_SVW4_SK3_SKFTR0_SKXCCM0_TLDS1_ULSGRO0_USL1_UIOFGRO0_USFGRO0_VSn1_VWA4_VWB4_WSGRA0_WSGRB0_WS64_WG16_16_1,0.0,989.08,1023.39
gfx950,256,512,2112,7168,False,torch.bfloat16,torch.bfloat16,False,False,hipblaslt,441293,0,30.5838,Cijk_Alik_Bljk_BBS_BH_Bias_HA_S_SAV_UserArgs_MT224x128x64_MI16x16x1_SN_LDSB1_AFC0_AFEM1_AFEM1_ASEM1_CLR1_CADS0_DTLA0_DTLB0_DTVA0_DTVB0_EPS0_FDSI0_GRPM1_GRVWA8_GRVWB8_GSU0_GSUAMB_GLS0_ISA950_IU1_K1_LDSTI0_LBSPPA128_LBSPPB512_LBSPPM0_LPA16_LPB16_LPM0_LRVW8_LWPMn1_MIAV0_MIWT7_4_MO40_NTn1_NTA0_NTB0_NTC0_NTD0_NTM0_NEPBS0_NLCA1_NLCB1_ONLL1_PGR2_PLR1_PKA1_SIA3_SS1_SPO0_SRVW0_SSO0_SVW1_SK3_SKFTR0_SKXCCM0_TLDS1_ULSGRO0_USL1_UIOFGRO0_USFGRO0_VSn1_VWA1_VWB4_WSGRA0_WSGRB0_WS64_WG32_8_1,0.0,506.87,1300.7
gfx950,256,8192,2112,7168,False,torch.bfloat16,torch.bfloat16,False,False,hipblaslt,441355,0,220.8372,Cijk_Alik_Bljk_BBS_BH_Bias_HA_S_SAV_UserArgs_MT176x256x64_MI16x16x1_SN_LDSB0_AFC0_AFEM1_AFEM1_ASEM1_CLR1_CADS0_DTLA0_DTLB0_DTVA0_DTVB0_EPS0_FDSI0_GRPM1_GRVWA4_GRVWB8_GSU0_GSUAMB_GLS0_ISA950_IU1_K1_LDSTI0_LBSPPA128_LBSPPB512_LBSPPM0_LPA16_LPB16_LPM0_LRVW8_LWPMn1_MIAV0_MIWT11_4_MO40_NTn1_NTA0_NTB0_NTC0_NTD0_NTM0_NEPBS0_NLCA1_NLCB1_ONLL1_PGR2_PLR1_PKA1_SIA3_SS1_SPO0_SRVW0_SSO0_SVW1_SK3_SKFTR0_SKXCCM0_TLDS1_ULSGRO0_USL1_UIOFGRO0_USFGRO0_VSn1_VWA1_VWB4_WSGRA0_WSGRB0_WS64_WG16_16_1,0.0,1123.15,825.59
gfx950,256,8,2304,1536,False,torch.bfloat16,torch.bfloat16,False,False,flydsl,4993,4,5.2247,flydsl_gemm5_abf16_wbf16_bf16_t16x64x64_split_k4_block_m_warp1_block_n_warp2_block_k_warp1_async_copyTrue_b_to_ldsTrue_b_preshuffleFalse_c_to_ldsFalse_gfx950,0.0076,10.84,1366.46
gfx950,256,40,2304,1536,False,torch.bfloat16,torch.bfloat16,False,False,flydsl,3790,2,6.6023,flydsl_gemm4_abf16_wbf16_bf16_t16x64x128_split_k2_block_m_warp1_block_n_warp2_block_k_warp1_async_copyTrue_b_to_ldsTrue_b_preshuffleFalse_c_to_ldsFalse_gfx950,0.0027,42.88,1118.56
gfx950,256,96,2304,1536,False,torch.bfloat16,torch.bfloat16,False,False,flydsl,5278,1,7.0003,flydsl_gemm4_abf16_wbf16_bf16_t16x64x128_split_k1_block_m_warp1_block_n_warp1_block_k_warp2_async_copyTrue_b_to_ldsTrue_b_preshuffleFalse_c_to_ldsFalse_gfx950,0.003,97.06,1116.4
gfx950,256,1024,2304,1536,False,torch.bfloat16,torch.bfloat16,False,False,hipblaslt,439427,0,15.1625,Cijk_Alik_Bljk_BBS_BH_Bias_HA_S_SAV_UserArgs_MT128x80x128_MI16x16x1_SN_LDSB0_AFC0_AFEM1_AFEM1_ASEM1_CLR0_CADS0_DTLA0_DTLB0_DTVA0_DTVB0_EPS0_FDSI0_GRPM1_GRVWA8_GRVWB8_GSU0_GSUAMB_GLS0_ISA950_IU1_K1_LDSTI0_LBSPPA512_LBSPPB256_LBSPPM0_LPA16_LPB16_LPM0_LRVW8_LWPMn1_MIAV0_MIWT2_5_MO40_NTn1_NTA3_NTB3_NTC1_NTD6_NTM0_NEPBS0_NLCA1_NLCB1_ONLL1_PGR2_PLR1_PKA1_SIA3_SS1_SPO0_SRVW0_SSO0_SVW2_SK3_SKFTR0_SKXCCM0_TLDS2_ULSGRO0_USL1_UIOFGRO0_USFGROn1_VSn1_VWA2_VWB1_WSGRA0_WSGRB0_WS64_WG64_4_1,0.0,478.01,985.47
gfx950,256,1,3072,512,False,torch.bfloat16,torch.bfloat16,False,False,flydsl,3132,1,3.9325,flydsl_gemm6_abf16_wbf16_bf16_t16x64x64_split_k1_block_m_warp1_block_n_warp2_block_k_warp1_async_copyTrue_b_to_ldsTrue_b_preshuffleFalse_c_to_ldsFalse_gfx950,0.0,0.8,801.75
gfx950,256,16,3072,512,False,torch.bfloat16,torch.bfloat16,False,False,flydsl,3484,1,4.0831,flydsl_gemm7_abf16_wbf16_bf16_t16x64x64_split_k1_block_m_warp1_block_n_warp2_block_k_warp1_async_copyTrue_b_to_ldsTrue_b_preshuffleFalse_c_to_ldsFalse_gfx950,0.0,12.33,798.51
gfx950,256,48,3072,512,False,torch.bfloat16,torch.bfloat16,False,False,flydsl,2027,1,4.1748,flydsl_gemm4_abf16_wbf16_bf16_t16x64x128_split_k1_block_m_warp1_block_n_warp2_block_k_warp1_async_copyTrue_b_to_ldsTrue_b_preshuffleFalse_c_to_ldsFalse_gfx950,0.0,36.17,835.92
gfx950,256,128,3072,512,False,torch.bfloat16,torch.bfloat16,False,False,flydsl,4592,1,4.3285,flydsl_gemm6_abf16_wbf16_bf16_t16x64x64_split_k1_block_m_warp1_block_n_warp2_block_k_warp1_async_copyTrue_b_to_ldsTrue_b_preshuffleFalse_c_to_ldsFalse_gfx950,0.0,93.02,938.72
gfx950,256,2048,3072,512,False,torch.bfloat16,torch.bfloat16,False,False,hipblaslt,439931,0,11.3739,Cijk_Alik_Bljk_BBS_BH_Bias_HA_S_SAV_UserArgs_MT192x128x64_MI16x16x1_SN_LDSB0_AFC0_AFEM1_AFEM1_ASEM1_CLR0_CADS0_DTLA0_DTLB0_DTVA0_DTVB0_EPS0_FDSI0_GRPM1_GRVWA8_GRVWB8_GSUAMB_GLS0_ISA950_IU1_K1_LDSTI0_LBSPPA512_LBSPPB256_LBSPPM0_LPA16_LPB16_LPM0_LRVW8_LWPMn1_MIAV0_MIWT12_2_MO40_NTn1_NTA3_NTB3_NTC6_NTD4_NTM0_NEPBS0_NLCA1_NLCB1_ONLL1_PGR2_PLR1_PKA1_SIA3_SS1_SPO0_SRVW0_SSO0_SVW4_SK0_SKFTR0_SKXCCM0_TLDS2_ULSGRO0_USL1_UIOFGRO0_USFGROn1_VSn1_VWA4_VWB2_WSGRA0_WSGRB0_WS64_WG16_16_1,0.0,566.42,1567.25
gfx950,256,7680,3072,512,False,torch.bfloat16,torch.bfloat16,False,False,hipblaslt,440571,0,29.9853,Cijk_Alik_Bljk_BBS_BH_Bias_HA_S_SAV_UserArgs_MT256x192x64_MI16x16x1_SN_LDSB0_AFC0_AFEM1_AFEM1_ASEM1_CLR1_CADS0_DTLA1_DTLB1_DTVA0_DTVB0_EPS0_FDSI0_GRPM1_GRVWA8_GRVWB8_GSU0_GSUAMB_GLS0_ISA950_IU1_K1_LDSTI0_LBSPPA1024_LBSPPB1024_LBSPPM0_LPA16_LPB16_LPM0_LRVW8_LWPMn1_MIAV0_MIWT16_3_MO40_NTn1_NTA0_NTB1_NTC6_NTD5_NTM0_NEPBS16_NLCA1_NLCB1_ONLL1_PGR2_PLR1_PKA1_SIA3_SS1_SPO0_SRVW0_SSO1_SVW8_SK3_SKFTR0_SKXCCM0_TLDS1_ULSGRO0_USL1_UIOFGRO0_USFGRO0_VSn1_VWA8_VWB1_WSGRA0_WSGRB0_WS64_WG16_16_1,0.0,805.7,1940.82
gfx950,256,12288,3072,512,False,torch.bfloat16,torch.bfloat16,False,False,hipblaslt,440571,0,43.7197,Cijk_Alik_Bljk_BBS_BH_Bias_HA_S_SAV_UserArgs_MT256x192x64_MI16x16x1_SN_LDSB0_AFC0_AFEM1_AFEM1_ASEM1_CLR1_CADS0_DTLA1_DTLB1_DTVA0_DTVB0_EPS0_FDSI0_GRPM1_GRVWA8_GRVWB8_GSU0_GSUAMB_GLS0_ISA950_IU1_K1_LDSTI0_LBSPPA1024_LBSPPB1024_LBSPPM0_LPA16_LPB16_LPM0_LRVW8_LWPMn1_MIAV0_MIWT16_3_MO40_NTn1_NTA0_NTB1_NTC6_NTD5_NTM0_NEPBS16_NLCA1_NLCB1_ONLL1_PGR2_PLR1_PKA1_SIA3_SS1_SPO0_SRVW0_SSO1_SVW8_SK3_SKFTR0_SKXCCM0_TLDS1_ULSGRO0_USL1_UIOFGRO0_USFGRO0_VSn1_VWA8_VWB1_WSGRA0_WSGRB0_WS64_WG16_16_1,0.0,884.15,2086.61
gfx950,256,16896,3072,512,False,torch.bfloat16,torch.bfloat16,False,False,hipblaslt,441460,0,64.8801,Custom_Cijk_Alik_Bljk_BBS_BH_MT256x256x64_MI16x16x1_UserArgs_shortname0_gfx950,0.0,819.21,1915.17
gfx950,256,20969,3072,512,False,torch.bfloat16,torch.bfloat16,False,False,hipblaslt,440575,0,73.6329,Cijk_Alik_Bljk_BBS_BH_Bias_HA_S_SAV_UserArgs_MT256x256x64_MI16x16x1_CMS_SN_LDSB0_AFC0_AFEM1_AFEM1_ASEM1_CLR1_CADS0_DTLA1_DTLB1_DTVA0_DTVB0_EPS0_FDSI0_GRPM1_GRVWA8_GRVWB8_GSU0_GSUAMB_GLS0_ISA950_IU1_K1_LDSTI0_LBSPPA1024_LBSPPB1024_LBSPPM0_LPA16_LPB16_LPM0_LRVW8_LWPMn1_MIAV0_MIWT8_8_MO40_NTn1_NTA0_NTB2_NTC7_NTD6_NTM0_NEPBS12_NLCA1_NLCB1_ONLL1_PGR2_PLR1_PKA1_SIA3_SS1_SPO1_SRVW0_SSO0_SVW8_SK3_SKFTR0_SKXCCM0_TLDS1_ULSGRO0_USL1_UIOFGRO0_USFGRO0_VSn1_VWA8_VWB8_WSGRA0_WSGRB0_WS64_WG32_8_1,0.0,895.83,2084.01
gfx950,256,23040,3072,512,False,torch.bfloat16,torch.bfloat16,False,False,hipblaslt,441460,0,85.9306,Custom_Cijk_Alik_Bljk_BBS_BH_MT256x256x64_MI16x16x1_UserArgs_shortname0_gfx950,0.0,843.44,1958.52
gfx950,256,27648,3072,512,False,torch.bfloat16,torch.bfloat16,False,False,hipblaslt,440606,0,103.9709,Cijk_Alik_Bljk_BBS_BH_Bias_HA_S_SAV_UserArgs_MT256x224x64_MI16x16x1_SN_LDSB0_AFC0_AFEM1_AFEM1_ASEM1_CLR1_CADS0_DTLA1_DTLB1_DTVA0_DTVB0_EPS0_FDSI0_GRPM1_GRVWA8_GRVWB8_GSU0_GSUAMB_GLS0_ISA950_IU1_K1_LDSTI0_LBSPPA1024_LBSPPB1024_LBSPPM0_LPA16_LPB16_LPM0_LRVW8_LWPMn1_MIAV0_MIWT8_7_MO40_NTn1_NTA1_NTB0_NTC7_NTD4_NTM0_NEPBS14_NLCA1_NLCB1_ONLL1_PGR2_PLR1_PKA1_SIA3_SS1_SPO0_SRVW0_SSO1_SVW8_SK3_SKFTR0_SKXCCM4_TLDS1_ULSGRO0_USL1_UIOFGRO0_USFGRO0_VSn1_VWA8_VWB1_WSGRA0_WSGRB0_WS64_WG32_8_1,0.0,836.51,1936.37
gfx950,256,31232,3072,512,False,torch.bfloat16,torch.bfloat16,False,False,hipblaslt,441460,0,111.1431,Custom_Cijk_Alik_Bljk_BBS_BH_MT256x256x64_MI16x16x1_UserArgs_shortname0_gfx950,0.0,883.97,2042.56
gfx950,256,34087,3072,512,False,torch.bfloat16,torch.bfloat16,False,False,hipblaslt,441461,0,122.3874,Custom_Cijk_Alik_Bljk_BBS_BH_MT256x256x64_MI16x16x1_UserArgs_shortname1_gfx950,0.0,876.14,2022.11
gfx950,256,38400,3072,512,False,torch.bfloat16,torch.bfloat16,False,False,hipblaslt,441460,0,139.935,Custom_Cijk_Alik_Bljk_BBS_BH_MT256x256x64_MI16x16x1_UserArgs_shortname0_gfx950,0.0,863.23,1989.47
gfx950,256,44544,3072,512,False,torch.bfloat16,torch.bfloat16,False,False,hipblaslt,440267,0,162.0713,Cijk_Alik_Bljk_BBS_BH_Bias_HA_S_SAV_UserArgs_MT256x256x64_MI16x16x1_SN_LDSB0_AFC0_AFEM1_AFEM1_ASEM1_CLR0_CADS0_DTLA1_DTLB1_DTVA0_DTVB0_EPS0_FDSI0_GRPM1_GRVWA8_GRVWB8_GSUAMB_GLS0_ISA950_IU1_K1_LDSTI0_LBSPPA1024_LBSPPB1024_LBSPPM0_LPA16_LPB16_LPM0_LRVW8_LWPMn1_MIAV0_MIWT8_8_MO40_NTn1_NTA1_NTB3_NTC2_NTD2_NTM0_NEPBS10_NLCA1_NLCB1_ONLL1_PGR2_PLR1_PKA1_SIA3_SS1_SPO0_SRVW0_SSO0_SVW8_SK0_SKFTR0_SKXCCM0_TLDS1_ULSGRO0_USL1_UIOFGRO0_USFGRO0_VSn1_VWA8_VWB8_WSGRA0_WSGRB0_WS64_WG32_8_1,0.0,864.58,1989.48
gfx950,256,49190,3072,512,False,torch.bfloat16,torch.bfloat16,False,False,hipblaslt,441461,0,172.4651,Custom_Cijk_Alik_Bljk_BBS_BH_MT256x256x64_MI16x16x1_UserArgs_shortname1_gfx950,0.0,897.22,2062.68
gfx950,256,55296,3072,512,False,torch.bfloat16,torch.bfloat16,False,False,hipblaslt,441460,0,189.1058,Custom_Cijk_Alik_Bljk_BBS_BH_MT256x256x64_MI16x16x1_UserArgs_shortname0_gfx950,0.0,919.84,2112.61
gfx950,256,60928,3072,512,False,torch.bfloat16,torch.bfloat16,False,False,hipblaslt,441460,0,208.5895,Custom_Cijk_Alik_Bljk_BBS_BH_MT256x256x64_MI16x16x1_UserArgs_shortname0_gfx950,0.0,918.85,2108.82
gfx950,256,64512,3072,512,False,torch.bfloat16,torch.bfloat16,False,False,hipblaslt,441460,0,214.2631,Custom_Cijk_Alik_Bljk_BBS_BH_MT256x256x64_MI16x16x1_UserArgs_shortname0_gfx950,0.0,947.14,2172.88
gfx950,256,69120,3072,512,False,torch.bfloat16,torch.bfloat16,False,False,hipblaslt,441460,0,226.2852,Custom_Cijk_Alik_Bljk_BBS_BH_MT256x256x64_MI16x16x1_UserArgs_shortname0_gfx950,0.0,960.88,2203.4
gfx950,256,72192,3072,512,False,torch.bfloat16,torch.bfloat16,False,False,hipblaslt,441460,0,238.5843,Custom_Cijk_Alik_Bljk_BBS_BH_MT256x256x64_MI16x16x1_UserArgs_shortname0_gfx950,0.0,951.85,2182.11
gfx950,256,76800,3072,512,False,torch.bfloat16,torch.bfloat16,False,False,hipblaslt,441461,0,255.0874,Custom_Cijk_Alik_Bljk_BBS_BH_MT256x256x64_MI16x16x1_UserArgs_shortname1_gfx950,0.0,947.09,2170.43
gfx950,256,82944,3072,512,False,torch.bfloat16,torch.bfloat16,False,False,hipblaslt,441460,0,269.7568,Custom_Cijk_Alik_Bljk_BBS_BH_MT256x256x64_MI16x16x1_UserArgs_shortname0_gfx950,0.0,967.24,2215.66
gfx950,256,87883,3072,512,False,torch.bfloat16,torch.bfloat16,False,False,hipblaslt,441460,0,285.6736,Custom_Cijk_Alik_Bljk_BBS_BH_MT256x256x64_MI16x16x1_UserArgs_shortname0_gfx950,0.0,967.73,2216.13
gfx950,256,92160,3072,512,False,torch.bfloat16,torch.bfloat16,False,False,hipblaslt,441460,0,294.8084,Custom_Cijk_Alik_Bljk_BBS_BH_MT256x256x64_MI16x16x1_UserArgs_shortname0_gfx950,0.0,983.39,2251.46
gfx950,256,98304,3072,512,False,torch.bfloat16,torch.bfloat16,False,False,hipblaslt,441460,0,311.0214,Custom_Cijk_Alik_Bljk_BBS_BH_MT256x256x64_MI16x16x1_UserArgs_shortname0_gfx950,0.0,994.26,2275.69
gfx950,256,8,3584,7168,False,torch.bfloat16,torch.bfloat16,False,False,flydsl,4944,4,11.5249,flydsl_gemm7_abf16_wbf16_bf16_t16x64x64_split_k4_block_m_warp1_block_n_warp2_block_k_warp1_async_copyTrue_b_to_ldsTrue_b_preshuffleFalse_c_to_ldsFalse_gfx950,0.0138,35.67,4473.12
gfx950,256,40,3584,7168,False,torch.bfloat16,torch.bfloat16,False,False,flydsl,3194,2,15.6396,flydsl_gemm4_abf16_wbf16_bf16_t32x64x128_split_k2_block_m_warp1_block_n_warp2_block_k_warp2_async_copyTrue_b_to_ldsTrue_b_preshuffleFalse_c_to_ldsFalse_gfx950,0.0138,131.41,3340.26
gfx950,256,96,3584,7168,False,torch.bfloat16,torch.bfloat16,False,False,hipblaslt,439436,0,20.4963,Cijk_Alik_Bljk_BBS_BH_Bias_HA_S_SAV_UserArgs_MT64x96x128_MI16x16x1_SN_LDSB1_AFC0_AFEM1_AFEM1_ASEM1_CLR1_CADS0_DTLA0_DTLB0_DTVA0_DTVB0_EPS0_FDSI0_GRPM1_GRVWA8_GRVWB8_GSU0_GSUAMB_GLS0_ISA950_IU1_K1_LDSTI0_LBSPPA512_LBSPPB256_LBSPPM0_LPA16_LPB16_LPM0_LRVW8_LWPMn1_MIAV0_MIWT2_3_MO40_NTn1_NTA1_NTB2_NTC1_NTD1_NTM0_NEPBS16_NLCA1_NLCB1_ONLL1_PGR2_PLR1_PKA1_SIA3_SS1_SPO0_SRVW0_SSO1_SVW2_SK3_SKFTR0_SKXCCM0_TLDS2_ULSGRO0_USL1_UIOFGRO0_USFGROn1_VSn1_VWA2_VWB1_WSGRA0_WSGRB0_WS64_WG32_8_1,0.0,240.65,2607.52
gfx950,256,1024,3584,7168,False,torch.bfloat16,torch.bfloat16,False,False,hipblaslt,440679,0,64.3874,Cijk_Alik_Bljk_BBS_BH_Bias_HA_S_SAV_UserArgs_MT224x256x64_MI16x16x1_SN_LDSB0_AFC0_AFEM1_AFEM1_ASEM1_CLR0_CADS0_DTLA0_DTLB0_DTVA0_DTVB0_EPS0_FDSI0_GRPM1_GRVWA8_GRVWB8_GSU0_GSUAMB_GLS0_ISA950_IU1_K1_LDSTI0_LBSPPA128_LBSPPB1024_LBSPPM0_LPA16_LPB16_LPM0_LRVW8_LWPMn1_MIAV0_MIWT7_8_MO40_NTn1_NTA0_NTB0_NTC4_NTD0_NTM0_NEPBS16_NLCA1_NLCB1_ONLL1_PGR2_PLR1_PKA1_SIA3_SS1_SPO0_SRVW0_SSO0_SVW1_SK3_SKFTR0_SKXCCM0_TLDS2_ULSGRO0_USL1_UIOFGRO0_USFGRO0_VSn1_VWA1_VWB8_WSGRA0_WSGRB0_WS64_WG32_8_1,0.0,817.14,1139.98
gfx950,256,1,4096,1024,False,torch.bfloat16,torch.bfloat16,False,False,flydsl,3938,2,5.1103,flydsl_gemm7_abf16_wbf16_bf16_t16x64x64_split_k2_block_m_warp1_block_n_warp2_block_k_warp1_async_copyTrue_b_to_ldsTrue_b_preshuffleFalse_c_to_ldsFalse_gfx950,0.001,1.64,1643.51
gfx950,256,8,4096,4096,False,torch.bfloat16,torch.bfloat16,False,False,flydsl,4020,4,8.9622,flydsl_gemm7_abf16_wbf16_bf16_t16x64x64_split_k4_block_m_warp1_block_n_warp2_block_k_warp1_async_copyTrue_b_to_ldsTrue_b_preshuffleFalse_c_to_ldsFalse_gfx950,0.0125,29.95,3758.62
gfx950,256,16,4096,1024,False,torch.bfloat16,torch.bfloat16,False,False,hipblaslt,440303,0,5.4088,Cijk_Alik_Bljk_BBS_BH_Bias_HA_S_SAV_UserArgs_MT16x16x256_MI16x16x1_SN_LDSB0_AFC0_AFEM1_AFEM1_ASEM1_CLR1_CADS0_DTLA1_DTLB1_DTVA0_DTVB0_EPS0_FDSI0_GRPM1_GRVWA8_GRVWB8_GSU0_GSUAMB_GLS0_ISA950_IU1_K1_LDSTI0_LBSPPA1024_LBSPPB1024_LBSPPM0_LPA16_LPB16_LPM0_LRVW8_LWPMn1_MIAV0_MIWT1_1_MO40_NTn1_NTA4_NTB1_NTC3_NTD0_NTM0_NEPBS8_NLCA1_NLCB1_ONLL1_PGR2_PLR1_PKA1_SIA3_SS1_SPO1_SRVW0_SSO1_SVW1_SK3_SKFTR0_SKXCCM0_TLDS2_ULSGRO0_USL1_UIOFGRO0_USFGROn1_VSn1_VWA1_VWB1_WSGRA0_WSGRB0_WS64_WG16_4_2,0.0,24.81,1581.21
gfx950,256,40,4096,4096,False,torch.bfloat16,torch.bfloat16,False,False,flydsl,2622,2,11.4887,flydsl_gemm4_abf16_wbf16_bf16_t32x64x128_split_k2_block_m_warp1_block_n_warp4_block_k_warp1_async_copyTrue_b_to_ldsTrue_b_preshuffleFalse_c_to_ldsFalse_gfx950,0.005,116.83,2977.69
gfx950,256,48,4096,1024,False,torch.bfloat16,torch.bfloat16,False,False,flydsl,3079,1,5.6986,flydsl_gemm5_abf16_wbf16_bf16_t16x64x128_split_k1_block_m_warp1_block_n_warp2_block_k_warp1_async_copyTrue_b_to_ldsTrue_b_preshuffleFalse_c_to_ldsFalse_gfx950,0.0,70.66,1558.3
gfx950,256,128,4096,1024,False,torch.bfloat16,torch.bfloat16,False,False,flydsl,3861,1,6.222,flydsl_gemm4_abf16_wbf16_bf16_t32x64x128_split_k1_block_m_warp2_block_n_warp2_block_k_warp1_async_copyTrue_b_to_ldsTrue_b_preshuffleFalse_c_to_ldsFalse_gfx950,0.0,172.57,1558.88
gfx950,256,1024,4096,4096,False,torch.bfloat16,torch.bfloat16,False,False,hipblaslt,440209,0,38.1803,Cijk_Alik_Bljk_BBS_BH_Bias_HA_S_SAV_UserArgs_MT128x128x128_MI16x16x1_SN_LDSB0_AFC0_AFEM1_AFEM1_ASEM1_CLR0_CADS0_DTLA0_DTLB0_DTVA0_DTVB0_EPS0_FDSI0_GRPM1_GRVWA8_GRVWB8_GSU0_GSUAMB_GLS0_ISA950_IU1_K1_LDSTI0_LBSPPA1024_LBSPPB1024_LBSPPM0_LPA16_LPB16_LPM0_LRVW8_LWPMn1_MIAV1_MIWT4_4_MO40_NTn1_NTA7_NTB2_NTC2_NTD2_NTM0_NEPBS0_NLCA1_NLCB1_ONLL1_PGR2_PLR1_PKA1_SIA3_SS1_SPO1_SRVW0_SSO0_SVW4_SK3_SKFTR0_SKXCCM8_TLDS1_ULSGRO0_USL1_UIOFGRO0_USFGRO0_VSn1_VWA4_VWB4_WSGRA0_WSGRB0_WS64_WG32_8_1,0.0,899.93,1318.26
gfx950,256,2048,4096,1024,False,torch.bfloat16,torch.bfloat16,False,False,hipblaslt,440655,0,19.8682,Cijk_Alik_Bljk_BBS_BH_Bias_HA_S_SAV_UserArgs_MT256x128x64_MI16x16x1_SN_LDSB0_AFC0_AFEM1_AFEM1_ASEM1_CLR0_CADS0_DTLA1_DTLB1_DTVA0_DTVB0_EPS0_FDSI0_GRPM1_GRVWA8_GRVWB8_GSU0_GSUAMB_GLS0_ISA950_IU1_K1_LDSTI0_LBSPPA1024_LBSPPB1024_LBSPPM0_LPA16_LPB16_LPM0_LRVW8_LWPMn1_MIAV0_MIWT8_4_MO40_NTn1_NTA0_NTB0_NTC4_NTD4_NTM0_NEPBS0_NLCA1_NLCB1_ONLL1_PGR2_PLR1_PKA1_SIA3_SS1_SPO1_SRVW0_SSO1_SVW8_SK3_SKFTR0_SKXCCM0_TLDS1_ULSGRO0_USL1_UIOFGRO0_USFGRO1_VSn1_VWA8_VWB4_WSGRA0_WSGRB0_WS64_WG32_8_1,0.0,864.69,1477.74
gfx950,256,16384,4096,4096,False,torch.bfloat16,torch.bfloat16,False,False,hipblaslt,440282,0,373.0705,Cijk_Alik_Bljk_BBS_BH_Bias_HA_S_SAV_UserArgs_MT256x256x64_MI16x16x1_CMS_SN_LDSB0_AFC0_AFEM1_AFEM1_ASEM1_CLR0_CADS0_DTLA1_DTLB1_DTVA0_DTVB0_EPS0_FDSI0_GRPM1_GRVWA8_GRVWB8_GSU0_GSUAMB_GLS0_ISA950_IU1_K1_LDSTI0_LBSPPA1024_LBSPPB1024_LBSPPM0_LPA16_LPB16_LPM0_LRVW8_LWPMn1_MIAV0_MIWT8_8_MO40_NTn1_NTA3_NTB3_NTC5_NTD5_NTM0_NEPBS16_NLCA1_NLCB1_ONLL1_PGR2_PLR1_PKA1_SIA3_SS1_SPO0_SRVW0_SSO1_SVW8_SK3_SKFTR0_SKXCCM0_TLDS1_ULSGRO0_USL1_UIOFGRO0_USFGRO0_VSn1_VWA8_VWB8_WSGRA0_WSGRB0_WS64_WG32_8_1,0.0,1473.6,809.47
gfx950,256,24576,4096,1024,False,torch.bfloat16,torch.bfloat16,False,False,hipblaslt,440588,0,178.8387,Cijk_Alik_Bljk_BBS_BH_Bias_HA_S_SAV_UserArgs_MT256x256x64_MI16x16x1_CMS_SN_LDSB0_AFC0_AFEM1_AFEM1_ASEM1_CLR1_CADS0_DTLA1_DTLB1_DTVA0_DTVB0_EPS0_FDSI0_GRPM1_GRVWA8_GRVWB8_GSU0_GSUAMB_GLS0_ISA950_IU1_K1_LDSTI0_LBSPPA1024_LBSPPB1024_LBSPPM0_LPA16_LPB16_LPM0_LRVW8_LWPMn1_MIAV0_MIWT8_8_MO40_NTn1_NTA1_NTB0_NTC7_NTD5_NTM0_NEPBS16_NLCA1_NLCB1_ONLL1_PGR2_PLR1_PKA1_SIA3_SS1_SPO0_SRVW0_SSO1_SVW8_SK3_SKFTR0_SKXCCM0_TLDS1_ULSGRO0_USL1_UIOFGRO0_USFGRO0_VSn1_VWA8_VWB8_WSGRA0_WSGRB0_WS64_WG32_8_1,0.0,1152.76,1454.09
gfx950,256,67268,4096,1024,False,torch.bfloat16,torch.bfloat16,False,False,hipblaslt,441462,0,468.0484,Custom_Cijk_Alik_Bljk_BBS_BH_MT256x256x64_MI16x16x1_UserArgs_shortname1_gfx950,0.0,1205.61,1489.62
gfx950,256,4,4608,1024,False,torch.bfloat16,torch.bfloat16,False,False,flydsl,3574,2,5.7611,flydsl_gemm6_abf16_wbf16_bf16_t16x64x64_split_k2_block_m_warp1_block_n_warp2_block_k_warp1_async_copyTrue_b_to_ldsTrue_b_preshuffleFalse_c_to_ldsFalse_gfx950,0.0024,6.55,1645.91
gfx950,256,32,4608,1024,False,torch.bfloat16,torch.bfloat16,False,False,flydsl,3079,1,6.3664,flydsl_gemm5_abf16_wbf16_bf16_t16x64x128_split_k1_block_m_warp1_block_n_warp2_block_k_warp1_async_copyTrue_b_to_ldsTrue_b_preshuffleFalse_c_to_ldsFalse_gfx950,0.0,47.43,1538.96
gfx950,256,64,4608,1024,False,torch.bfloat16,torch.bfloat16,False,False,flydsl,3261,1,6.6995,flydsl_gemm4_abf16_wbf16_bf16_t16x64x128_split_k1_block_m_warp1_block_n_warp1_block_k_warp2_async_copyTrue_b_to_ldsTrue_b_preshuffleFalse_c_to_ldsFalse_gfx950,0.0022,90.15,1516.24
gfx950,256,512,4608,1024,False,torch.bfloat16,torch.bfloat16,False,False,flydsl,3209,1,11.2497,flydsl_gemm3_abf16_wbf16_bf16_t80x128x128_split_k1_block_m_warp1_block_n_warp4_block_k_warp1_async_copyTrue_b_to_ldsTrue_b_preshuffleFalse_c_to_ldsFalse_gfx950,0.0,429.51,1351.53
gfx950,256,8192,4608,1024,False,torch.bfloat16,torch.bfloat16,False,False,hipblaslt,441461,0,79.8646,Custom_Cijk_Alik_Bljk_BBS_BH_MT256x256x64_MI16x16x1_UserArgs_shortname1_gfx950,0.0,968.01,1273.55
gfx950,256,49152,4608,1024,False,torch.bfloat16,torch.bfloat16,False,False,hipblaslt,441460,0,378.6002,Custom_Cijk_Alik_Bljk_BBS_BH_MT256x256x64_MI16x16x1_UserArgs_shortname0_gfx950,0.0,1225.19,1487.28
gfx950,256,2,6288,7168,False,torch.bfloat16,torch.bfloat16,False,False,hipblaslt,440907,0,17.9379,Cijk_Alik_Bljk_BBS_BH_Bias_HA_S_SAV_UserArgs_MT32x16x512_MI16x16x1_SN_LDSB1_AFC0_AFEM1_AFEM1_ASEM1_CLR1_CADS0_DTLA0_DTLB0_DTVA0_DTVB0_EPS0_FDSI0_GRPM1_GRVWA8_GRVWB8_GSU0_GSUAMB_GLS0_ISA950_IU1_K1_LDSTI0_LBSPPA1024_LBSPPB1024_LBSPPM0_LPA16_LPB16_LPM0_LRVW8_LWPMn1_MIAV0_MIWT2_1_MO40_NTn1_NTA4_NTB0_NTC0_NTD0_NTM0_NEPBS0_NLCA1_NLCB1_ONLL1_PGR2_PLR1_PKA1_SIA3_SS1_SPO0_SRVW0_SSO0_SVW1_SK3_SKFTR0_SKXCCM8_TLDS1_ULSGRO0_USL1_UIOFGRO0_USFGRO0_VSn1_VWA1_VWB1_WSGRA0_WSGRB0_WS64_WG16_4_4,0.0,10.05,5028.38
gfx950,256,24,6288,7168,False,torch.bfloat16,torch.bfloat16,False,False,hipblaslt,440651,0,21.184,Cijk_Alik_Bljk_BBS_BH_Bias_HA_S_SAV_UserArgs_MT64x32x256_MI16x16x1_SN_LDSB0_AFC0_AFEM1_AFEM1_ASEM1_CLR0_CADS0_DTLA0_DTLB0_DTVA0_DTVB0_EPS0_FDSI0_GRPM1_GRVWA8_GRVWB8_GSU0_GSUAMB_GLS0_ISA950_IU1_K1_LDSTI0_LBSPPA512_LBSPPB1024_LBSPPM0_LPA16_LPB16_LPM0_LRVW8_LWPMn1_MIAV0_MIWT1_2_MO40_NTn1_NTA0_NTB0_NTC0_NTD0_NTM0_NEPBS12_NLCA1_NLCB1_ONLL1_PGR2_PLR1_PKA1_SIA3_SS1_SPO1_SRVW0_SSO0_SVW1_SK3_SKFTR0_SKXCCM0_TLDS2_ULSGRO0_USL1_UIOFGRO0_USFGRO1_VSn1_VWA1_VWB2_WSGRA0_WSGRB0_WS64_WG64_4_1,0.0,102.13,4285.81
gfx950,256,56,6288,7168,False,torch.bfloat16,torch.bfloat16,False,False,hipblaslt,439974,0,24.8945,Cijk_Alik_Bljk_BBS_BH_Bias_HA_S_SAV_UserArgs_MT128x64x64_MI16x16x1_SN_LDSB0_AFC0_AFEM1_AFEM1_ASEM1_CLR1_CADS0_DTLA1_DTLB1_DTVA0_DTVB0_EPS0_FDSI0_GRPM1_GRVWA2_GRVWB2_GSU0_GSUAMB_GLS0_ISA950_IU1_K1_LDSTI0_LBSPPA256_LBSPPB256_LBSPPM0_LPA16_LPB16_LPM0_LRVW8_LWPMn1_MIAV1_MIWT4_2_MO40_NTn1_NTA1_NTB3_NTC6_NTD1_NTM0_NEPBS12_NLCA1_NLCB1_ONLL1_PGR2_PLR1_PKA1_SIA3_SS1_SPO0_SRVW0_SSO0_SVW4_SK3_SKFTR0_SKXCCM7_TLDS1_ULSGRO0_USL1_UIOFGRO0_USFGRO0_VSn1_VWA4_VWB2_WSGRA0_WSGRB0_WS64_WG32_8_1,0.0,202.78,3681.61
gfx950,256,256,6288,7168,False,torch.bfloat16,torch.bfloat16,False,False,hipblaslt,441293,0,39.7968,Cijk_Alik_Bljk_BBS_BH_Bias_HA_S_SAV_UserArgs_MT224x128x64_MI16x16x1_SN_LDSB1_AFC0_AFEM1_AFEM1_ASEM1_CLR1_CADS0_DTLA0_DTLB0_DTVA0_DTVB0_EPS0_FDSI0_GRPM1_GRVWA8_GRVWB8_GSU0_GSUAMB_GLS0_ISA950_IU1_K1_LDSTI0_LBSPPA128_LBSPPB512_LBSPPM0_LPA16_LPB16_LPM0_LRVW8_LWPMn1_MIAV0_MIWT7_4_MO40_NTn1_NTA0_NTB0_NTC0_NTD0_NTM0_NEPBS0_NLCA1_NLCB1_ONLL1_PGR2_PLR1_PKA1_SIA3_SS1_SPO0_SRVW0_SSO0_SVW1_SK3_SKFTR0_SKXCCM0_TLDS1_ULSGRO0_USL1_UIOFGRO0_USFGRO0_VSn1_VWA1_VWB4_WSGRA0_WSGRB0_WS64_WG32_8_1,0.0,579.87,2438.24
gfx950,256,4096,6288,7168,False,torch.bfloat16,torch.bfloat16,False,False,hipblaslt,440543,0,297.0309,Cijk_Alik_Bljk_BBS_BH_Bias_HA_S_SAV_UserArgs_MT256x256x64_MI16x16x1_CMS_SN_LDSB0_AFC1_AFEM1_AFEM1_ASEM1_CLR0_CADS0_DTLA1_DTLB1_DTVA0_DTVB0_EPS0_FDSI0_GRPM1_GRVWA8_GRVWB8_GSU0_GSUAMB_GLS0_ISA950_IU1_K1_LDSTI0_LBSPPA1024_LBSPPB1024_LBSPPM0_LPA16_LPB16_LPM0_LRVW8_LWPMn1_MIAV0_MIWT8_8_MO40_NTn1_NTA2_NTB1_NTC7_NTD4_NTM0_NEPBS0_NLCA1_NLCB1_ONLL1_PGR2_PLR1_PKA1_SIA3_SS1_SPO0_SRVW0_SSO1_SVW8_SK3_SKFTR0_SKXCCM8_TLDS1_ULSGRO0_USL1_UIOFGRO0_USFGRO0_VSn1_VWA8_VWB8_WSGRA0_WSGRB0_WS64_WG32_8_1,0.0,1243.08,674.6
gfx950,256,1,7168,3584,False,torch.bfloat16,torch.bfloat16,False,False,flydsl,3453,4,11.3674,flydsl_gemm5_abf16_wbf16_bf16_t16x128x64_split_k4_block_m_warp1_block_n_warp1_block_k_warp1_async_copyTrue_b_to_ldsTrue_b_preshuffleFalse_c_to_ldsFalse_gfx950,0.0133,4.52,4521.85
gfx950,256,1,7168,4224,False,torch.bfloat16,torch.bfloat16,False,False,flydsl,4188,2,12.1281,flydsl_gemm8_abf16_wbf16_bf16_t16x64x64_split_k2_block_m_warp1_block_n_warp2_block_k_warp1_async_copyTrue_b_to_ldsTrue_b_preshuffleFalse_c_to_ldsFalse_gfx950,0.0049,4.99,4994.85
gfx950,256,2,7168,4096,False,torch.bfloat16,torch.bfloat16,False,False,flydsl,3656,4,12.2926,flydsl_gemm6_abf16_wbf16_bf16_t16x64x64_split_k4_block_m_warp1_block_n_warp2_block_k_warp1_async_copyTrue_b_to_ldsTrue_b_preshuffleFalse_c_to_ldsFalse_gfx950,0.0104,9.55,4780.54
gfx950,256,4,7168,768,False,torch.bfloat16,torch.bfloat16,False,False,flydsl,5329,1,4.8262,flydsl_gemm8_abf16_wbf16_bf16_t16x64x64_split_k1_block_m_warp1_block_n_warp2_block_k_warp1_async_copyTrue_b_to_ldsTrue_b_preshuffleFalse_c_to_ldsFalse_gfx950,0.0,9.13,2294.46
gfx950,256,8,7168,1536,False,torch.bfloat16,torch.bfloat16,False,False,flydsl,6851,2,7.1991,flydsl_gemm8_abf16_wbf16_bf16_t16x64x64_split_k2_block_m_warp1_block_n_warp2_block_k_warp1_async_copyTrue_b_to_ldsTrue_b_preshuffleFalse_c_to_ldsFalse_gfx950,0.0026,24.47,3078.07
gfx950,256,16,7168,3584,False,torch.bfloat16,torch.bfloat16,False,False,flydsl,4047,2,12.0581,flydsl_gemm6_abf16_wbf16_bf16_t16x64x64_split_k2_block_m_warp1_block_n_warp2_block_k_warp1_async_copyTrue_b_to_ldsTrue_b_preshuffleFalse_c_to_ldsFalse_gfx950,0.0047,68.18,4289.59
gfx950,256,16,7168,4224,False,torch.bfloat16,torch.bfloat16,False,False,flydsl,2916,2,12.3525,flydsl_gemm5_abf16_wbf16_bf16_t16x64x64_split_k2_block_m_warp1_block_n_warp1_block_k_warp2_async_copyTrue_b_to_ldsTrue_b_preshuffleFalse_c_to_ldsFalse_gfx950,0.012,78.44,4931.78
gfx950,256,24,7168,4096,False,torch.bfloat16,torch.bfloat16,False,False,hipblaslt,440111,0,14.4802,Cijk_Alik_Bljk_BBS_BH_Bias_HA_S_SAV_UserArgs_MT32x32x256_MI16x16x1_SN_LDSB0_AFC0_AFEM1_AFEM1_ASEM1_CLR1_CADS0_DTLA1_DTLB1_DTVA0_DTVB0_EPS0_FDSI0_GRPM1_GRVWA8_GRVWB8_GSU0_GSUAMB_GLS0_ISA950_IU1_K1_LDSTI0_LBSPPA1024_LBSPPB1024_LBSPPM0_LPA16_LPB16_LPM0_LRVW8_LWPMn1_MIAV1_MIWT1_1_MO40_NTn1_NTA7_NTB2_NTC2_NTD1_NTM0_NEPBS14_NLCA1_NLCB1_ONLL1_PGR2_PLR1_PKA1_SIA3_SS1_SPO0_SRVW0_SSO0_SVW1_SK3_SKFTR0_SKXCCM4_TLDS1_ULSGRO0_USL1_UIOFGRO0_USFGROn1_VSn1_VWA1_VWB1_WSGRA0_WSGRB0_WS64_WG32_8_1,0.0,97.33,4092.55
gfx950,256,32,7168,768,False,torch.bfloat16,torch.bfloat16,False,False,flydsl,4441,1,5.0821,flydsl_gemm6_abf16_wbf16_bf16_t16x64x64_split_k1_block_m_warp1_block_n_warp2_block_k_warp1_async_copyTrue_b_to_ldsTrue_b_preshuffleFalse_c_to_ldsFalse_gfx950,0.0,69.33,2266.38
gfx950,256,40,7168,1536,False,torch.bfloat16,torch.bfloat16,False,False,flydsl,4057,1,7.6168,flydsl_gemm4_abf16_wbf16_bf16_t32x64x128_split_k1_block_m_warp1_block_n_warp4_block_k_warp1_async_copyTrue_b_to_ldsTrue_b_preshuffleFalse_c_to_ldsFalse_gfx950,0.0,115.64,2982.41
gfx950,256,48,7168,3584,False,torch.bfloat16,torch.bfloat16,False,False,flydsl,2638,1,14.24,flydsl_gemm4_abf16_wbf16_bf16_t16x64x128_split_k1_block_m_warp1_block_n_warp2_block_k_warp1_async_copyTrue_b_to_ldsTrue_b_preshuffleFalse_c_to_ldsFalse_gfx950,0.0,173.19,3680.65
gfx950,256,48,7168,4224,False,torch.bfloat16,torch.bfloat16,False,False,flydsl,2146,1,16.2132,flydsl_gemm4_abf16_wbf16_bf16_t16x64x128_split_k1_block_m_warp1_block_n_warp2_block_k_warp1_async_copyTrue_b_to_ldsTrue_b_preshuffleFalse_c_to_ldsFalse_gfx950,0.0,179.28,3802.39
gfx950,256,56,7168,4096,False,torch.bfloat16,torch.bfloat16,False,False,flydsl,1683,1,16.357,flydsl_gemm3_abf16_wbf16_bf16_t32x64x256_split_k1_block_m_warp2_block_n_warp1_block_k_warp2_async_copyTrue_b_to_ldsTrue_b_preshuffleFalse_c_to_ldsFalse_gfx950,0.0047,201.04,3667.04
gfx950,256,64,7168,768,False,torch.bfloat16,torch.bfloat16,False,False,flydsl,5297,1,6.1278,flydsl_gemm5_abf16_wbf16_bf16_t32x64x128_split_k1_block_m_warp1_block_n_warp4_block_k_warp1_async_copyTrue_b_to_ldsTrue_b_preshuffleFalse_c_to_ldsFalse_gfx950,0.0,114.99,1962.51
gfx950,256,96,7168,1536,False,torch.bfloat16,torch.bfloat16,False,False,flydsl,6001,1,9.5942,flydsl_gemm4_abf16_wbf16_bf16_t64x64x128_split_k1_block_m_warp2_block_n_warp4_block_k_warp1_async_copyTrue_b_to_ldsTrue_b_preshuffleFalse_c_to_ldsFalse_gfx950,0.0,220.33,2469.33
gfx950,256,128,7168,3584,False,torch.bfloat16,torch.bfloat16,False,False,flydsl,5517,1,18.8788,flydsl_gemm5_abf16_wbf16_bf16_t64x64x128_split_k1_block_m_warp2_block_n_warp2_block_k_warp2_async_copyTrue_b_to_ldsTrue_b_preshuffleFalse_c_to_ldsFalse_gfx950,0.0049,348.36,2867.38
gfx950,256,128,7168,4224,False,torch.bfloat16,torch.bfloat16,False,False,flydsl,4097,1,21.9988,flydsl_gemm4_abf16_wbf16_bf16_t64x64x128_split_k1_block_m_warp4_block_n_warp2_block_k_warp1_async_copyTrue_b_to_ldsTrue_b_preshuffleFalse_c_to_ldsFalse_gfx950,0.0,352.34,2885.23
gfx950,256,256,7168,4096,False,torch.bfloat16,torch.bfloat16,False,False,hipblaslt,440680,0,28.1272,Cijk_Alik_Bljk_BBS_BH_Bias_HA_S_SAV_UserArgs_MT128x128x128_MI32x32x1_SN_LDSB0_AFC0_AFEM1_AFEM1_ASEM1_CLR1_CADS0_DTLA0_DTLB0_DTVA0_DTVB0_EPS0_FDSI0_GRPM1_GRVWA8_GRVWB8_GSU0_GSUAMB_GLS0_ISA950_IU1_K1_LDSTI0_LBSPPA1024_LBSPPB256_LBSPPM0_LPA8_LPB8_LPM0_LRVW8_LWPMn1_MIAV0_MIWT4_1_MO40_NTn1_NTA0_NTB0_NTC0_NTD0_NTM0_NEPBS16_NLCA1_NLCB1_ONLL1_PGR2_PLR1_PKA1_SIA3_SS1_SPO1_SRVW0_SSO0_SVW4_SK3_SKFTR0_SKXCCM8_TLDS1_ULSGRO0_USL1_UIOFGRO0_USFGRO0_VSn1_VWA4_VWB1_WSGRA0_WSGRB0_WS64_WG32_8_1,0.0,534.44,2292.71
gfx950,256,512,7168,768,False,torch.bfloat16,torch.bfloat16,False,False,flydsl,4266,1,11.9413,flydsl_gemm4_abf16_wbf16_bf16_t128x128x64_split_k1_block_m_warp2_block_n_warp4_block_k_warp1_async_copyTrue_b_to_ldsTrue_b_preshuffleFalse_c_to_ldsFalse_gfx950,0.0,472.07,1602.55
gfx950,256,1024,7168,1536,False,torch.bfloat16,torch.bfloat16,False,False,hipblaslt,440204,0,25.8436,Cijk_Alik_Bljk_BBS_BH_Bias_HA_S_SAV_UserArgs_MT256x128x64_MI16x16x1_SN_LDSB0_AFC0_AFEM1_AFEM1_ASEM1_CLR1_CADS0_DTLA1_DTLB1_DTVA0_DTVB0_EPS0_FDSI0_GRPM1_GRVWA8_GRVWB8_GSU0_GSUAMB_GLS0_ISA950_IU1_K1_LDSTI0_LBSPPA1024_LBSPPB1024_LBSPPM0_LPA16_LPB16_LPM0_LRVW8_LWPMn1_MIAV0_MIWT8_4_MO40_NTn1_NTA1_NTB0_NTC2_NTD7_NTM0_NEPBS16_NLCA1_NLCB1_ONLL1_PGR2_PLR1_PKA1_SIA3_SS1_SPO1_SRVW0_SSO1_SVW8_SK3_SKFTR0_SKXCCM4_TLDS2_ULSGRO0_USL1_UIOFGRO0_USFGROn1_VSn1_VWA8_VWB4_WSGRA0_WSGRB0_WS64_WG32_8_1,0.0,872.5,1541.81
gfx950,256,2048,7168,3584,False,torch.bfloat16,torch.bfloat16,False,False,hipblaslt,441462,0,85.5936,Custom_Cijk_Alik_Bljk_BBS_BH_MT256x256x64_MI16x16x1_UserArgs_shortname1_gfx950,0.0,1229.38,1114.81
gfx950,256,2048,7168,4224,False,torch.bfloat16,torch.bfloat16,False,False,hipblaslt,440335,0,99.428,Cijk_Alik_Bljk_BBS_BH_Bias_HA_S_SAV_UserArgs_MT256x256x64_MI16x16x1_CMS_SN_LDSB0_AFC0_AFEM1_AFEM1_ASEM1_CLR1_CADS0_DTLA1_DTLB1_DTVA0_DTVB0_EPS0_FDSI0_GRPM1_GRVWA8_GRVWB8_GSU0_GSUAMB_GLS0_ISA950_IU1_K1_LDSTI0_LBSPPA1024_LBSPPB1024_LBSPPM0_LPA16_LPB16_LPM0_LRVW8_LWPMn1_MIAV0_MIWT8_8_MO40_NTn1_NTA1_NTB3_NTC5_NTD4_NTM0_NEPBS16_NLCA1_NLCB1_ONLL1_PGR2_PLR1_PKA1_SIA3_SS1_SPO1_SRVW0_SSO4_SVW8_SK3_SKFTR0_SKXCCM0_TLDS1_ULSGRO0_USL1_UIOFGRO0_USFGRO0_VSn1_VWA8_VWB8_WSGRA0_WSGRB0_WS64_WG32_8_1,0.0,1247.31,1078.34
gfx950,256,4096,7168,4096,False,torch.bfloat16,torch.bfloat16,False,False,hipblaslt,440489,0,185.83,Cijk_Alik_Bljk_BBS_BH_Bias_HA_S_SAV_UserArgs_MT256x256x64_MI16x16x1_CMS_SN_LDSB0_AFC1_AFEM1_AFEM1_ASEM1_CLR1_CADS0_DTLA1_DTLB1_DTVA0_DTVB0_EPS0_FDSI0_GRPM1_GRVWA8_GRVWB8_GSU0_GSUAMB_GLS0_ISA950_IU1_K1_LDSTI0_LBSPPA1024_LBSPPB1024_LBSPPM0_LPA16_LPB16_LPM0_LRVW8_LWPMn1_MIAV0_MIWT8_8_MO40_NTn1_NTA0_NTB0_NTC4_NTD3_NTM0_NEPBS12_NLCA1_NLCB1_ONLL1_PGR2_PLR1_PKA1_SIA3_SS1_SPO1_SRVW0_SSO1_SVW8_SK3_SKFTR0_SKXCCM4_TLDS1_ULSGRO0_USL1_UIOFGRO0_USFGRO0_VSn1_VWA8_VWB8_WSGRA0_WSGRB0_WS64_WG32_8_1,0.0,1294.29,812.54
gfx950,256,8192,7168,768,False,torch.bfloat16,torch.bfloat16,False,False,hipblaslt,441460,0,95.526,Custom_Cijk_Alik_Bljk_BBS_BH_MT256x256x64_MI16x16x1_UserArgs_shortname0_gfx950,0.0,944.19,1476.39
gfx950,256,2,8448,7168,False,torch.bfloat16,torch.bfloat16,False,False,flydsl,2975,7,22.7894,flydsl_gemm4_abf16_wbf16_bf16_t16x256x64_split_k7_block_m_warp1_block_n_warp2_block_k_warp1_async_copyTrue_b_to_ldsTrue_b_preshuffleFalse_c_to_ldsFalse_gfx950,0.0186,10.63,5317.08
gfx950,256,24,8448,7168,False,torch.bfloat16,torch.bfloat16,False,False,hipblaslt,441381,0,28.5034,Cijk_Alik_Bljk_BBS_BH_Bias_HA_S_SAV_UserArgs_MT96x32x128_MI16x16x1_SN_LDSB1_AFC0_AFEM1_AFEM1_ASEM1_CLR1_CADS0_DTLA0_DTLB0_DTVA0_DTVB0_EPS0_FDSI0_GRPM1_GRVWA8_GRVWB8_GSU0_GSUAMB_GLS0_ISA950_IU1_K1_LDSTI0_LBSPPA256_LBSPPB256_LBSPPM0_LPA16_LPB16_LPM0_LRVW8_LWPMn1_MIAV0_MIWT3_1_MO40_NTn1_NTA0_NTB0_NTC0_NTD0_NTM0_NEPBS0_NLCA1_NLCB1_ONLL1_PGR2_PLR1_PKA1_SIA3_SS1_SPO0_SRVW0_SSO0_SVW1_SK3_SKFTR0_SKXCCM0_TLDS1_ULSGRO0_USL1_UIOFGRO0_USFGRO0_VSn1_VWA1_VWB1_WSGRA0_WSGRB0_WS64_WG32_8_1,0.0,101.98,4275.28
gfx950,256,56,8448,7168,False,torch.bfloat16,torch.bfloat16,False,False,hipblaslt,440176,0,30.1355,Cijk_Alik_Bljk_BBS_BH_Bias_HA_S_SAV_UserArgs_MT80x64x256_MI16x16x1_SN_LDSB0_AFC0_AFEM1_AFEM1_ASEM1_CLR0_CADS0_DTLA0_DTLB0_DTVA0_DTVB0_EPS0_FDSI0_GRPM1_GRVWA8_GRVWB8_GSU0_GSUAMB_GLS0_ISA950_IU1_K1_LDSTI0_LBSPPA512_LBSPPB512_LBSPPM0_LPA16_LPB16_LPM0_LRVW8_LWPMn1_MIAV0_MIWT5_1_MO40_NTn1_NTA3_NTB0_NTC1_NTD1_NTM0_NEPBS0_NLCA1_NLCB1_ONLL1_PGR2_PLR1_PKA1_SIA3_SS1_SPO0_SRVW0_SSO0_SVW1_SK3_SKFTR0_SKXCCM4_TLDS1_ULSGRO0_USL1_UIOFGRO0_USFGRO0_VSn1_VWA1_VWB1_WSGRA0_WSGRB0_WS64_WG16_16_1,0.0,225.06,4076.9
gfx950,256,256,8448,7168,False,torch.bfloat16,torch.bfloat16,False,False,hipblaslt,439447,0,48.9717,Cijk_Alik_Bljk_BBS_BH_Bias_HA_S_SAV_UserArgs_MT192x256x64_MI16x16x1_SN_LDSB0_AFC0_AFEM1_AFEM1_ASEM1_CLR1_CADS0_DTLA0_DTLB0_DTVA0_DTVB0_EPS0_FDSI0_GRPM1_GRVWA8_GRVWB8_GSU0_GSUAMB_GLS0_ISA950_IU1_K1_LDSTI0_LBSPPA512_LBSPPB512_LBSPPM0_LPA16_LPB16_LPM0_LRVW8_LWPMn1_MIAV0_MIWT12_4_MO40_NTn1_NTA1_NTB0_NTC5_NTD2_NTM0_NEPBS0_NLCA1_NLCB1_ONLL1_PGR2_PLR1_PKA1_SIA3_SS1_SPO0_SRVW0_SSO0_SVW4_SK3_SKFTR0_SKXCCM0_TLDS2_ULSGRO0_USL1_UIOFGRO0_USFGRO0_VSn1_VWA4_VWB4_WSGRA0_WSGRB0_WS64_WG16_16_1,0.0,633.11,2636.34
gfx950,256,4096,8448,7168,False,torch.bfloat16,torch.bfloat16,False,False,hipblaslt,440570,0,387.4138,Cijk_Alik_Bljk_BBS_BH_Bias_HA_S_SAV_UserArgs_MT256x192x64_MI16x16x1_SN_LDSB0_AFC0_AFEM1_AFEM1_ASEM1_CLR0_CADS0_DTLA1_DTLB1_DTVA0_DTVB0_EPS0_FDSI0_GRPM1_GRVWA8_GRVWB8_GSU0_GSUAMB_GLS0_ISA950_IU1_K1_LDSTI0_LBSPPA1024_LBSPPB1024_LBSPPM0_LPA16_LPB16_LPM0_LRVW8_LWPMn1_MIAV0_MIWT8_6_MO40_NTn1_NTA3_NTB2_NTC6_NTD0_NTM0_NEPBS0_NLCA1_NLCB1_ONLL1_PGR2_PLR1_PKA1_SIA3_SS1_SPO0_SRVW0_SSO0_SVW8_SK3_SKFTR0_SKXCCM0_TLDS1_ULSGRO0_USL1_UIOFGRO0_USFGRO0_VSn1_VWA8_VWB2_WSGRA0_WSGRB0_WS64_WG32_8_1,0.0,1280.46,642.82
gfx950,256,4,16160,7168,False,torch.bfloat16,torch.bfloat16,False,False,hipblaslt,439704,0,36.1371,Cijk_Alik_Bljk_BBS_BH_Bias_HA_S_SAV_UserArgs_MT32x16x256_MI16x16x1_SN_LDSB0_AFC0_AFEM1_AFEM1_ASEM1_CLR1_CADS0_DTLA1_DTLB1_DTVA0_DTVB0_EPS0_FDSI0_GRPM1_GRVWA8_GRVWB8_GSU0_GSUAMB_GLS0_ISA950_IU1_K1_LDSTI0_LBSPPA1024_LBSPPB1024_LBSPPM0_LPA16_LPB16_LPM0_LRVW8_LWPMn1_MIAV1_MIWT2_1_MO40_NTn1_NTA7_NTB1_NTC0_NTD2_NTM0_NEPBS8_NLCA1_NLCB1_ONLL1_PGR2_PLR1_PKA1_SIA3_SS1_SPO0_SRVW0_SSO0_SVW2_SK3_SKFTR0_SKXCCM4_TLDS2_ULSGRO0_USL1_UIOFGRO0_USFGRO1_VSn1_VWA2_VWB1_WSGRA0_WSGRB0_WS64_WG16_4_2,0.0,25.64,6416.02
gfx950,256,32,16160,7168,False,torch.bfloat16,torch.bfloat16,False,False,hipblaslt,440891,0,37.7139,Cijk_Alik_Bljk_BBS_BH_Bias_HA_S_SAV_UserArgs_MT64x32x256_MI16x16x1_SN_LDSB0_AFC0_AFEM1_AFEM1_ASEM1_CLR0_CADS0_DTLA1_DTLB1_DTVA0_DTVB0_EPS0_FDSI0_GRPM1_GRVWA8_GRVWB8_GSU0_GSUAMB_GLS0_ISA950_IU1_K1_LDSTI0_LBSPPA1024_LBSPPB1024_LBSPPM0_LPA16_LPB16_LPM0_LRVW8_LWPMn1_MIAV0_MIWT2_1_MO40_NTn1_NTA4_NTB0_NTC3_NTD1_NTM0_NEPBS10_NLCA1_NLCB1_ONLL1_PGR2_PLR1_PKA1_SIA3_SS1_SPO0_SRVW0_SSO0_SVW2_SK3_SKFTR0_SKXCCM8_TLDS2_ULSGRO0_USL1_UIOFGRO0_USFGROn1_VSn1_VWA2_VWB1_WSGRA0_WSGRB0_WS64_WG32_8_1,0.0,196.57,6182.41
gfx950,256,64,16160,7168,False,torch.bfloat16,torch.bfloat16,False,False,hipblaslt,440890,0,41.6415,Cijk_Alik_Bljk_BBS_BH_Bias_HA_S_SAV_UserArgs_MT64x64x256_MI16x16x1_SN_LDSB0_AFC0_AFEM1_AFEM1_ASEM1_CLR0_CADS0_DTLA0_DTLB0_DTVA0_DTVB0_EPS0_FDSI0_GRPM1_GRVWA8_GRVWB8_GSU0_GSUAMB_GLS0_ISA950_IU1_K1_LDSTI0_LBSPPA1024_LBSPPB1024_LBSPPM0_LPA16_LPB16_LPM0_LRVW8_LWPMn1_MIAV1_MIWT2_2_MO40_NTn1_NTA4_NTB0_NTC3_NTD3_NTM0_NEPBS16_NLCA1_NLCB1_ONLL1_PGR2_PLR1_PKA1_SIA3_SS1_SPO0_SRVW0_SSO0_SVW2_SK3_SKFTR0_SKXCCM8_TLDS1_ULSGRO0_USL1_UIOFGRO0_USFGRO0_VSn1_VWA2_VWB2_WSGRA0_WSGRB0_WS64_WG32_8_1,0.0,356.06,5635.14
gfx950,256,512,16160,7168,False,torch.bfloat16,torch.bfloat16,False,False,hipblaslt,440205,0,116.198,Cijk_Alik_Bljk_BBS_BH_Bias_HA_S_SAV_UserArgs_MT256x128x64_MI32x32x1_SN_LDSB0_AFC0_AFEM1_AFEM1_ASEM1_CLR1_CADS0_DTLA0_DTLB0_DTVA0_DTVB0_EPS0_FDSI0_GRPM1_GRVWA8_GRVWB8_GSU0_GSUAMB_GLS0_ISA950_IU1_K1_LDSTI0_LBSPPA512_LBSPPB256_LBSPPM0_LPA8_LPB8_LPM0_LRVW8_LWPMn1_MIAV0_MIWT4_2_MO40_NTn1_NTA3_NTB1_NTC5_NTD7_NTM0_NEPBS0_NLCA1_NLCB1_ONLL1_PGR2_PLR1_PKA1_SIA3_SS1_SPO1_SRVW0_SSO1_SVW4_SK3_SKFTR0_SKXCCM4_TLDS1_ULSGRO0_USL1_UIOFGRO0_USFGRO0_VSn1_VWA4_VWB2_WSGRA0_WSGRB0_WS64_WG64_4_1,0.0,1020.8,2199.33
gfx950,256,4,20480,7168,False,torch.bfloat16,torch.bfloat16,False,False,hipblaslt,440180,0,45.8857,Cijk_Alik_Bljk_BBS_BH_Bias_HA_S_SAV_UserArgs_MT16x16x256_MI16x16x1_SN_LDSB0_AFC0_AFEM1_AFEM1_ASEM1_CLR1_CADS0_DTLA1_DTLB1_DTVA0_DTVB0_EPS0_FDSI0_GRPM1_GRVWA8_GRVWB8_GSU0_GSUAMB_GLS0_ISA950_IU1_K1_LDSTI0_LBSPPA1024_LBSPPB1024_LBSPPM0_LPA16_LPB16_LPM0_LRVW8_LWPMn1_MIAV1_MIWT1_1_MO40_NTn1_NTA4_NTB2_NTC2_NTD1_NTM0_NEPBS8_NLCA1_NLCB1_ONLL1_PGR2_PLR1_PKA1_SIA3_SS1_SPO1_SRVW0_SSO0_SVW1_SK3_SKFTR0_SKXCCM0_TLDS1_ULSGRO0_USL1_UIOFGRO0_USFGRO1_VSn1_VWA1_VWB1_WSGRA0_WSGRB0_WS64_WG16_4_4,0.0,25.59,6403.36
gfx950,256,32,20480,7168,False,torch.bfloat16,torch.bfloat16,False,False,hipblaslt,440889,0,47.7656,Cijk_Alik_Bljk_BBS_BH_Bias_HA_S_SAV_UserArgs_MT96x32x256_MI16x16x1_SN_LDSB1_AFC0_AFEM1_AFEM1_ASEM1_CLR1_CADS0_DTLA0_DTLB0_DTVA0_DTVB0_EPS0_FDSI0_GRPM1_GRVWA8_GRVWB8_GSU0_GSUAMB_GLS0_ISA950_IU1_K1_LDSTI0_LBSPPA512_LBSPPB512_LBSPPM0_LPA16_LPB16_LPM0_LRVW8_LWPMn1_MIAV0_MIWT3_1_MO40_NTn1_NTA4_NTB0_NTC0_NTD0_NTM0_NEPBS0_NLCA1_NLCB1_ONLL1_PGR2_PLR1_PKA1_SIA3_SS1_SPO0_SRVW0_SSO0_SVW1_SK3_SKFTR0_SKXCCM8_TLDS1_ULSGRO0_USL1_UIOFGRO0_USFGRO0_VSn1_VWA1_VWB1_WSGRA0_WSGRB0_WS64_WG32_8_1,0.0,196.69,6183.75
gfx950,256,64,20480,7168,False,torch.bfloat16,torch.bfloat16,False,False,hipblaslt,439915,0,52.6489,Cijk_Alik_Bljk_BBS_BH_Bias_HA_S_SAV_UserArgs_MT80x64x256_MI16x16x1_SN_LDSB0_AFC0_AFEM1_AFEM1_ASEM1_CLR0_CADS0_DTLA0_DTLB0_DTVA0_DTVB0_EPS0_FDSI0_GRPM1_GRVWA8_GRVWB8_GSU0_GSUAMB_GLS0_ISA950_IU1_K1_LDSTI0_LBSPPA512_LBSPPB512_LBSPPM0_LPA16_LPB16_LPM0_LRVW8_LWPMn1_MIAV0_MIWT5_1_MO40_NTn1_NTA5_NTB2_NTC1_NTD3_NTM0_NEPBS16_NLCA1_NLCB1_ONLL1_PGR2_PLR1_PKA1_SIA3_SS0_SPO1_SRVW0_SSO0_SVW4_SK3_SKFTR0_SKXCCM0_TLDS2_ULSGRO0_USL1_UIOFGRO0_USFGRO0_VSn1_VWA1_VWB1_WSGRA0_WSGRB0_WS64_WG16_16_1,0.0,356.9,5643.81
gfx950,256,512,1024,4096,False,torch.bfloat16,torch.bfloat16,False,False,flydsl,3937,1,14.5053,flydsl_gemm4_abf16_wbf16_bf16_t32x64x128_split_k1_block_m_warp1_block_n_warp4_block_k_warp1_async_copyTrue_b_to_ldsTrue_b_preshuffleFalse_c_to_ldsFalse_gfx950,0.0,296.1,939.76
gfx950,256,8192,1024,4096,False,torch.bfloat16,torch.bfloat16,False,False,hipblaslt,440204,0,62.4518,Cijk_Alik_Bljk_BBS_BH_Bias_HA_S_SAV_UserArgs_MT256x128x64_MI16x16x1_SN_LDSB0_AFC0_AFEM1_AFEM1_ASEM1_CLR1_CADS0_DTLA1_DTLB1_DTVA0_DTVB0_EPS0_FDSI0_GRPM1_GRVWA8_GRVWB8_GSU0_GSUAMB_GLS0_ISA950_IU1_K1_LDSTI0_LBSPPA1024_LBSPPB1024_LBSPPM0_LPA16_LPB16_LPM0_LRVW8_LWPMn1_MIAV0_MIWT8_4_MO40_NTn1_NTA1_NTB0_NTC2_NTD7_NTM0_NEPBS16_NLCA1_NLCB1_ONLL1_PGR2_PLR1_PKA1_SIA3_SS1_SPO1_SRVW0_SSO1_SVW8_SK3_SKFTR0_SKXCCM4_TLDS2_ULSGRO0_USL1_UIOFGRO0_USFGROn1_VSn1_VWA8_VWB4_WSGRA0_WSGRB0_WS64_WG32_8_1,0.0,1100.36,1477.53
gfx950,256,49152,1024,4096,False,torch.bfloat16,torch.bfloat16,False,False,hipblaslt,440394,0,288.9558,Cijk_Alik_Bljk_BBS_BH_Bias_HA_S_SAV_UserArgs_MT256x256x64_MI16x16x1_CMS_SN_LDSB0_AFC1_AFEM1_AFEM1_ASEM1_CLR0_CADS0_DTLA1_DTLB1_DTVA0_DTVB0_EPS0_FDSI0_GRPM1_GRVWA8_GRVWB8_GSU0_GSUAMB_GLS0_ISA950_IU1_K1_LDSTI0_LBSPPA1024_LBSPPB1024_LBSPPM0_LPA16_LPB16_LPM0_LRVW8_LWPMn1_MIAV0_MIWT8_8_MO40_NTn1_NTA2_NTB7_NTC5_NTD2_NTM0_NEPBS0_NLCA1_NLCB1_ONLL1_PGR2_PLR1_PKA1_SIA3_SS1_SPO1_SRVW0_SSO1_SVW8_SK3_SKFTR0_SKXCCM4_TLDS1_ULSGRO0_USL1_UIOFGRO0_USFGRO0_VSn1_VWA8_VWB8_WSGRA0_WSGRB0_WS64_WG32_8_1,0.0,1426.92,1770.88
gfx950,256,2,1536,128,False,torch.bfloat16,torch.bfloat16,False,False,flydsl,29,1,2.9072,flydsl_gemm2_abf16_wbf16_bf16_t16x64x64_split_k1_block_m_warp1_block_n_warp2_block_k_warp1_async_copyTrue_b_to_ldsTrue_b_preshuffleFalse_c_to_ldsFalse_gfx950,0.0,0.27,137.55
gfx950,256,4,1536,7168,False,torch.bfloat16,torch.bfloat16,False,False,flydsl,5257,7,7.2285,flydsl_gemm8_abf16_wbf16_bf16_t16x64x64_split_k7_block_m_warp1_block_n_warp2_block_k_warp1_async_copyTrue_b_to_ldsTrue_b_preshuffleFalse_c_to_ldsFalse_gfx950,0.02,12.19,3055.92
gfx950,256,24,1536,128,False,torch.bfloat16,torch.bfloat16,False,False,flydsl,29,1,2.9696,flydsl_gemm2_abf16_wbf16_bf16_t16x64x64_split_k1_block_m_warp1_block_n_warp2_block_k_warp1_async_copyTrue_b_to_ldsTrue_b_preshuffleFalse_c_to_ldsFalse_gfx950,0.0,3.18,159.31
gfx950,256,32,1536,7168,False,torch.bfloat16,torch.bfloat16,False,False,flydsl,3213,7,9.04,flydsl_gemm4_abf16_wbf16_bf16_t32x64x128_split_k7_block_m_warp1_block_n_warp4_block_k_warp1_async_copyTrue_b_to_ldsTrue_b_preshuffleFalse_c_to_ldsFalse_gfx950,0.0199,77.95,2497.47
gfx950,256,56,1536,128,False,torch.bfloat16,torch.bfloat16,False,False,flydsl,29,1,2.9479,flydsl_gemm2_abf16_wbf16_bf16_t16x64x64_split_k1_block_m_warp1_block_n_warp2_block_k_warp1_async_copyTrue_b_to_ldsTrue_b_preshuffleFalse_c_to_ldsFalse_gfx950,0.0,7.47,196.61
gfx950,256,64,1536,7168,False,torch.bfloat16,torch.bfloat16,False,False,flydsl,2920,4,10.7759,flydsl_gemm3_abf16_wbf16_bf16_t32x64x128_split_k4_block_m_warp1_block_n_warp2_block_k_warp2_async_copyTrue_b_to_ldsTrue_b_preshuffleFalse_c_to_ldsFalse_gfx950,0.0216,130.78,2146.85
gfx950,256,256,1536,128,False,torch.bfloat16,torch.bfloat16,False,False,flydsl,362,1,3.1267,flydsl_gemm2_abf16_wbf16_bf16_t32x64x64_split_k1_block_m_warp1_block_n_warp4_block_k_warp1_async_copyTrue_b_to_ldsTrue_b_preshuffleFalse_c_to_ldsFalse_gfx950,0.0,32.19,398.24
gfx950,256,512,1536,7168,False,torch.bfloat16,torch.bfloat16,False,False,hipblaslt,440108,0,24.9535,Cijk_Alik_Bljk_BBS_BH_Bias_HA_S_SAV_UserArgs_MT128x128x64_MI16x16x1_SN_LDSB0_AFC0_AFEM1_AFEM1_ASEM1_CLR0_CADS0_DTLA1_DTLB1_DTVA0_DTVB0_EPS0_FDSI0_GRPM1_GRVWA8_GRVWB8_GSU0_GSUAMB_GLS0_ISA950_IU1_K1_LDSTI0_LBSPPA1024_LBSPPB1024_LBSPPM0_LPA16_LPB16_LPM0_LRVW8_LWPMn1_MIAV1_MIWT4_4_MO40_NTn1_NTA2_NTB1_NTC6_NTD3_NTM0_NEPBS16_NLCA1_NLCB1_ONLL1_PGR2_PLR1_PKA1_SIA3_SS1_SPO0_SRVW0_SSO0_SVW4_SK3_SKFTR0_SKXCCM4_TLDS1_ULSGRO0_USL1_UIOFGRO0_USFGROn1_VSn1_VWA4_VWB4_WSGRA0_WSGRB0_WS64_WG32_8_1,0.0,451.81,1239.63
gfx950,256,4096,1536,128,False,torch.bfloat16,torch.bfloat16,False,False,flydsl,140,1,6.787,flydsl_gemm2_abf16_wbf16_bf16_t128x64x64_split_k1_block_m_warp4_block_n_warp1_block_k_warp1_async_copyTrue_b_to_ldsTrue_b_preshuffleFalse_c_to_ldsFalse_gfx950,0.0,237.31,2066.41
gfx950,256,8192,1536,7168,False,torch.bfloat16,torch.bfloat16,False,False,hipblaslt,440606,0,147.5026,Cijk_Alik_Bljk_BBS_BH_Bias_HA_S_SAV_UserArgs_MT256x224x64_MI16x16x1_SN_LDSB0_AFC0_AFEM1_AFEM1_ASEM1_CLR1_CADS0_DTLA1_DTLB1_DTVA0_DTVB0_EPS0_FDSI0_GRPM1_GRVWA8_GRVWB8_GSU0_GSUAMB_GLS0_ISA950_IU1_K1_LDSTI0_LBSPPA1024_LBSPPB1024_LBSPPM0_LPA16_LPB16_LPM0_LRVW8_LWPMn1_MIAV0_MIWT8_7_MO40_NTn1_NTA1_NTB0_NTC7_NTD4_NTM0_NEPBS14_NLCA1_NLCB1_ONLL1_PGR2_PLR1_PKA1_SIA3_SS1_SPO0_SRVW0_SSO1_SVW8_SK3_SKFTR0_SKXCCM4_TLDS1_ULSGRO0_USL1_UIOFGRO0_USFGRO0_VSn1_VWA8_VWB1_WSGRA0_WSGRB0_WS64_WG32_8_1,0.0,1222.95,1116.09
gfx950,256,96,2112,7168,False,torch.bfloat16,torch.bfloat16,False,False,asm,8,7,16.3282,_ZN5aiter39bf16gemm_fp32bf16_tn_96x64_splitk_cleanE,0.0195,178.01,1963.44
gfx950,256,1024,2112,7168,False,torch.bfloat16,torch.bfloat16,False,False,hipblaslt,440405,0,44.867,Cijk_Alik_Bljk_BBS_BH_Bias_HA_S_SAV_UserArgs_MT256x160x64_MI16x16x1_SN_LDSB0_AFC1_AFEM1_AFEM1_ASEM1_CLR1_CADS0_DTLA0_DTLB0_DTVA0_DTVB0_EPS0_FDSI0_GRPM1_GRVWA8_GRVWB8_GSU0_GSUAMB_GLS0_ISA950_IU1_K1_LDSTI0_LBSPPA512_LBSPPB256_LBSPPM0_LPA16_LPB16_LPM0_LRVW8_LWPMn1_MIAV0_MIWT4_10_MO40_NTn1_NTA0_NTB3_NTC3_NTD3_NTM0_NEPBS2_NLCA1_NLCB1_ONLL1_PGR2_PLR1_PKA1_SIA3_SS1_SPO0_SRVW0_SSO0_SVW4_SK3_SKFTR0_SKXCCM0_TLDS1_ULSGRO0_USL1_UIOFGRO0_USFGRO0_VSn1_VWA4_VWB2_WSGRA0_WSGRB0_WS64_WG64_4_1,0.0,691.03,1098.43
gfx950,256,1,2304,1536,False,torch.bfloat16,torch.bfloat16,False,False,flydsl,5801,4,5.0083,flydsl_gemm6_abf16_wbf16_bf16_t16x64x64_split_k4_block_m_warp1_block_n_warp2_block_k_warp1_async_copyTrue_b_to_ldsTrue_b_preshuffleFalse_c_to_ldsFalse_gfx950,0.0095,1.41,1414.77
gfx950,256,16,2304,1536,False,torch.bfloat16,torch.bfloat16,False,False,hipblaslt,439841,0,5.5452,Cijk_Alik_Bljk_BBS_BH_Bias_HA_S_SAV_UserArgs_MT16x16x512_MI16x16x1_SN_LDSB0_AFC0_AFEM1_AFEM1_ASEM1_CLR1_CADS0_DTLA1_DTLB1_DTVA0_DTVB0_EPS0_FDSI0_GRPM1_GRVWA8_GRVWB8_GSU0_GSUAMB_GLS0_ISA950_IU1_K1_LDSTI0_LBSPPA1024_LBSPPB1024_LBSPPM0_LPA16_LPB16_LPM0_LRVW8_LWPMn1_MIAV0_MIWT1_1_MO40_NTn1_NTA6_NTB1_NTC3_NTD0_NTM0_NEPBS14_NLCA1_NLCB1_ONLL1_PGR2_PLR1_PKA1_SIA3_SS1_SPO1_SRVW0_SSO0_SVW1_SK3_SKFTR0_SKXCCM0_TLDS1_ULSGRO0_USL1_UIOFGRO0_USFGRO1_VSn1_VWA1_VWB1_WSGRA0_WSGRB0_WS64_WG16_4_4,0.0,20.42,1298.56
gfx950,256,48,2304,1536,False,torch.bfloat16,torch.bfloat16,False,False,flydsl,4969,2,6.7411,flydsl_gemm5_abf16_wbf16_bf16_t16x64x128_split_k2_block_m_warp1_block_n_warp2_block_k_warp1_async_copyTrue_b_to_ldsTrue_b_preshuffleFalse_c_to_ldsFalse_gfx950,0.0027,50.4,1104.65
gfx950,256,128,2304,1536,False,torch.bfloat16,torch.bfloat16,False,False,flydsl,5892,1,7.5355,flydsl_gemm4_abf16_wbf16_bf16_t16x64x128_split_k1_block_m_warp1_block_n_warp1_block_k_warp2_async_copyTrue_b_to_ldsTrue_b_preshuffleFalse_c_to_ldsFalse_gfx950,0.003,120.23,1069.73
gfx950,256,2048,2304,1536,False,torch.bfloat16,torch.bfloat16,False,False,hipblaslt,439408,0,20.8367,Cijk_Alik_Bljk_BBS_BH_Bias_HA_S_SAV_UserArgs_MT128x160x128_MI16x16x1_SN_LDSB0_AFC0_AFEM1_AFEM1_ASEM1_CLR0_CADS0_DTLA0_DTLB0_DTVA0_DTVB0_EPS0_FDSI0_GRPM1_GRVWA8_GRVWB8_GSU0_GSUAMB_GLS0_ISA950_IU1_K1_LDSTI0_LBSPPA1024_LBSPPB256_LBSPPM0_LPA16_LPB16_LPM0_LRVW8_LWPMn1_MIAV1_MIWT4_5_MO40_NTn1_NTA1_NTB1_NTC7_NTD7_NTM0_NEPBS0_NLCA1_NLCB1_ONLL1_PGR2_PLR1_PKA1_SIA3_SS1_SPO0_SRVW0_SSO1_SVW4_SK3_SKFTR0_SKXCCM0_TLDS2_ULSGRO0_USL1_UIOFGRO0_USFGRO0_VSn1_VWA4_VWB1_WSGRA0_WSGRB0_WS64_WG32_8_1,0.0,695.67,1094.54
gfx950,256,2,3072,512,False,torch.bfloat16,torch.bfloat16,False,False,hipblaslt,439772,0,4.3116,Cijk_Alik_Bljk_BBS_BH_Bias_HA_S_SAV_UserArgs_MT16x16x256_MI16x16x1_SN_LDSB0_AFC0_AFEM1_AFEM1_ASEM1_CLR1_CADS0_DTLA1_DTLB1_DTVA0_DTVB0_EPS0_FDSI0_GRPM1_GRVWA8_GRVWB8_GSU0_GSUAMB_GLS0_ISA950_IU1_K1_LDSTI0_LBSPPA1024_LBSPPB1024_LBSPPM0_LPA16_LPB16_LPM0_LRVW8_LWPMn1_MIAV0_MIWT1_1_MO40_NTn1_NTA7_NTB1_NTC3_NTD0_NTM0_NEPBS14_NLCA1_NLCB1_ONLL1_PGR2_PLR1_PKA1_SIA3_SS1_SPO1_SRVW0_SSO0_SVW1_SK3_SKFTR0_SKXCCM0_TLDS2_ULSGRO0_USL1_UIOFGRO0_USFGRO1_VSn1_VWA1_VWB1_WSGRA0_WSGRB0_WS64_WG16_4_2,0.0,1.46,732.92
gfx950,256,24,3072,512,False,torch.bfloat16,torch.bfloat16,False,False,flydsl,3484,1,4.0117,flydsl_gemm7_abf16_wbf16_bf16_t16x64x64_split_k1_block_m_warp1_block_n_warp2_block_k_warp1_async_copyTrue_b_to_ldsTrue_b_preshuffleFalse_c_to_ldsFalse_gfx950,0.0,18.82,827.02
gfx950,256,56,3072,512,False,torch.bfloat16,torch.bfloat16,False,False,flydsl,3484,1,4.6225,flydsl_gemm7_abf16_wbf16_bf16_t16x64x64_split_k1_block_m_warp1_block_n_warp2_block_k_warp1_async_copyTrue_b_to_ldsTrue_b_preshuffleFalse_c_to_ldsFalse_gfx950,0.0,38.11,767.36
gfx950,256,256,3072,512,False,torch.bfloat16,torch.bfloat16,False,False,flydsl,4809,1,5.0567,flydsl_gemm6_abf16_wbf16_bf16_t64x64x64_split_k1_block_m_warp4_block_n_warp2_block_k_warp1_async_copyTrue_b_to_ldsTrue_b_preshuffleFalse_c_to_ldsFalse_gfx950,0.0,159.26,984.98
gfx950,256,4096,3072,512,False,torch.bfloat16,torch.bfloat16,False,False,hipblaslt,439726,0,17.4384,Cijk_Alik_Bljk_BBS_BH_Bias_HA_S_SAV_UserArgs_MT192x256x64_MI16x16x1_SN_LDSB1_AFC0_AFEM1_AFEM1_ASEM1_CLR1_CADS0_DTLA0_DTLB0_DTVA0_DTVB0_EPS0_FDSI0_GRPM1_GRVWA8_GRVWB8_GSU0_GSUAMB_GLS0_ISA950_IU1_K1_LDSTI0_LBSPPA512_LBSPPB512_LBSPPM0_LPA16_LPB16_LPM0_LRVW8_LWPMn1_MIAV0_MIWT12_4_MO40_NTn1_NTA1_NTB1_NTC4_NTD2_NTM0_NEPBS0_NLCA1_NLCB1_ONLL1_PGR2_PLR1_PKA1_SIA3_SS1_SPO0_SRVW0_SSO1_SVW4_SK3_SKFTR0_SKXCCM0_TLDS1_ULSGRO0_USL1_UIOFGRO0_USFGRO0_VSn1_VWA4_VWB4_WSGRA0_WSGRB0_WS64_WG16_16_1,0.0,738.88,1864.04
gfx950,256,8192,3072,512,False,torch.bfloat16,torch.bfloat16,False,False,hipblaslt,439726,0,31.5209,Cijk_Alik_Bljk_BBS_BH_Bias_HA_S_SAV_UserArgs_MT192x256x64_MI16x16x1_SN_LDSB1_AFC0_AFEM1_AFEM1_ASEM1_CLR1_CADS0_DTLA0_DTLB0_DTVA0_DTVB0_EPS0_FDSI0_GRPM1_GRVWA8_GRVWB8_GSU0_GSUAMB_GLS0_ISA950_IU1_K1_LDSTI0_LBSPPA512_LBSPPB512_LBSPPM0_LPA16_LPB16_LPM0_LRVW8_LWPMn1_MIAV0_MIWT12_4_MO40_NTn1_NTA1_NTB1_NTC4_NTD2_NTM0_NEPBS0_NLCA1_NLCB1_ONLL1_PGR2_PLR1_PKA1_SIA3_SS1_SPO0_SRVW0_SSO1_SVW4_SK3_SKFTR0_SKXCCM0_TLDS1_ULSGRO0_USL1_UIOFGRO0_USFGRO0_VSn1_VWA4_VWB4_WSGRA0_WSGRB0_WS64_WG16_16_1,0.0,817.55,1962.7
gfx950,256,13824,3072,512,False,torch.bfloat16,torch.bfloat16,False,False,hipblaslt,440144,0,51.1432,Cijk_Alik_Bljk_BBS_BH_Bias_HA_S_SAV_UserArgs_MT256x224x64_MI16x16x1_SN_LDSB0_AFC0_AFEM1_AFEM1_ASEM1_CLR1_CADS0_DTLA1_DTLB1_DTVA0_DTVB0_EPS0_FDSI0_GRPM1_GRVWA8_GRVWB8_GSU0_GSUAMB_GLS0_ISA950_IU1_K1_LDSTI0_LBSPPA1024_LBSPPB1024_LBSPPM0_LPA16_LPB16_LPM0_LRVW8_LWPMn1_MIAV0_MIWT8_7_MO40_NTn1_NTA1_NTB3_NTC5_NTD5_NTM0_NEPBS14_NLCA1_NLCB1_ONLL1_PGR2_PLR1_PKA1_SIA3_SS1_SPO0_SRVW0_SSO1_SVW8_SK3_SKFTR0_SKXCCM0_TLDS1_ULSGRO0_USL1_UIOFGRO0_USFGRO0_VSn1_VWA8_VWB1_WSGRA0_WSGRB0_WS64_WG32_8_1,0.0,850.29,1999.02
gfx950,256,18432,3072,512,False,torch.bfloat16,torch.bfloat16,False,False,hipblaslt,441462,0,68.4397,Custom_Cijk_Alik_Bljk_BBS_BH_MT256x256x64_MI16x16x1_UserArgs_shortname1_gfx950,0.0,847.2,1976.43
gfx950,256,21504,3072,512,False,torch.bfloat16,torch.bfloat16,False,False,hipblaslt,441459,0,74.5083,Cijk_Alik_Bljk_BBS_BH_Bias_HA_S_SAV_UserArgs_MT256x256x64_MI16x16x1_SN_LDSB0_AFC0_AFEM1_AFEM1_ASEM1_CLR0_CADS0_DTLA1_DTLB1_DTVA0_DTVB0_EPS0_FDSI0_GRPM1_GRVWA8_GRVWB8_GSU0_GSUAMB_GLS0_ISA950_IU1_K1_LDSTI0_LBSPPA1024_LBSPPB1024_LBSPPM0_LPA16_LPB16_LPM0_LRVW8_LWPMn1_MIAV0_MIWT8_8_MO40_NTn1_NTA1_NTB1_NTC7_NTD5_NTM0_NEPBS0_NLCA1_NLCB1_ONLL1_PGR2_PLR1_PKA1_SIA3_SS1_SPO1_SRVW0_SSO0_SVW8_SK3_SKFTR0_SKXCCM8_TLDS2_ULSGRO0_USL1_UIOFGRO0_USFGRO0_VSn1_VWA8_VWB8_WSGRA0_WSGRB0_WS64_WG32_8_1,0.0,907.9,2110.99
gfx950,256,24576,3072,512,False,torch.bfloat16,torch.bfloat16,False,False,hipblaslt,439531,0,88.8562,Cijk_Alik_Bljk_BBS_BH_Bias_HA_S_SAV_UserArgs_MT256x192x64_MI16x16x1_SN_LDSB0_AFC0_AFEM1_AFEM1_ASEM1_CLR1_CADS0_DTLA1_DTLB1_DTVA0_DTVB0_EPS0_FDSI0_GRPM1_GRVWA8_GRVWB8_GSU0_GSUAMB_GLS0_ISA950_IU1_K1_LDSTI0_LBSPPA1024_LBSPPB1024_LBSPPM0_LPA16_LPB16_LPM0_LRVW8_LWPMn1_MIAV0_MIWT16_3_MO40_NTn1_NTA0_NTB6_NTC4_NTD2_NTM0_NEPBS12_NLCA1_NLCB1_ONLL1_PGR2_PLR1_PKA1_SIA3_SS1_SPO1_SRVW0_SSO1_SVW8_SK3_SKFTR0_SKXCCM8_TLDS1_ULSGRO0_USL1_UIOFGRO0_USFGRO0_VSn1_VWA8_VWB1_WSGRA0_WSGRB0_WS64_WG16_16_1,0.0,870.05,2017.94
gfx950,256,29184,3072,512,False,torch.bfloat16,torch.bfloat16,False,False,hipblaslt,441462,0,107.9862,Custom_Cijk_Alik_Bljk_BBS_BH_MT256x256x64_MI16x16x1_UserArgs_shortname1_gfx950,0.0,850.15,1966.33
gfx950,256,32256,3072,512,False,torch.bfloat16,torch.bfloat16,False,False,hipblaslt,441460,0,114.1838,Custom_Cijk_Alik_Bljk_BBS_BH_MT256x256x64_MI16x16x1_UserArgs_shortname0_gfx950,0.0,888.64,2052.45
gfx950,256,35328,3072,512,False,torch.bfloat16,torch.bfloat16,False,False,hipblaslt,441460,0,121.6092,Custom_Cijk_Alik_Bljk_BBS_BH_MT256x256x64_MI16x16x1_UserArgs_shortname0_gfx950,0.0,913.85,2108.2
gfx950,256,39936,3072,512,False,torch.bfloat16,torch.bfloat16,False,False,hipblaslt,441460,0,137.8542,Custom_Cijk_Alik_Bljk_BBS_BH_MT256x256x64_MI16x16x1_UserArgs_shortname0_gfx950,0.0,911.31,2099.37
gfx950,256,46080,3072,512,False,torch.bfloat16,torch.bfloat16,False,False,hipblaslt,441462,0,155.0495,Custom_Cijk_Alik_Bljk_BBS_BH_MT256x256x64_MI16x16x1_UserArgs_shortname1_gfx950,0.0,934.9,2150.59
gfx950,256,50688,3072,512,False,torch.bfloat16,torch.bfloat16,False,False,hipblaslt,441460,0,172.0072,Custom_Cijk_Alik_Bljk_BBS_BH_MT256x256x64_MI16x16x1_UserArgs_shortname0_gfx950,0.0,927.0,2130.59
gfx950,256,56832,3072,512,False,torch.bfloat16,torch.bfloat16,False,False,hipblaslt,441460,0,192.5446,Custom_Cijk_Alik_Bljk_BBS_BH_MT256x256x64_MI16x16x1_UserArgs_shortname0_gfx950,0.0,928.5,2132.06
gfx950,256,61440,3072,512,False,torch.bfloat16,torch.bfloat16,False,False,hipblaslt,441460,0,204.0453,Custom_Cijk_Alik_Bljk_BBS_BH_MT256x256x64_MI16x16x1_UserArgs_shortname0_gfx950,0.0,947.21,2173.77
gfx950,256,65536,3072,512,False,torch.bfloat16,torch.bfloat16,False,False,hipblaslt,441460,0,212.5045,Custom_Cijk_Alik_Bljk_BBS_BH_MT256x256x64_MI16x16x1_UserArgs_shortname0_gfx950,0.0,970.14,2225.4
gfx950,256,70656,3072,512,False,torch.bfloat16,torch.bfloat16,False,False,hipblaslt,441460,0,233.2789,Custom_Cijk_Alik_Bljk_BBS_BH_MT256x256x64_MI16x16x1_UserArgs_shortname0_gfx950,0.0,952.78,2184.54
gfx950,256,73728,3072,512,False,torch.bfloat16,torch.bfloat16,False,False,hipblaslt,441460,0,238.2667,Custom_Cijk_Alik_Bljk_BBS_BH_MT256x256x64_MI16x16x1_UserArgs_shortname0_gfx950,0.0,973.4,2231.23
gfx950,256,78336,3072,512,False,torch.bfloat16,torch.bfloat16,False,False,hipblaslt,441460,0,257.8939,Custom_Cijk_Alik_Bljk_BBS_BH_MT256x256x64_MI16x16x1_UserArgs_shortname0_gfx950,0.0,955.52,2189.5
gfx950,256,84480,3072,512,False,torch.bfloat16,torch.bfloat16,False,False,hipblaslt,441460,0,273.2157,Custom_Cijk_Alik_Bljk_BBS_BH_MT256x256x64_MI16x16x1_UserArgs_shortname0_gfx950,0.0,972.68,2227.9
gfx950,256,88290,3072,512,False,torch.bfloat16,torch.bfloat16,False,False,hipblaslt,441461,0,293.8028,Custom_Cijk_Alik_Bljk_BBS_BH_MT256x256x64_MI16x16x1_UserArgs_shortname1_gfx950,0.0,945.32,2164.75
gfx950,256,93696,3072,512,False,torch.bfloat16,torch.bfloat16,False,False,hipblaslt,441460,0,301.2282,Custom_Cijk_Alik_Bljk_BBS_BH_MT256x256x64_MI16x16x1_UserArgs_shortname0_gfx950,0.0,978.47,2240.02
gfx950,256,1,3584,7168,False,torch.bfloat16,torch.bfloat16,False,False,flydsl,2958,7,11.4073,flydsl_gemm4_abf16_wbf16_bf16_t16x128x64_split_k7_block_m_warp1_block_n_warp1_block_k_warp1_async_copyTrue_b_to_ldsTrue_b_preshuffleFalse_c_to_ldsFalse_gfx950,0.0187,4.5,4506.04
gfx950,256,16,3584,7168,False,torch.bfloat16,torch.bfloat16,False,False,flydsl,4473,4,11.8967,flydsl_gemm6_abf16_wbf16_bf16_t16x64x128_split_k4_block_m_warp1_block_n_warp1_block_k_warp2_async_copyTrue_b_to_ldsTrue_b_preshuffleFalse_c_to_ldsFalse_gfx950,0.0214,69.1,4347.78
gfx950,256,48,3584,7168,False,torch.bfloat16,torch.bfloat16,False,False,flydsl,4654,4,16.2013,flydsl_gemm6_abf16_wbf16_bf16_t48x64x64_split_k4_block_m_warp1_block_n_warp2_block_k_warp1_async_copyTrue_b_to_ldsTrue_b_preshuffleFalse_c_to_ldsFalse_gfx950,0.0137,152.23,3235.07
gfx950,256,128,3584,7168,False,torch.bfloat16,torch.bfloat16,False,False,hipblaslt,439880,0,20.8963,Cijk_Alik_Bljk_BBS_BH_Bias_HA_S_SAV_UserArgs_MT112x128x64_MI16x16x1_SN_LDSB0_AFC0_AFEM1_AFEM1_ASEM1_CLR0_CADS0_DTLA1_DTLB1_DTVA0_DTVB0_EPS0_FDSI0_GRPM1_GRVWA2_GRVWB8_GSU0_GSUAMB_GLS0_ISA950_IU1_K1_LDSTI0_LBSPPA256_LBSPPB1024_LBSPPM0_LPA16_LPB16_LPM0_LRVW8_LWPMn1_MIAV0_MIWT7_2_MO40_NTn1_NTA1_NTB2_NTC1_NTD5_NTM0_NEPBS0_NLCA1_NLCB1_ONLL1_PGR2_PLR1_PKA1_SIA3_SS1_SPO1_SRVW0_SSO0_SVW1_SK3_SKFTR0_SKXCCM8_TLDS2_ULSGRO0_USL1_UIOFGRO0_USFGRO0_VSn1_VWA1_VWB2_WSGRA0_WSGRB0_WS64_WG16_16_1,0.0,314.73,2590.54
gfx950,256,2048,3584,7168,False,torch.bfloat16,torch.bfloat16,False,False,hipblaslt,440411,0,104.6213,Cijk_Alik_Bljk_BBS_BH_Bias_HA_S_SAV_UserArgs_MT256x128x64_MI16x16x1_SN_LDSB0_AFC1_AFEM1_AFEM1_ASEM1_CLR0_CADS0_DTLA1_DTLB1_DTVA0_DTVB0_EPS0_FDSI0_GRPM1_GRVWA8_GRVWB8_GSU0_GSUAMB_GLS0_ISA950_IU1_K1_LDSTI0_LBSPPA1024_LBSPPB1024_LBSPPM0_LPA16_LPB16_LPM0_LRVW8_LWPMn1_MIAV0_MIWT8_4_MO40_NTn1_NTA3_NTB1_NTC6_NTD4_NTM0_NEPBS16_NLCA1_NLCB1_ONLL1_PGR2_PLR1_PKA1_SIA3_SS1_SPO0_SRVW0_SSO1_SVW8_SK3_SKFTR0_SKXCCM4_TLDS1_ULSGRO0_USL1_UIOFGRO0_USFGROn1_VSn1_VWA8_VWB4_WSGRA0_WSGRB0_WS64_WG32_8_1,0.0,1005.79,912.06
gfx950,256,1,4096,4096,False,torch.bfloat16,torch.bfloat16,False,False,flydsl,1484,4,8.3177,flydsl_gemm3_abf16_wbf16_bf16_t16x64x128_split_k4_block_m_warp1_block_n_warp2_block_k_warp1_async_copyTrue_b_to_ldsTrue_b_preshuffleFalse_c_to_ldsFalse_gfx950,0.0137,4.03,4036.07
gfx950,256,2,4096,1024,False,torch.bfloat16,torch.bfloat16,False,False,flydsl,2373,2,5.2443,flydsl_gemm4_abf16_wbf16_bf16_t16x64x128_split_k2_block_m_warp1_block_n_warp2_block_k_warp1_async_copyTrue_b_to_ldsTrue_b_preshuffleFalse_c_to_ldsFalse_gfx950,0.0017,3.2,1603.47
gfx950,256,16,4096,4096,False,torch.bfloat16,torch.bfloat16,False,False,flydsl,3176,4,9.4724,flydsl_gemm5_abf16_wbf16_bf16_t16x64x64_split_k4_block_m_warp1_block_n_warp2_block_k_warp1_async_copyTrue_b_to_ldsTrue_b_preshuffleFalse_c_to_ldsFalse_gfx950,0.0119,56.68,3570.01
gfx950,256,24,4096,1024,False,torch.bfloat16,torch.bfloat16,False,False,flydsl,4183,1,5.5699,flydsl_gemm8_abf16_wbf16_bf16_t16x64x64_split_k1_block_m_warp1_block_n_warp2_block_k_warp1_async_copyTrue_b_to_ldsTrue_b_preshuffleFalse_c_to_ldsFalse_gfx950,0.0,36.15,1550.18
gfx950,256,48,4096,4096,False,torch.bfloat16,torch.bfloat16,False,False,flydsl,2621,2,12.0069,flydsl_gemm4_abf16_wbf16_bf16_t32x64x128_split_k2_block_m_warp1_block_n_warp2_block_k_warp2_async_copyTrue_b_to_ldsTrue_b_preshuffleFalse_c_to_ldsFalse_gfx950,0.012,134.14,2860.09
gfx950,256,56,4096,1024,False,torch.bfloat16,torch.bfloat16,False,False,flydsl,4183,1,6.1966,flydsl_gemm8_abf16_wbf16_bf16_t16x64x64_split_k1_block_m_warp1_block_n_warp2_block_k_warp1_async_copyTrue_b_to_ldsTrue_b_preshuffleFalse_c_to_ldsFalse_gfx950,0.0,75.81,1446.28
gfx950,256,128,4096,4096,False,torch.bfloat16,torch.bfloat16,False,False,flydsl,3937,1,15.4787,flydsl_gemm4_abf16_wbf16_bf16_t32x64x128_split_k1_block_m_warp1_block_n_warp4_block_k_warp1_async_copyTrue_b_to_ldsTrue_b_preshuffleFalse_c_to_ldsFalse_gfx950,0.0,277.48,2303.27
gfx950,256,256,4096,1024,False,torch.bfloat16,torch.bfloat16,False,False,flydsl,4122,1,7.5615,flydsl_gemm4_abf16_wbf16_bf16_t64x64x128_split_k1_block_m_warp2_block_n_warp4_block_k_warp1_async_copyTrue_b_to_ldsTrue_b_preshuffleFalse_c_to_ldsFalse_gfx950,0.0,284.0,1456.07
gfx950,256,2048,4096,4096,False,torch.bfloat16,torch.bfloat16,False,False,hipblaslt,440411,0,62.2314,Cijk_Alik_Bljk_BBS_BH_Bias_HA_S_SAV_UserArgs_MT256x128x64_MI16x16x1_SN_LDSB0_AFC1_AFEM1_AFEM1_ASEM1_CLR0_CADS0_DTLA1_DTLB1_DTVA0_DTVB0_EPS0_FDSI0_GRPM1_GRVWA8_GRVWB8_GSU0_GSUAMB_GLS0_ISA950_IU1_K1_LDSTI0_LBSPPA1024_LBSPPB1024_LBSPPM0_LPA16_LPB16_LPM0_LRVW8_LWPMn1_MIAV0_MIWT8_4_MO40_NTn1_NTA3_NTB1_NTC6_NTD4_NTM0_NEPBS16_NLCA1_NLCB1_ONLL1_PGR2_PLR1_PKA1_SIA3_SS1_SPO0_SRVW0_SSO1_SVW8_SK3_SKFTR0_SKXCCM4_TLDS1_ULSGRO0_USL1_UIOFGRO0_USFGROn1_VSn1_VWA8_VWB4_WSGRA0_WSGRB0_WS64_WG32_8_1,0.0,1104.26,1078.38
gfx950,256,4096,4096,1024,False,torch.bfloat16,torch.bfloat16,False,False,hipblaslt,441462,0,30.1261,Custom_Cijk_Alik_Bljk_BBS_BH_MT256x256x64_MI16x16x1_UserArgs_shortname1_gfx950,0.0,1140.53,1670.7
gfx950,256,16817,4096,4096,False,torch.bfloat16,torch.bfloat16,False,False,hipblaslt,440397,0,414.8081,Cijk_Alik_Bljk_BBS_BH_Bias_HA_S_SAV_UserArgs_MT256x224x64_MI16x16x1_SN_LDSB0_AFC1_AFEM1_AFEM1_ASEM1_CLR1_CADS0_DTLA1_DTLB1_DTVA0_DTVB0_EPS0_FDSI0_GRPM1_GRVWA8_GRVWB8_GSU0_GSUAMB_GLS0_ISA950_IU1_K1_LDSTI0_LBSPPA1024_LBSPPB1024_LBSPPM0_LPA16_LPB16_LPM0_LRVW8_LWPMn1_MIAV0_MIWT8_7_MO40_NTn1_NTA0_NTB1_NTC6_NTD7_NTM0_NEPBS14_NLCA1_NLCB1_ONLL1_PGR2_PLR1_PKA1_SIA3_SS1_SPO1_SRVW0_SSO4_SVW8_SK3_SKFTR0_SKXCCM0_TLDS2_ULSGRO0_USL1_UIOFGRO0_USFGRO0_VSn1_VWA8_VWB1_WSGRA0_WSGRB0_WS64_WG32_8_1,0.0,1360.35,745.13
gfx950,256,32768,4096,1024,False,torch.bfloat16,torch.bfloat16,False,False,hipblaslt,440622,0,235.7907,Cijk_Alik_Bljk_BBS_BH_Bias_HA_S_SAV_UserArgs_MT256x256x64_MI16x16x1_CMS_SN_LDSB0_AFC0_AFEM1_AFEM1_ASEM1_CLR0_CADS0_DTLA1_DTLB1_DTVA0_DTVB0_EPS0_FDSI0_GRPM1_GRVWA8_GRVWB8_GSU0_GSUAMB_GLS0_ISA950_IU1_K1_LDSTI0_LBSPPA1024_LBSPPB1024_LBSPPM0_LPA16_LPB16_LPM0_LRVW8_LWPMn1_MIAV0_MIWT8_8_MO40_NTn1_NTA1_NTB1_NTC6_NTD6_NTM0_NEPBS0_NLCA1_NLCB1_ONLL1_PGR2_PLR1_PKA1_SIA3_SS1_SPO0_SRVW0_SSO0_SVW8_SK3_SKFTR0_SKXCCM0_TLDS1_ULSGRO0_USL1_UIOFGRO0_USFGRO0_VSn1_VWA8_VWB8_WSGRA0_WSGRB0_WS64_WG32_8_1,0.0,1165.77,1458.64
gfx950,256,8,4608,1024,False,torch.bfloat16,torch.bfloat16,False,False,flydsl,2370,1,5.6614,flydsl_gemm4_abf16_wbf16_bf16_t16x64x128_split_k1_block_m_warp1_block_n_warp2_block_k_warp1_async_copyTrue_b_to_ldsTrue_b_preshuffleFalse_c_to_ldsFalse_gfx950,0.0,13.34,1682.85
gfx950,256,40,4608,1024,False,torch.bfloat16,torch.bfloat16,False,False,flydsl,4183,1,6.2892,flydsl_gemm8_abf16_wbf16_bf16_t16x64x64_split_k1_block_m_warp1_block_n_warp2_block_k_warp1_async_copyTrue_b_to_ldsTrue_b_preshuffleFalse_c_to_ldsFalse_gfx950,0.0,60.02,1572.18
gfx950,256,96,4608,1024,False,torch.bfloat16,torch.bfloat16,False,False,flydsl,3426,1,6.277,flydsl_gemm4_abf16_wbf16_bf16_t32x64x128_split_k1_block_m_warp1_block_n_warp4_block_k_warp1_async_copyTrue_b_to_ldsTrue_b_preshuffleFalse_c_to_ldsFalse_gfx950,0.0,144.33,1675.73
gfx950,256,1024,4608,1024,False,torch.bfloat16,torch.bfloat16,False,False,hipblaslt,439441,0,15.9983,Cijk_Alik_Bljk_BBS_BH_Bias_HA_S_SAV_UserArgs_MT128x160x64_MI16x16x1_SN_LDSB0_AFC0_AFEM1_AFEM1_ASEM1_CLR0_CADS0_DTLA0_DTLB0_DTVA0_DTVB0_EPS0_FDSI0_GRPM1_GRVWA8_GRVWB8_GSU0_GSUAMB_GLS0_ISA950_IU1_K1_LDSTI0_LBSPPA512_LBSPPB128_LBSPPM0_LPA16_LPB16_LPM0_LRVW8_LWPMn1_MIAV0_MIWT4_5_MO40_NTn1_NTA3_NTB0_NTC1_NTD7_NTM0_NEPBS0_NLCA1_NLCB1_ONLL1_PGR2_PLR1_PKA1_SIA3_SS1_SPO1_SRVW0_SSO1_SVW4_SK3_SKFTR0_SKXCCM4_TLDS2_ULSGRO0_USL1_UIOFGRO0_USFGRO0_VSn1_VWA4_VWB1_WSGRA0_WSGRB0_WS64_WG32_8_1,0.0,604.04,1310.86
gfx950,256,16384,4608,1024,False,torch.bfloat16,torch.bfloat16,False,False,hipblaslt,441461,0,146.7146,Custom_Cijk_Alik_Bljk_BBS_BH_MT256x256x64_MI16x16x1_UserArgs_shortname1_gfx950,0.0,1053.87,1322.2
gfx950,256,65536,4608,1024,False,torch.bfloat16,torch.bfloat16,False,False,hipblaslt,440614,0,496.5217,Cijk_Alik_Bljk_BBS_BH_Bias_HA_S_SAV_UserArgs_MT256x256x64_MI16x16x1_CMS_SN_LDSB0_AFC0_AFEM1_AFEM1_ASEM1_CLR0_CADS0_DTLA1_DTLB1_DTVA0_DTVB0_EPS0_FDSI0_GRPM1_GRVWA8_GRVWB8_GSU0_GSUAMB_GLS0_ISA950_IU1_K1_LDSTI0_LBSPPA1024_LBSPPB1024_LBSPPM0_LPA16_LPB16_LPM0_LRVW8_LWPMn1_MIAV0_MIWT8_8_MO40_NTn1_NTA1_NTB2_NTC5_NTD5_NTM0_NEPBS0_NLCA1_NLCB1_ONLL1_PGR2_PLR1_PKA1_SIA3_SS1_SPO1_SRVW0_SSO0_SVW8_SK3_SKFTR0_SKXCCM0_TLDS1_ULSGRO0_USL1_UIOFGRO0_USFGRO0_VSn1_VWA8_VWB8_WSGRA0_WSGRB0_WS64_WG32_8_1,0.0,1245.62,1505.74
gfx950,256,4,6288,7168,False,torch.bfloat16,torch.bfloat16,False,False,hipblaslt,440306,0,18.1922,Cijk_Alik_Bljk_BBS_BH_Bias_HA_S_SAV_UserArgs_MT32x16x512_MI16x16x1_SN_LDSB0_AFC0_AFEM1_AFEM1_ASEM1_CLR1_CADS0_DTLA1_DTLB1_DTVA0_DTVB0_EPS0_FDSI0_GRPM1_GRVWA8_GRVWB8_GSU0_GSUAMB_GLS0_ISA950_IU1_K1_LDSTI0_LBSPPA1024_LBSPPB1024_LBSPPM0_LPA16_LPB16_LPM0_LRVW8_LWPMn1_MIAV0_MIWT1_1_MO40_NTn1_NTA7_NTB3_NTC1_NTD0_NTM0_NEPBS10_NLCA1_NLCB1_ONLL1_PGR2_PLR1_PKA1_SIA3_SS1_SPO0_SRVW0_SSO0_SVW1_SK3_SKFTR0_SKXCCM8_TLDS1_ULSGRO0_USL1_UIOFGRO0_USFGROn1_VSn1_VWA1_VWB1_WSGRA0_WSGRB0_WS64_WG32_4_2,0.0,19.82,4961.05
gfx950,256,32,6288,7168,False,torch.bfloat16,torch.bfloat16,False,False,hipblaslt,440651,0,21.7912,Cijk_Alik_Bljk_BBS_BH_Bias_HA_S_SAV_UserArgs_MT64x32x256_MI16x16x1_SN_LDSB0_AFC0_AFEM1_AFEM1_ASEM1_CLR0_CADS0_DTLA0_DTLB0_DTVA0_DTVB0_EPS0_FDSI0_GRPM1_GRVWA8_GRVWB8_GSU0_GSUAMB_GLS0_ISA950_IU1_K1_LDSTI0_LBSPPA512_LBSPPB1024_LBSPPM0_LPA16_LPB16_LPM0_LRVW8_LWPMn1_MIAV0_MIWT1_2_MO40_NTn1_NTA0_NTB0_NTC0_NTD0_NTM0_NEPBS12_NLCA1_NLCB1_ONLL1_PGR2_PLR1_PKA1_SIA3_SS1_SPO1_SRVW0_SSO0_SVW1_SK3_SKFTR0_SKXCCM0_TLDS2_ULSGRO0_USL1_UIOFGRO0_USFGRO1_VSn1_VWA1_VWB2_WSGRA0_WSGRB0_WS64_WG64_4_1,0.0,132.38,4176.27
gfx950,256,64,6288,7168,False,torch.bfloat16,torch.bfloat16,False,False,hipblaslt,439837,0,24.8874,Cijk_Alik_Bljk_BBS_BH_Bias_HA_S_SAV_UserArgs_MT128x64x64_MI16x16x1_SN_LDSB0_AFC0_AFEM1_AFEM1_ASEM1_CLR0_CADS0_DTLA1_DTLB1_DTVA0_DTVB0_EPS0_FDSI0_GRPM1_GRVWA8_GRVWB2_GSU0_GSUAMB_GLS0_ISA950_IU1_K1_LDSTI0_LBSPPA1024_LBSPPB256_LBSPPM0_LPA16_LPB16_LPM0_LRVW8_LWPMn1_MIAV1_MIWT4_2_MO40_NTn1_NTA3_NTB1_NTC4_NTD1_NTM0_NEPBS0_NLCA1_NLCB1_ONLL1_PGR2_PLR1_PKA1_SIA3_SS1_SPO0_SRVW0_SSO0_SVW4_SK3_SKFTR0_SKXCCM0_TLDS1_ULSGRO0_USL1_UIOFGRO0_USFGROn1_VSn1_VWA4_VWB2_WSGRA0_WSGRB0_WS64_WG32_8_1,0.0,231.81,3691.31
gfx950,256,512,6288,7168,False,torch.bfloat16,torch.bfloat16,False,False,hipblaslt,439391,0,61.1145,Cijk_Alik_Bljk_BBS_BH_Bias_HA_S_SAV_UserArgs_MT224x256x64_MI16x16x1_SN_LDSB0_AFC0_AFEM1_AFEM1_ASEM1_CLR0_CADS0_DTLA0_DTLB0_DTVA0_DTVB0_EPS0_FDSI0_GRPM1_GRVWA8_GRVWB8_GSU0_GSUAMB_GLS0_ISA950_IU1_K1_LDSTI0_LBSPPA128_LBSPPB1024_LBSPPM0_LPA16_LPB16_LPM0_LRVW8_LWPMn1_MIAV0_MIWT7_8_MO40_NTn1_NTA0_NTB0_NTC0_NTD0_NTM0_NEPBS0_NLCA1_NLCB1_ONLL1_PGR2_PLR1_PKA1_SIA3_SS1_SPO0_SRVW0_SSO4_SVW1_SK3_SKFTR0_SKXCCM4_TLDS2_ULSGRO0_USL1_UIOFGRO0_USFGRO0_VSn1_VWA1_VWB8_WSGRA0_WSGRB0_WS64_WG32_8_1,0.0,755.21,1700.48
gfx950,256,8192,6288,7168,False,torch.bfloat16,torch.bfloat16,False,False,hipblaslt,440656,0,566.6903,Cijk_Alik_Bljk_BBS_BH_Bias_HA_S_SAV_UserArgs_MT320x224x64_MI16x16x1_SN_LDSB1_AFC0_AFEM1_AFEM1_ASEM1_CLR1_CADS0_DTLA0_DTLB0_DTVA0_DTVB0_EPS0_FDSI0_GRPM1_GRVWA8_GRVWB8_GSU0_GSUAMB_GLS0_ISA950_IU1_K1_LDSTI0_LBSPPA256_LBSPPB128_LBSPPM0_LPA16_LPB16_LPM0_LRVW8_LWPMn1_MIAV0_MIWT10_7_MO40_NTn1_NTA0_NTB0_NTC0_NTD0_NTM0_NEPBS0_NLCA1_NLCB1_ONLL1_PGR2_PLR1_PKA1_SIA3_SS1_SPO1_SRVW0_SSO1_SVW2_SK3_SKFTR0_SKXCCM4_TLDS1_ULSGRO0_USL1_UIOFGRO0_USFGRO0_VSn1_VWA2_VWB1_WSGRA0_WSGRB0_WS64_WG32_8_1,0.0,1303.12,548.11
gfx950,256,1,7168,1536,False,torch.bfloat16,torch.bfloat16,False,False,flydsl,4987,2,6.7793,flydsl_gemm5_abf16_wbf16_bf16_t16x64x64_split_k2_block_m_warp1_block_n_warp2_block_k_warp1_async_copyTrue_b_to_ldsTrue_b_preshuffleFalse_c_to_ldsFalse_gfx950,0.0021,3.25,3250.7
gfx950,256,2,7168,3584,False,torch.bfloat16,torch.bfloat16,False,False,flydsl,4490,2,11.356,flydsl_gemm7_abf16_wbf16_bf16_t16x64x64_split_k2_block_m_warp1_block_n_warp2_block_k_warp1_async_copyTrue_b_to_ldsTrue_b_preshuffleFalse_c_to_ldsFalse_gfx950,0.0056,9.05,4528.29
gfx950,256,2,7168,4224,False,torch.bfloat16,torch.bfloat16,False,False,flydsl,4188,2,12.0741,flydsl_gemm8_abf16_wbf16_bf16_t16x64x64_split_k2_block_m_warp1_block_n_warp2_block_k_warp1_async_copyTrue_b_to_ldsTrue_b_preshuffleFalse_c_to_ldsFalse_gfx950,0.0049,10.03,5019.08
gfx950,256,4,7168,4096,False,torch.bfloat16,torch.bfloat16,False,False,flydsl,1484,4,11.6416,flydsl_gemm3_abf16_wbf16_bf16_t16x64x128_split_k4_block_m_warp1_block_n_warp2_block_k_warp1_async_copyTrue_b_to_ldsTrue_b_preshuffleFalse_c_to_ldsFalse_gfx950,0.013,20.18,5051.74
gfx950,256,8,7168,768,False,torch.bfloat16,torch.bfloat16,False,False,flydsl,5329,1,5.4733,flydsl_gemm8_abf16_wbf16_bf16_t16x64x64_split_k1_block_m_warp1_block_n_warp2_block_k_warp1_async_copyTrue_b_to_ldsTrue_b_preshuffleFalse_c_to_ldsFalse_gfx950,0.0,16.09,2034.79
gfx950,256,16,7168,1536,False,torch.bfloat16,torch.bfloat16,False,False,flydsl,3787,1,7.583,flydsl_gemm4_abf16_wbf16_bf16_t16x64x128_split_k1_block_m_warp1_block_n_warp2_block_k_warp1_async_copyTrue_b_to_ldsTrue_b_preshuffleFalse_c_to_ldsFalse_gfx950,0.0,46.46,2940.61
gfx950,256,24,7168,3584,False,torch.bfloat16,torch.bfloat16,False,False,hipblaslt,440111,0,13.1209,Cijk_Alik_Bljk_BBS_BH_Bias_HA_S_SAV_UserArgs_MT32x32x256_MI16x16x1_SN_LDSB0_AFC0_AFEM1_AFEM1_ASEM1_CLR1_CADS0_DTLA1_DTLB1_DTVA0_DTVB0_EPS0_FDSI0_GRPM1_GRVWA8_GRVWB8_GSU0_GSUAMB_GLS0_ISA950_IU1_K1_LDSTI0_LBSPPA1024_LBSPPB1024_LBSPPM0_LPA16_LPB16_LPM0_LRVW8_LWPMn1_MIAV1_MIWT1_1_MO40_NTn1_NTA7_NTB2_NTC2_NTD1_NTM0_NEPBS14_NLCA1_NLCB1_ONLL1_PGR2_PLR1_PKA1_SIA3_SS1_SPO0_SRVW0_SSO0_SVW1_SK3_SKFTR0_SKXCCM4_TLDS1_ULSGRO0_USL1_UIOFGRO0_USFGROn1_VSn1_VWA1_VWB1_WSGRA0_WSGRB0_WS64_WG32_8_1,0.0,93.98,3955.24
gfx950,256,24,7168,4224,False,torch.bfloat16,torch.bfloat16,False,False,flydsl,2905,1,15.7054,flydsl_gemm5_abf16_wbf16_bf16_t16x64x128_split_k1_block_m_warp1_block_n_warp2_block_k_warp1_async_copyTrue_b_to_ldsTrue_b_preshuffleFalse_c_to_ldsFalse_gfx950,0.0,92.54,3890.51
gfx950,256,32,7168,4096,False,torch.bfloat16,torch.bfloat16,False,False,hipblaslt,439705,0,15.1107,Cijk_Alik_Bljk_BBS_BH_Bias_HA_S_SAV_UserArgs_MT32x32x256_MI16x16x1_SN_LDSB0_AFC0_AFEM1_AFEM1_ASEM1_CLR1_CADS0_DTLA1_DTLB1_DTVA0_DTVB0_EPS0_FDSI0_GRPM1_GRVWA8_GRVWB8_GSU0_GSUAMB_GLS0_ISA950_IU1_K1_LDSTI0_LBSPPA1024_LBSPPB1024_LBSPPM0_LPA16_LPB16_LPM0_LRVW8_LWPMn1_MIAV1_MIWT1_1_MO40_NTn1_NTA4_NTB0_NTC0_NTD2_NTM0_NEPBS10_NLCA1_NLCB1_ONLL1_PGR2_PLR1_PKA1_SIA3_SS0_SPO1_SRVW0_SSO0_SVW4_SK3_SKFTR0_SKXCCM4_TLDS1_ULSGRO0_USL1_UIOFGRO0_USFGRO1_VSn1_VWA1_VWB1_WSGRA0_WSGRB0_WS64_WG32_8_1,0.0,124.35,3933.71
gfx950,256,40,7168,768,False,torch.bfloat16,torch.bfloat16,False,False,flydsl,3857,1,5.7057,flydsl_gemm5_abf16_wbf16_bf16_t32x64x128_split_k1_block_m_warp1_block_n_warp4_block_k_warp1_async_copyTrue_b_to_ldsTrue_b_preshuffleFalse_c_to_ldsFalse_gfx950,0.0,77.19,2040.93
gfx950,256,48,7168,1536,False,torch.bfloat16,torch.bfloat16,False,False,flydsl,4057,1,7.8795,flydsl_gemm4_abf16_wbf16_bf16_t32x64x128_split_k1_block_m_warp1_block_n_warp4_block_k_warp1_async_copyTrue_b_to_ldsTrue_b_preshuffleFalse_c_to_ldsFalse_gfx950,0.0,134.14,2900.65
gfx950,256,56,7168,3584,False,torch.bfloat16,torch.bfloat16,False,False,flydsl,4859,1,15.3349,flydsl_gemm8_abf16_wbf16_bf16_t32x64x64_split_k1_block_m_warp2_block_n_warp1_block_k_warp2_async_copyTrue_b_to_ldsTrue_b_preshuffleFalse_c_to_ldsFalse_gfx950,0.0048,187.63,3429.07
gfx950,256,56,7168,4224,False,torch.bfloat16,torch.bfloat16,False,False,flydsl,2314,1,17.2804,flydsl_gemm4_abf16_wbf16_bf16_t32x64x128_split_k1_block_m_warp2_block_n_warp2_block_k_warp1_async_copyTrue_b_to_ldsTrue_b_preshuffleFalse_c_to_ldsFalse_gfx950,0.0,196.24,3578.11
gfx950,256,64,7168,4096,False,torch.bfloat16,torch.bfloat16,False,False,flydsl,2415,1,16.5992,flydsl_gemm3_abf16_wbf16_bf16_t32x64x256_split_k1_block_m_warp2_block_n_warp1_block_k_warp2_async_copyTrue_b_to_ldsTrue_b_preshuffleFalse_c_to_ldsFalse_gfx950,0.0047,226.4,3624.39
gfx950,256,96,7168,768,False,torch.bfloat16,torch.bfloat16,False,False,flydsl,4684,1,6.6815,flydsl_gemm4_abf16_wbf16_bf16_t64x64x64_split_k1_block_m_warp2_block_n_warp2_block_k_warp1_async_copyTrue_b_to_ldsTrue_b_preshuffleFalse_c_to_ldsFalse_gfx950,0.0,158.19,1875.89
gfx950,256,128,7168,1536,False,torch.bfloat16,torch.bfloat16,False,False,flydsl,6737,1,9.9229,flydsl_gemm4_abf16_wbf16_bf16_t64x64x128_split_k1_block_m_warp4_block_n_warp2_block_k_warp1_async_copyTrue_b_to_ldsTrue_b_preshuffleFalse_c_to_ldsFalse_gfx950,0.0,284.05,2443.67
gfx950,256,256,7168,3584,False,torch.bfloat16,torch.bfloat16,False,False,flydsl,2441,1,25.7079,flydsl_gemm3_abf16_wbf16_bf16_t128x64x128_split_k1_block_m_warp2_block_n_warp4_block_k_warp1_async_copyTrue_b_to_ldsTrue_b_preshuffleFalse_c_to_ldsFalse_gfx950,0.0,511.65,2212.75
gfx950,256,256,7168,4224,False,torch.bfloat16,torch.bfloat16,False,False,hipblaslt,440054,0,29.8257,Cijk_Alik_Bljk_BBS_BH_Bias_HA_S_SAV_UserArgs_MT64x128x128_MI16x16x1_SN_LDSB0_AFC0_AFEM1_AFEM1_ASEM1_CLR1_CADS0_DTLA0_DTLB0_DTVA0_DTVB0_EPS0_FDSI0_GRPM1_GRVWA8_GRVWB8_GSUAMB_GLS0_ISA950_IU1_K1_LDSTI0_LBSPPA1024_LBSPPB512_LBSPPM0_LPA16_LPB16_LPM0_LRVW8_LWPMn1_MIAV1_MIWT4_2_MO40_NTn1_NTA2_NTB2_NTC4_NTD5_NTM0_NEPBS12_NLCA1_NLCB1_ONLL1_PGR2_PLR1_PKA1_SIA3_SS1_SPO0_SRVW0_SSO0_SVW4_SK0_SKFTR0_SKXCCM0_TLDS2_ULSGRO0_USL1_UIOFGRO0_USFGROn1_VSn1_VWA4_VWB2_WSGRA0_WSGRB0_WS64_WG16_16_1,0.0,519.76,2225.86
gfx950,256,512,7168,4096,False,torch.bfloat16,torch.bfloat16,False,False,hipblaslt,440199,0,37.7962,Cijk_Alik_Bljk_BBS_BH_Bias_HA_S_SAV_UserArgs_MT128x128x128_MI32x32x1_SN_LDSB0_AFC0_AFEM1_AFEM1_ASEM1_CLR0_CADS0_DTLA0_DTLB0_DTVA0_DTVB0_EPS0_FDSI0_GRPM1_GRVWA8_GRVWB8_GSU0_GSUAMB_GLS0_ISA950_IU1_K1_LDSTI0_LBSPPA512_LBSPPB512_LBSPPM0_LPA8_LPB8_LPM0_LRVW8_LWPMn1_MIAV0_MIWT2_2_MO40_NTn1_NTA2_NTB3_NTC7_NTD7_NTM0_NEPBS0_NLCA1_NLCB1_ONLL1_PGR2_PLR1_PKA1_SIA3_SS1_SPO1_SRVW0_SSO1_SVW2_SK3_SKFTR0_SKXCCM8_TLDS2_ULSGRO0_USL1_UIOFGRO0_USFGRO0_VSn1_VWA2_VWB2_WSGRA0_WSGRB0_WS64_WG64_4_1,0.0,795.44,1858.77
gfx950,256,1024,7168,768,False,torch.bfloat16,torch.bfloat16,False,False,hipblaslt,440203,0,16.7421,Cijk_Alik_Bljk_BBS_BH_Bias_HA_S_SAV_UserArgs_MT256x128x64_MI16x16x1_SN_LDSB0_AFC0_AFEM1_AFEM1_ASEM1_CLR1_CADS0_DTLA1_DTLB1_DTVA0_DTVB0_EPS0_FDSI0_GRPM1_GRVWA8_GRVWB8_GSU0_GSUAMB_GLS0_ISA950_IU1_K1_LDSTI0_LBSPPA1024_LBSPPB1024_LBSPPM0_LPA16_LPB16_LPM0_LRVW8_LWPMn1_MIAV0_MIWT8_4_MO40_NTn1_NTA3_NTB3_NTC4_NTD7_NTM0_NEPBS0_NLCA1_NLCB1_ONLL1_PGR2_PLR1_PKA1_SIA3_SS1_SPO0_SRVW0_SSO1_SVW8_SK3_SKFTR0_SKXCCM8_TLDS1_ULSGRO0_USL1_UIOFGRO0_USFGROn1_VSn1_VWA8_VWB4_WSGRA0_WSGRB0_WS64_WG32_8_1,0.0,673.41,1628.41
gfx950,256,2048,7168,1536,False,torch.bfloat16,torch.bfloat16,False,False,hipblaslt,440543,0,39.7373,Cijk_Alik_Bljk_BBS_BH_Bias_HA_S_SAV_UserArgs_MT256x256x64_MI16x16x1_CMS_SN_LDSB0_AFC1_AFEM1_AFEM1_ASEM1_CLR0_CADS0_DTLA1_DTLB1_DTVA0_DTVB0_EPS0_FDSI0_GRPM1_GRVWA8_GRVWB8_GSU0_GSUAMB_GLS0_ISA950_IU1_K1_LDSTI0_LBSPPA1024_LBSPPB1024_LBSPPM0_LPA16_LPB16_LPM0_LRVW8_LWPMn1_MIAV0_MIWT8_8_MO40_NTn1_NTA2_NTB1_NTC7_NTD4_NTM0_NEPBS0_NLCA1_NLCB1_ONLL1_PGR2_PLR1_PKA1_SIA3_SS1_SPO0_SRVW0_SSO1_SVW8_SK3_SKFTR0_SKXCCM8_TLDS1_ULSGRO0_USL1_UIOFGRO0_USFGRO0_VSn1_VWA8_VWB8_WSGRA0_WSGRB0_WS64_WG32_8_1,0.0,1134.88,1451.32
gfx950,256,4096,7168,3584,False,torch.bfloat16,torch.bfloat16,False,False,hipblaslt,440614,0,166.8382,Cijk_Alik_Bljk_BBS_BH_Bias_HA_S_SAV_UserArgs_MT256x256x64_MI16x16x1_CMS_SN_LDSB0_AFC0_AFEM1_AFEM1_ASEM1_CLR0_CADS0_DTLA1_DTLB1_DTVA0_DTVB0_EPS0_FDSI0_GRPM1_GRVWA8_GRVWB8_GSU0_GSUAMB_GLS0_ISA950_IU1_K1_LDSTI0_LBSPPA1024_LBSPPB1024_LBSPPM0_LPA16_LPB16_LPM0_LRVW8_LWPMn1_MIAV0_MIWT8_8_MO40_NTn1_NTA1_NTB2_NTC5_NTD5_NTM0_NEPBS0_NLCA1_NLCB1_ONLL1_PGR2_PLR1_PKA1_SIA3_SS1_SPO1_SRVW0_SSO0_SVW8_SK3_SKFTR0_SKXCCM0_TLDS1_ULSGRO0_USL1_UIOFGRO0_USFGRO0_VSn1_VWA8_VWB8_WSGRA0_WSGRB0_WS64_WG32_8_1,0.0,1261.42,835.9
gfx950,256,4096,7168,4224,False,torch.bfloat16,torch.bfloat16,False,False,hipblaslt,440588,0,190.4156,Cijk_Alik_Bljk_BBS_BH_Bias_HA_S_SAV_UserArgs_MT256x256x64_MI16x16x1_CMS_SN_LDSB0_AFC0_AFEM1_AFEM1_ASEM1_CLR1_CADS0_DTLA1_DTLB1_DTVA0_DTVB0_EPS0_FDSI0_GRPM1_GRVWA8_GRVWB8_GSU0_GSUAMB_GLS0_ISA950_IU1_K1_LDSTI0_LBSPPA1024_LBSPPB1024_LBSPPM0_LPA16_LPB16_LPM0_LRVW8_LWPMn1_MIAV0_MIWT8_8_MO40_NTn1_NTA1_NTB0_NTC7_NTD5_NTM0_NEPBS16_NLCA1_NLCB1_ONLL1_PGR2_PLR1_PKA1_SIA3_SS1_SPO0_SRVW0_SSO1_SVW8_SK3_SKFTR0_SKXCCM0_TLDS1_ULSGRO0_USL1_UIOFGRO0_USFGRO0_VSn1_VWA8_VWB8_WSGRA0_WSGRB0_WS64_WG32_8_1,0.0,1302.59,808.12
gfx950,256,8192,7168,4096,False,torch.bfloat16,torch.bfloat16,False,False,hipblaslt,441460,0,352.1007,Custom_Cijk_Alik_Bljk_BBS_BH_MT256x256x64_MI16x16x1_UserArgs_shortname0_gfx950,0.0,1366.19,690.91
gfx950,256,4,8448,7168,False,torch.bfloat16,torch.bfloat16,False,False,flydsl,1777,7,23.3609,flydsl_gemm3_abf16_wbf16_bf16_t16x256x64_split_k7_block_m_warp1_block_n_warp2_block_k_warp1_async_copyTrue_b_to_ldsTrue_b_preshuffleFalse_c_to_ldsFalse_gfx950,0.0193,20.74,5189.67
gfx950,256,32,8448,7168,False,torch.bfloat16,torch.bfloat16,False,False,hipblaslt,439918,0,29.115,Cijk_Alik_Bljk_BBS_BH_Bias_HA_S_SAV_UserArgs_MT96x64x128_MI16x16x1_SN_LDSB0_AFC0_AFEM1_AFEM1_ASEM1_CLR1_CADS0_DTLA0_DTLB0_DTVA0_DTVB0_EPS0_FDSI0_GRPM1_GRVWA8_GRVWB8_GSU0_GSUAMB_GLS0_ISA950_IU1_K1_LDSTI0_LBSPPA512_LBSPPB256_LBSPPM0_LPA16_LPB16_LPM0_LRVW8_LWPMn1_MIAV1_MIWT6_1_MO40_NTn1_NTA0_NTB2_NTC0_NTD2_NTM0_NEPBS0_NLCA1_NLCB1_ONLL1_PGR2_PLR1_PKA1_SIA3_SS1_SPO0_SRVW0_SSO0_SVW2_SK3_SKFTR0_SKXCCM4_TLDS2_ULSGRO0_USL1_UIOFGRO0_USFGRO0_VSn1_VWA2_VWB1_WSGRA0_WSGRB0_WS64_WG16_16_1,0.0,133.11,4194.06
gfx950,256,64,8448,7168,False,torch.bfloat16,torch.bfloat16,False,False,hipblaslt,439915,0,28.458,Cijk_Alik_Bljk_BBS_BH_Bias_HA_S_SAV_UserArgs_MT80x64x256_MI16x16x1_SN_LDSB0_AFC0_AFEM1_AFEM1_ASEM1_CLR0_CADS0_DTLA0_DTLB0_DTVA0_DTVB0_EPS0_FDSI0_GRPM1_GRVWA8_GRVWB8_GSU0_GSUAMB_GLS0_ISA950_IU1_K1_LDSTI0_LBSPPA512_LBSPPB512_LBSPPM0_LPA16_LPB16_LPM0_LRVW8_LWPMn1_MIAV0_MIWT5_1_MO40_NTn1_NTA5_NTB2_NTC1_NTD3_NTM0_NEPBS16_NLCA1_NLCB1_ONLL1_PGR2_PLR1_PKA1_SIA3_SS0_SPO1_SRVW0_SSO0_SVW4_SK3_SKFTR0_SKXCCM0_TLDS2_ULSGRO0_USL1_UIOFGRO0_USFGRO0_VSn1_VWA1_VWB1_WSGRA0_WSGRB0_WS64_WG16_16_1,0.0,272.37,4326.0
gfx950,256,512,8448,7168,False,torch.bfloat16,torch.bfloat16,False,False,hipblaslt,440294,0,78.5565,Cijk_Alik_Bljk_BBS_BH_Bias_HA_S_SAV_UserArgs_MT192x256x64_MI16x16x1_SN_LDSB0_AFC0_AFEM1_AFEM1_ASEM1_CLR0_CADS0_DTLA0_DTLB0_DTVA0_DTVB0_EPS0_FDSI0_GRPM1_GRVWA8_GRVWB8_GSU0_GSUAMB_GLS0_ISA950_IU1_K1_LDSTI0_LBSPPA256_LBSPPB1024_LBSPPM0_LPA16_LPB16_LPM0_LRVW8_LWPMn1_MIAV0_MIWT6_8_MO40_NTn1_NTA3_NTB3_NTC0_NTD0_NTM0_NEPBS0_NLCA1_NLCB1_ONLL1_PGR2_PLR1_PKA1_SIA3_SS1_SPO0_SRVW0_SSO1_SVW2_SK3_SKFTR0_SKXCCM4_TLDS2_ULSGRO0_USL1_UIOFGRO0_USFGRO0_VSn1_VWA2_VWB8_WSGRA0_WSGRB0_WS64_WG32_8_1,0.0,789.35,1745.26
gfx950,256,8192,8448,7168,False,torch.bfloat16,torch.bfloat16,False,False,hipblaslt,440547,0,710.522,Cijk_Alik_Bljk_BBS_BH_Bias_HA_S_SAV_UserArgs_MT256x224x64_MI16x16x1_SN_LDSB0_AFC1_AFEM1_AFEM1_ASEM1_CLR1_CADS0_DTLA1_DTLB1_DTVA0_DTVB0_EPS0_FDSI0_GRPM1_GRVWA8_GRVWB8_GSU0_GSUAMB_GLS0_ISA950_IU1_K1_LDSTI0_LBSPPA1024_LBSPPB1024_LBSPPM0_LPA16_LPB16_LPM0_LRVW8_LWPMn1_MIAV0_MIWT8_7_MO40_NTn1_NTA3_NTB1_NTC5_NTD5_NTM0_NEPBS0_NLCA1_NLCB1_ONLL1_PGR2_PLR1_PKA1_SIA3_SS1_SPO0_SRVW0_SSO4_SVW8_SK3_SKFTR0_SKXCCM0_TLDS1_ULSGRO0_USL1_UIOFGRO0_USFGRO0_VSn1_VWA8_VWB1_WSGRA0_WSGRB0_WS64_WG32_8_1,0.0,1396.35,530.54
gfx950,256,8,16160,7168,False,torch.bfloat16,torch.bfloat16,False,False,hipblaslt,440907,0,36.273,Cijk_Alik_Bljk_BBS_BH_Bias_HA_S_SAV_UserArgs_MT32x16x512_MI16x16x1_SN_LDSB1_AFC0_AFEM1_AFEM1_ASEM1_CLR1_CADS0_DTLA0_DTLB0_DTVA0_DTVB0_EPS0_FDSI0_GRPM1_GRVWA8_GRVWB8_GSU0_GSUAMB_GLS0_ISA950_IU1_K1_LDSTI0_LBSPPA1024_LBSPPB1024_LBSPPM0_LPA16_LPB16_LPM0_LRVW8_LWPMn1_MIAV0_MIWT2_1_MO40_NTn1_NTA4_NTB0_NTC0_NTD0_NTM0_NEPBS0_NLCA1_NLCB1_ONLL1_PGR2_PLR1_PKA1_SIA3_SS1_SPO0_SRVW0_SSO0_SVW1_SK3_SKFTR0_SKXCCM8_TLDS1_ULSGRO0_USL1_UIOFGRO0_USFGRO0_VSn1_VWA1_VWB1_WSGRA0_WSGRB0_WS64_WG16_4_4,0.0,51.09,6397.13
gfx950,256,40,16160,7168,False,torch.bfloat16,torch.bfloat16,False,False,hipblaslt,440929,0,39.0933,Cijk_Alik_Bljk_BBS_BH_Bias_HA_S_SAV_UserArgs_MT64x48x256_MI16x16x1_SN_LDSB0_AFC0_AFEM1_AFEM1_ASEM1_CLR1_CADS0_DTLA0_DTLB0_DTVA0_DTVB0_EPS0_FDSI0_GRPM1_GRVWA8_GRVWB8_GSU0_GSUAMB_GLS0_ISA950_IU1_K1_LDSTI0_LBSPPA512_LBSPPB512_LBSPPM0_LPA16_LPB16_LPM0_LRVW8_LWPMn1_MIAV0_MIWT1_3_MO40_NTn1_NTA4_NTB0_NTC1_NTD5_NTM0_NEPBS16_NLCA1_NLCB1_ONLL1_PGR2_PLR1_PKA1_SIA3_SS1_SPO1_SRVW0_SSO0_SVW1_SK3_SKFTR0_SKXCCM0_TLDS2_ULSGRO0_USL1_UIOFGRO0_USFGRO1_VSn1_VWA1_VWB1_WSGRA0_WSGRB0_WS64_WG64_4_1,0.0,237.04,5973.81
gfx950,256,96,16160,7168,False,torch.bfloat16,torch.bfloat16,False,False,hipblaslt,440514,0,44.1248,Cijk_Alik_Bljk_BBS_BH_Bias_HA_S_SAV_UserArgs_MT128x96x128_MI16x16x1_SN_LDSB0_AFC1_AFEM1_AFEM1_ASEM1_CLR0_CADS0_DTLA0_DTLB0_DTVA0_DTVB0_EPS0_FDSI0_GRPM1_GRVWA8_GRVWB8_GSU0_GSUAMB_GLS0_ISA950_IU1_K1_LDSTI0_LBSPPA1024_LBSPPB256_LBSPPM0_LPA16_LPB16_LPM0_LRVW8_LWPMn1_MIAV1_MIWT4_3_MO40_NTn1_NTA4_NTB0_NTC1_NTD2_NTM0_NEPBS0_NLCA1_NLCB1_ONLL1_PGR2_PLR1_PKA1_SIA3_SS1_SPO0_SRVW0_SSO0_SVW4_SK3_SKFTR0_SKXCCM6_TLDS2_ULSGRO0_USL1_UIOFGRO0_USFGRO0_VSn1_VWA4_VWB1_WSGRA0_WSGRB0_WS64_WG32_8_1,0.0,504.03,5351.84
gfx950,256,1024,16160,7168,False,torch.bfloat16,torch.bfloat16,False,False,hipblaslt,440527,0,176.7004,Cijk_Alik_Bljk_BBS_BH_Bias_HA_S_SAV_UserArgs_MT256x256x64_MI16x16x1_CMS_SN_LDSB0_AFC1_AFEM1_AFEM1_ASEM1_CLR0_CADS0_DTLA1_DTLB1_DTVA0_DTVB0_EPS0_FDSI0_GRPM1_GRVWA8_GRVWB8_GSU0_GSUAMB_GLS0_ISA950_IU1_K1_LDSTI0_LBSPPA1024_LBSPPB1024_LBSPPM0_LPA16_LPB16_LPM0_LRVW8_LWPMn1_MIAV0_MIWT8_8_MO40_NTn1_NTA3_NTB1_NTC5_NTD2_NTM0_NEPBS0_NLCA1_NLCB1_ONLL1_PGR2_PLR1_PKA1_SIA3_SS1_SPO1_SRVW0_SSO1_SVW8_SK3_SKFTR0_SKXCCM0_TLDS1_ULSGRO0_USL1_UIOFGRO0_USFGRO0_VSn1_VWA8_VWB8_WSGRA0_WSGRB0_WS64_WG32_8_1,0.0,1342.55,1581.47
gfx950,256,8,20480,7168,False,torch.bfloat16,torch.bfloat16,False,False,hipblaslt,440308,0,45.8147,Cijk_Alik_Bljk_BBS_BH_Bias_HA_S_SAV_UserArgs_MT96x16x256_MI16x16x1_SN_LDSB0_AFC0_AFEM1_AFEM1_ASEM1_CLR0_CADS0_DTLA1_DTLB1_DTVA0_DTVB0_EPS0_FDSI0_GRPM1_GRVWA8_GRVWB8_GSU0_GSUAMB_GLS0_ISA950_IU1_K1_LDSTI0_LBSPPA1024_LBSPPB1024_LBSPPM0_LPA16_LPB16_LPM0_LRVW8_LWPMn1_MIAV0_MIWT3_1_MO40_NTn1_NTA7_NTB0_NTC3_NTD2_NTM0_NEPBS10_NLCA1_NLCB1_ONLL1_PGR2_PLR1_PKA1_SIA3_SS0_SPO0_SRVW0_SSO0_SVW4_SK3_SKFTR0_SKXCCM0_TLDS2_ULSGRO0_USL1_UIOFGRO0_USFGRO0_VSn1_VWA1_VWB1_WSGRA0_WSGRB0_WS64_WG32_4_1,0.0,51.27,6418.11
gfx950,256,40,20480,7168,False,torch.bfloat16,torch.bfloat16,False,False,hipblaslt,439915,0,49.3711,Cijk_Alik_Bljk_BBS_BH_Bias_HA_S_SAV_UserArgs_MT80x64x256_MI16x16x1_SN_LDSB0_AFC0_AFEM1_AFEM1_ASEM1_CLR0_CADS0_DTLA0_DTLB0_DTVA0_DTVB0_EPS0_FDSI0_GRPM1_GRVWA8_GRVWB8_GSU0_GSUAMB_GLS0_ISA950_IU1_K1_LDSTI0_LBSPPA512_LBSPPB512_LBSPPM0_LPA16_LPB16_LPM0_LRVW8_LWPMn1_MIAV0_MIWT5_1_MO40_NTn1_NTA5_NTB2_NTC1_NTD3_NTM0_NEPBS16_NLCA1_NLCB1_ONLL1_PGR2_PLR1_PKA1_SIA3_SS0_SPO1_SRVW0_SSO0_SVW4_SK3_SKFTR0_SKXCCM0_TLDS2_ULSGRO0_USL1_UIOFGRO0_USFGRO0_VSn1_VWA1_VWB1_WSGRA0_WSGRB0_WS64_WG16_16_1,0.0,237.87,5991.63
gfx950,256,96,20480,7168,False,torch.bfloat16,torch.bfloat16,False,False,hipblaslt,439920,0,56.8313,Cijk_Alik_Bljk_BBS_BH_Bias_HA_S_SAV_UserArgs_MT96x96x128_MI16x16x1_SN_LDSB0_AFC0_AFEM1_AFEM1_ASEM1_CLR0_CADS0_DTLA0_DTLB0_DTVA0_DTVB0_EPS0_FDSI0_GRPM1_GRVWA8_GRVWB8_GSU0_GSUAMB_GLS0_ISA950_IU1_K1_LDSTI0_LBSPPA256_LBSPPB256_LBSPPM0_LPA16_LPB16_LPM0_LRVW8_LWPMn1_MIAV1_MIWT3_3_MO40_NTn1_NTA4_NTB3_NTC3_NTD1_NTM0_NEPBS0_NLCA1_NLCB1_ONLL1_PGR2_PLR1_PKA1_SIA3_SS1_SPO0_SRVW0_SSO0_SVW1_SK3_SKFTR0_SKXCCM8_TLDS2_ULSGRO0_USL1_UIOFGRO0_USFGRO0_VSn1_VWA1_VWB1_WSGRA0_WSGRB0_WS64_WG32_8_1,0.0,495.95,5259.6
gfx950,256,1,896,7168,False,torch.bfloat16,torch.bfloat16,False,False,flydsl,2303,8,6.3996,flydsl_gemm4_abf16_wbf16_bf16_t16x64x128_split_k8_block_m_warp1_block_n_warp2_block_k_warp1_async_copyTrue_b_to_ldsTrue_b_preshuffleFalse_c_to_ldsFalse_gfx950,0.019,2.01,2009.69
gfx950,256,2,896,7168,False,torch.bfloat16,torch.bfloat16,False,False,flydsl,3645,8,6.4512,flydsl_gemm6_abf16_wbf16_bf16_t16x64x128_split_k8_block_m_warp1_block_n_warp2_block_k_warp1_async_copyTrue_b_to_ldsTrue_b_preshuffleFalse_c_to_ldsFalse_gfx950,0.0184,3.98,1996.11
gfx950,256,4,896,7168,False,torch.bfloat16,torch.bfloat16,False,False,flydsl,2303,8,6.3371,flydsl_gemm4_abf16_wbf16_bf16_t16x64x128_split_k8_block_m_warp1_block_n_warp2_block_k_warp1_async_copyTrue_b_to_ldsTrue_b_preshuffleFalse_c_to_ldsFalse_gfx950,0.0204,8.11,2037.14
gfx950,256,8,896,7168,False,torch.bfloat16,torch.bfloat16,False,False,flydsl,3045,8,6.8618,flydsl_gemm5_abf16_wbf16_bf16_t16x64x128_split_k8_block_m_warp1_block_n_warp2_block_k_warp1_async_copyTrue_b_to_ldsTrue_b_preshuffleFalse_c_to_ldsFalse_gfx950,0.0197,14.98,1890.77
gfx950,256,16,896,7168,False,torch.bfloat16,torch.bfloat16,False,False,flydsl,2303,8,6.763,flydsl_gemm4_abf16_wbf16_bf16_t16x64x128_split_k8_block_m_warp1_block_n_warp2_block_k_warp1_async_copyTrue_b_to_ldsTrue_b_preshuffleFalse_c_to_ldsFalse_gfx950,0.0204,30.39,1937.47
gfx950,256,24,896,7168,False,torch.bfloat16,torch.bfloat16,False,False,flydsl,4112,7,8.1387,flydsl_gemm7_abf16_wbf16_bf16_t16x64x64_split_k7_block_m_warp1_block_n_warp2_block_k_warp1_async_copyTrue_b_to_ldsTrue_b_preshuffleFalse_c_to_ldsFalse_gfx950,0.0193,37.88,1625.83
gfx950,256,32,896,7168,False,torch.bfloat16,torch.bfloat16,False,False,flydsl,3747,8,7.7027,flydsl_gemm6_abf16_wbf16_bf16_t32x64x128_split_k8_block_m_warp1_block_n_warp4_block_k_warp1_async_copyTrue_b_to_ldsTrue_b_preshuffleFalse_c_to_ldsFalse_gfx950,0.0206,53.36,1734.61
gfx950,256,40,896,7168,False,torch.bfloat16,torch.bfloat16,False,False,flydsl,4193,7,8.6454,flydsl_gemm7_abf16_wbf16_bf16_t32x64x64_split_k7_block_m_warp1_block_n_warp4_block_k_warp1_async_copyTrue_b_to_ldsTrue_b_preshuffleFalse_c_to_ldsFalse_gfx950,0.02,59.43,1560.39
gfx950,256,48,896,7168,False,torch.bfloat16,torch.bfloat16,False,False,flydsl,4193,7,9.0129,flydsl_gemm7_abf16_wbf16_bf16_t32x64x64_split_k7_block_m_warp1_block_n_warp4_block_k_warp1_async_copyTrue_b_to_ldsTrue_b_preshuffleFalse_c_to_ldsFalse_gfx950,0.0193,68.41,1511.08
gfx950,256,56,896,7168,False,torch.bfloat16,torch.bfloat16,False,False,flydsl,2481,7,9.4115,flydsl_gemm4_abf16_wbf16_bf16_t32x64x128_split_k7_block_m_warp2_block_n_warp2_block_k_warp1_async_copyTrue_b_to_ldsTrue_b_preshuffleFalse_c_to_ldsFalse_gfx950,0.019,76.43,1460.79
gfx950,256,64,896,7168,False,torch.bfloat16,torch.bfloat16,False,False,flydsl,2243,7,10.0918,flydsl_gemm3_abf16_wbf16_bf16_t32x64x128_split_k7_block_m_warp2_block_n_warp2_block_k_warp1_async_copyTrue_b_to_ldsTrue_b_preshuffleFalse_c_to_ldsFalse_gfx950,0.0189,81.46,1375.1
gfx950,256,96,896,7168,False,torch.bfloat16,torch.bfloat16,False,False,flydsl,3458,4,11.561,flydsl_gemm4_abf16_wbf16_bf16_t32x64x64_split_k4_block_m_warp1_block_n_warp2_block_k_warp2_async_copyTrue_b_to_ldsTrue_b_preshuffleFalse_c_to_ldsFalse_gfx950,0.0211,106.66,1244.99
gfx950,256,128,896,7168,False,torch.bfloat16,torch.bfloat16,False,False,flydsl,3126,7,12.6667,flydsl_gemm3_abf16_wbf16_bf16_t64x64x128_split_k7_block_m_warp2_block_n_warp2_block_k_warp1_async_copyTrue_b_to_ldsTrue_b_preshuffleFalse_c_to_ldsFalse_gfx950,0.02,129.8,1177.06
gfx950,256,256,896,7168,False,torch.bfloat16,torch.bfloat16,False,False,opus,1208,4,17.2088,opus_gemm_flatmm_splitk_256x64x64x128_2x1_16x16x32_0x0x0_wgpcu1_nooob,0.0,191.08,986.35
gfx950,256,512,896,7168,False,torch.bfloat16,torch.bfloat16,False,False,hipblaslt,441318,0,20.4935,Cijk_Alik_Bljk_BBS_BH_Bias_HA_S_SAV_UserArgs_MT128x96x64_MI16x16x1_SN_LDSB0_AFC0_AFEM1_AFEM1_ASEM1_CLR0_CADS0_DTLA1_DTLB1_DTVA0_DTVB0_EPS0_FDSI0_GRPM1_GRVWA8_GRVWB8_GSU0_GSUAMB_GLS0_ISA950_IU1_K1_LDSTI0_LBSPPA1024_LBSPPB1024_LBSPPM0_LPA16_LPB16_LPM0_LRVW8_LWPMn1_MIAV0_MIWT4_3_MO40_NTn1_NTA0_NTB0_NTC7_NTD4_NTM0_NEPBS0_NLCA1_NLCB1_ONLL1_PGR2_PLR1_PKA1_SIA3_SS1_SPO0_SRVW0_SSO0_SVW4_SK3_SKFTR0_SKXCCM0_TLDS1_ULSGRO0_USL1_UIOFGRO0_USFGRO1_VSn1_VWA4_VWB1_WSGRA0_WSGRB0_WS64_WG32_8_1,0.0,320.91,1029.72
gfx950,256,1024,896,7168,False,torch.bfloat16,torch.bfloat16,False,False,hipblaslt,441293,0,27.1063,Cijk_Alik_Bljk_BBS_BH_Bias_HA_S_SAV_UserArgs_MT224x128x64_MI16x16x1_SN_LDSB1_AFC0_AFEM1_AFEM1_ASEM1_CLR1_CADS0_DTLA0_DTLB0_DTVA0_DTVB0_EPS0_FDSI0_GRPM1_GRVWA8_GRVWB8_GSU0_GSUAMB_GLS0_ISA950_IU1_K1_LDSTI0_LBSPPA128_LBSPPB512_LBSPPM0_LPA16_LPB16_LPM0_LRVW8_LWPMn1_MIAV0_MIWT7_4_MO40_NTn1_NTA0_NTB0_NTC0_NTD0_NTM0_NEPBS0_NLCA1_NLCB1_ONLL1_PGR2_PLR1_PKA1_SIA3_SS1_SPO0_SRVW0_SSO0_SVW1_SK3_SKFTR0_SKXCCM0_TLDS1_ULSGRO0_USL1_UIOFGRO0_USFGRO0_VSn1_VWA1_VWB4_WSGRA0_WSGRB0_WS64_WG32_8_1,0.0,485.25,1083.15
gfx950,256,2048,896,7168,False,torch.bfloat16,torch.bfloat16,False,False,hipblaslt,441293,0,40.2166,Cijk_Alik_Bljk_BBS_BH_Bias_HA_S_SAV_UserArgs_MT224x128x64_MI16x16x1_SN_LDSB1_AFC0_AFEM1_AFEM1_ASEM1_CLR1_CADS0_DTLA0_DTLB0_DTVA0_DTVB0_EPS0_FDSI0_GRPM1_GRVWA8_GRVWB8_GSU0_GSUAMB_GLS0_ISA950_IU1_K1_LDSTI0_LBSPPA128_LBSPPB512_LBSPPM0_LPA16_LPB16_LPM0_LRVW8_LWPMn1_MIAV0_MIWT7_4_MO40_NTn1_NTA0_NTB0_NTC0_NTD0_NTM0_NEPBS0_NLCA1_NLCB1_ONLL1_PGR2_PLR1_PKA1_SIA3_SS1_SPO0_SRVW0_SSO0_SVW1_SK3_SKFTR0_SKXCCM0_TLDS1_ULSGRO0_USL1_UIOFGRO0_USFGRO0_VSn1_VWA1_VWB4_WSGRA0_WSGRB0_WS64_WG32_8_1,0.0,654.12,1140.7
gfx950,256,4096,896,7168,False,torch.bfloat16,torch.bfloat16,False,False,hipblaslt,440679,0,63.1627,Cijk_Alik_Bljk_BBS_BH_Bias_HA_S_SAV_UserArgs_MT224x256x64_MI16x16x1_SN_LDSB0_AFC0_AFEM1_AFEM1_ASEM1_CLR0_CADS0_DTLA0_DTLB0_DTVA0_DTVB0_EPS0_FDSI0_GRPM1_GRVWA8_GRVWB8_GSU0_GSUAMB_GLS0_ISA950_IU1_K1_LDSTI0_LBSPPA128_LBSPPB1024_LBSPPM0_LPA16_LPB16_LPM0_LRVW8_LWPMn1_MIAV0_MIWT7_8_MO40_NTn1_NTA0_NTB0_NTC4_NTD0_NTM0_NEPBS16_NLCA1_NLCB1_ONLL1_PGR2_PLR1_PKA1_SIA3_SS1_SPO0_SRVW0_SSO0_SVW1_SK3_SKFTR0_SKXCCM0_TLDS2_ULSGRO0_USL1_UIOFGRO0_USFGRO0_VSn1_VWA1_VWB8_WSGRA0_WSGRB0_WS64_WG32_8_1,0.0,832.98,1249.24
gfx950,256,8192,896,7168,False,torch.bfloat16,torch.bfloat16,False,False,hipblaslt,441293,0,106.4082,Cijk_Alik_Bljk_BBS_BH_Bias_HA_S_SAV_UserArgs_MT224x128x64_MI16x16x1_SN_LDSB1_AFC0_AFEM1_AFEM1_ASEM1_CLR1_CADS0_DTLA0_DTLB0_DTVA0_DTVB0_EPS0_FDSI0_GRPM1_GRVWA8_GRVWB8_GSU0_GSUAMB_GLS0_ISA950_IU1_K1_LDSTI0_LBSPPA128_LBSPPB512_LBSPPM0_LPA16_LPB16_LPM0_LRVW8_LWPMn1_MIAV0_MIWT7_4_MO40_NTn1_NTA0_NTB0_NTC0_NTD0_NTM0_NEPBS0_NLCA1_NLCB1_ONLL1_PGR2_PLR1_PKA1_SIA3_SS1_SPO0_SRVW0_SSO0_SVW1_SK3_SKFTR0_SKXCCM0_TLDS1_ULSGRO0_USL1_UIOFGRO0_USFGRO0_VSn1_VWA1_VWB4_WSGRA0_WSGRB0_WS64_WG32_8_1,0.0,988.9,1362.35
gfx950,256,1,2304,16384,False,torch.bfloat16,torch.bfloat16,False,False,flydsl,5887,4,16.3134,flydsl_gemm4_abf16_wbf16_bf16_t16x64x256_split_k4_block_m_warp1_block_n_warp1_block_k_warp2_async_copyTrue_b_to_ldsTrue_b_preshuffleFalse_c_to_ldsFalse_gfx950,0.0247,4.63,4630.23
gfx950,256,16,2304,16384,False,torch.bfloat16,torch.bfloat16,False,False,flydsl,5887,4,17.5138,flydsl_gemm4_abf16_wbf16_bf16_t16x64x256_split_k4_block_m_warp1_block_n_warp1_block_k_warp2_async_copyTrue_b_to_ldsTrue_b_preshuffleFalse_c_to_ldsFalse_gfx950,0.0227,68.97,4344.89
gfx950,256,32,2304,16384,False,torch.bfloat16,torch.bfloat16,False,False,asm,1,7,21.9085,_ZN5aiter39bf16gemm_fp32bf16_tn_32x64_splitk_cleanE,0.0224,110.27,3500.63
gfx950,256,64,2304,16384,False,torch.bfloat16,torch.bfloat16,False,False,asm,5,7,23.9613,_ZN5aiter39bf16gemm_fp32bf16_tn_64x64_splitk_cleanE,0.0226,201.65,3250.64
gfx950,256,128,2304,16384,False,torch.bfloat16,torch.bfloat16,False,False,asm,5,3,35.5248,_ZN5aiter39bf16gemm_fp32bf16_tn_64x64_splitk_cleanE,0.013,272.03,2259.87
gfx950,256,256,2304,16384,False,torch.bfloat16,torch.bfloat16,False,False,torch,0,0,41.8777,native,0.0,461.52,2031.29
gfx950,256,512,2304,16384,False,torch.bfloat16,torch.bfloat16,False,False,asm,9,1,98.3036,_ZN5aiter37bf16gemm_fp32bf16_tn_96x64_pf3_splitkE,0.0,393.22,962.67
gfx950,256,1024,2304,16384,False,torch.bfloat16,torch.bfloat16,False,False,torch,0,0,91.2487,native,0.0,847.24,1246.82
gfx950,256,2048,2304,16384,False,torch.bfloat16,torch.bfloat16,False,False,torch,0,0,179.1167,native,0.0,863.23,848.85
gfx950,256,4096,2304,16384,False,torch.bfloat16,torch.bfloat16,False,False,asm,10,1,327.4554,_ZN5aiter24bf16gemm_bf16_tn_256x256E,0.0,944.37,698.08
gfx950,256,8192,2304,16384,False,torch.bfloat16,torch.bfloat16,False,False,asm,10,1,677.7405,_ZN5aiter24bf16gemm_bf16_tn_256x256E,0.0,912.55,563.17
gfx950,256,16384,2304,16384,False,torch.bfloat16,torch.bfloat16,False,False,asm,10,1,1109.5955,_ZN5aiter24bf16gemm_bf16_tn_256x256E,0.0,1114.78,619.92
gfx950,256,32768,2304,16384,False,torch.bfloat16,torch.bfloat16,False,False,asm,10,1,1981.8193,_ZN5aiter24bf16gemm_bf16_tn_256x256E,0.0,1248.3,656.08
gfx950,256,1,4608,16384,False,torch.bfloat16,torch.bfloat16,False,False,torch,0,0,33.0274,native,0.0,4.57,4573.08
gfx950,256,16,4608,16384,False,torch.bfloat16,torch.bfloat16,False,False,torch,0,0,32.6252,native,0.0,74.05,4648.76
gfx950,256,32,4608,16384,False,torch.bfloat16,torch.bfloat16,False,False,torch,0,0,33.3117,native,0.0,145.05,4573.12
gfx950,256,64,4608,16384,False,torch.bfloat16,torch.bfloat16,False,False,asm,5,3,42.02,_ZN5aiter39bf16gemm_fp32bf16_tn_64x64_splitk_cleanE,0.0131,229.98,3657.35
gfx950,256,128,4608,16384,False,torch.bfloat16,torch.bfloat16,False,False,torch,0,0,46.5167,native,0.0,415.49,3361.56
gfx950,256,256,4608,16384,False,torch.bfloat16,torch.bfloat16,False,False,torch,0,0,62.6096,native,0.0,617.39,2583.36
gfx950,256,512,4608,16384,False,torch.bfloat16,torch.bfloat16,False,False,torch,0,0,100.869,native,0.0,766.43,1710.05
gfx950,256,1024,4608,16384,False,torch.bfloat16,torch.bfloat16,False,False,torch,0,0,150.7376,native,0.0,1025.75,1286.92
gfx950,256,2048,4608,16384,False,torch.bfloat16,torch.bfloat16,False,False,asm,10,1,298.7333,_ZN5aiter24bf16gemm_bf16_tn_256x256E,0.0,1035.16,793.28
gfx950,256,4096,4608,16384,False,torch.bfloat16,torch.bfloat16,False,False,asm,10,1,598.5374,_ZN5aiter24bf16gemm_bf16_tn_256x256E,0.0,1033.31,539.58
gfx950,256,8192,4608,16384,False,torch.bfloat16,torch.bfloat16,False,False,asm,10,1,953.3962,_ZN5aiter24bf16gemm_bf16_tn_256x256E,0.0,1297.42,519.12
gfx950,256,16384,4608,16384,False,torch.bfloat16,torch.bfloat16,False,False,asm,10,1,1739.3206,_ZN5aiter24bf16gemm_bf16_tn_256x256E,0.0,1422.34,482.29
gfx950,256,32768,4608,16384,False,torch.bfloat16,torch.bfloat16,False,False,asm,10,1,3408.2792,_ZN5aiter24bf16gemm_bf16_tn_256x256E,0.0,1451.7,447.95
gfx950,256,1,9216,16384,False,torch.bfloat16,torch.bfloat16,False,False,torch,0,0,62.3414,native,0.0,4.84,4844.95
gfx950,256,16,9216,16384,False,torch.bfloat16,torch.bfloat16,False,False,triton,0,0,68.6305,auto,0.0,70.4,4412.16
gfx950,256,32,9216,16384,False,torch.bfloat16,torch.bfloat16,False,False,triton,0,0,73.2489,auto,0.0,131.93,4145.16
gfx950,256,64,9216,16384,False,torch.bfloat16,torch.bfloat16,False,False,torch,0,0,60.9628,native,0.0,317.04,5007.43
gfx950,256,128,9216,16384,False,torch.bfloat16,torch.bfloat16,False,False,torch,0,0,77.7145,native,0.0,497.39,3970.22
gfx950,256,256,9216,16384,False,torch.bfloat16,torch.bfloat16,False,False,torch,0,0,96.4623,native,0.0,801.45,3266.53
gfx950,256,512,9216,16384,False,torch.bfloat16,torch.bfloat16,False,False,torch,0,0,201.0914,native,0.0,768.9,1632.11
gfx950,256,1024,9216,16384,False,torch.bfloat16,torch.bfloat16,False,False,asm,10,1,286.2339,_ZN5aiter24bf16gemm_bf16_tn_256x256E,0.0,1080.37,1238.21
gfx950,256,2048,9216,16384,False,torch.bfloat16,torch.bfloat16,False,False,asm,10,1,597.7434,_ZN5aiter24bf16gemm_bf16_tn_256x256E,0.0,1034.68,680.64
gfx950,256,4096,9216,16384,False,torch.bfloat16,torch.bfloat16,False,False,asm,10,1,944.2369,_ZN5aiter24bf16gemm_bf16_tn_256x256E,0.0,1310.0,541.92
gfx950,256,8192,9216,16384,False,torch.bfloat16,torch.bfloat16,False,False,asm,10,1,1710.6163,_ZN5aiter24bf16gemm_bf16_tn_256x256E,0.0,1446.2,421.73
gfx950,256,16384,9216,16384,False,torch.bfloat16,torch.bfloat16,False,False,asm,10,1,3321.8968,_ZN5aiter24bf16gemm_bf16_tn_256x256E,0.0,1489.45,343.43
gfx950,256,32768,9216,16384,False,torch.bfloat16,torch.bfloat16,False,False,asm,10,1,6749.5084,_ZN5aiter24bf16gemm_bf16_tn_256x256E,0.0,1466.12,293.31
gfx950,256,1,13312,16384,False,torch.bfloat16,torch.bfloat16,False,False,flydsl,69,2,76.3036,flydsl_gemm2_abf16_wbf16_bf16_t16x128x256_split_k2_block_m_warp1_block_n_warp2_block_k_warp2_async_copyTrue_b_to_ldsTrue_b_preshuffleFalse_c_to_ldsFalse_gfx950,0.0157,5.72,5717.52
gfx950,256,16,13312,16384,False,torch.bfloat16,torch.bfloat16,False,False,triton,0,0,78.0998,auto,0.0,89.36,5597.43
gfx950,256,32,13312,16384,False,torch.bfloat16,torch.bfloat16,False,False,triton,0,0,81.5625,auto,0.0,171.14,5371.44
gfx950,256,64,13312,16384,False,torch.bfloat16,torch.bfloat16,False,False,torch,0,0,82.9359,native,0.0,336.61,5305.41
gfx950,256,128,13312,16384,False,torch.bfloat16,torch.bfloat16,False,False,torch,0,0,101.3723,native,0.0,550.79,4378.02
gfx950,256,256,13312,16384,False,torch.bfloat16,torch.bfloat16,False,False,torch,0,0,135.2778,native,0.0,825.48,3336.93
gfx950,256,512,13312,16384,False,torch.bfloat16,torch.bfloat16,False,False,asm,10,1,281.769,_ZN5aiter24bf16gemm_bf16_tn_256x256E,0.0,792.63,1656.02
gfx950,256,1024,13312,16384,False,torch.bfloat16,torch.bfloat16,False,False,asm,10,1,335.4867,_ZN5aiter24bf16gemm_bf16_tn_256x256E,0.0,1331.43,1481.5
gfx950,256,2048,13312,16384,False,torch.bfloat16,torch.bfloat16,False,False,asm,10,1,643.543,_ZN5aiter24bf16gemm_bf16_tn_256x256E,0.0,1388.18,866.83
gfx950,256,4096,13312,16384,False,torch.bfloat16,torch.bfloat16,False,False,asm,10,1,1298.0192,_ZN5aiter24bf16gemm_bf16_tn_256x256E,0.0,1376.49,523.47
gfx950,256,8192,13312,16384,False,torch.bfloat16,torch.bfloat16,False,False,asm,10,1,2452.1446,_ZN5aiter24bf16gemm_bf16_tn_256x256E,0.0,1457.26,376.3
gfx950,256,16384,13312,16384,False,torch.bfloat16,torch.bfloat16,False,False,asm,10,1,4823.026,_ZN5aiter24bf16gemm_bf16_tn_256x256E,0.0,1481.81,292.2
gfx950,256,32768,13312,16384,False,torch.bfloat16,torch.bfloat16,False,False,asm,10,1,9990.3785,_ZN5aiter24bf16gemm_bf16_tn_256x256E,0.0,1430.74,238.47
gfx950,256,1,16384,2048,False,torch.bfloat16,torch.bfloat16,False,False,flydsl,5695,2,13.8853,flydsl_gemm4_abf16_wbf16_bf16_t16x128x128_split_k2_block_m_warp1_block_n_warp4_block_k_warp1_async_copyTrue_b_to_ldsTrue_b_preshuffleFalse_c_to_ldsFalse_gfx950,0.0028,4.83,4835.74
gfx950,256,1,16384,4096,False,torch.bfloat16,torch.bfloat16,False,False,triton,0,0,25.1988,auto,0.0,5.33,5327.98
gfx950,256,1,16384,6656,False,torch.bfloat16,torch.bfloat16,False,False,flydsl,5958,1,37.0334,flydsl_gemm4_abf16_wbf16_bf16_t16x64x128_split_k1_block_m_warp1_block_n_warp2_block_k_warp1_async_copyTrue_b_to_ldsTrue_b_preshuffleFalse_c_to_ldsFalse_gfx950,0.0,5.89,5890.63
gfx950,256,1,16384,8192,False,torch.bfloat16,torch.bfloat16,False,False,triton,0,0,50.4794,auto,0.0,5.32,5318.7
gfx950,256,1,16384,13312,False,torch.bfloat16,torch.bfloat16,False,False,torch,0,0,67.5323,native,0.0,6.46,6460.12
gfx950,256,1,16384,26624,False,torch.bfloat16,torch.bfloat16,False,False,torch,0,0,137.4257,native,0.0,6.35,6348.89
gfx950,256,16,16384,2048,False,torch.bfloat16,torch.bfloat16,False,False,triton,0,0,14.4467,auto,0.0,74.32,4686.1
gfx950,256,16,16384,4096,False,torch.bfloat16,torch.bfloat16,False,False,triton,0,0,23.7443,auto,0.0,90.44,5680.23
gfx950,256,16,16384,6656,False,torch.bfloat16,torch.bfloat16,False,False,triton,0,0,37.3119,auto,0.0,93.53,5865.18
gfx950,256,16,16384,8192,False,torch.bfloat16,torch.bfloat16,False,False,triton,0,0,44.7779,auto,0.0,95.92,6012.38
gfx950,256,16,16384,13312,False,torch.bfloat16,torch.bfloat16,False,False,triton,0,0,70.9555,auto,0.0,98.36,6161.01
gfx950,256,16,16384,26624,False,torch.bfloat16,torch.bfloat16,False,False,torch,0,0,134.9243,native,0.0,103.46,6476.16
gfx950,256,32,16384,2048,False,torch.bfloat16,torch.bfloat16,False,False,triton,0,0,14.6697,auto,0.0,146.39,4655.07
gfx950,256,32,16384,4096,False,torch.bfloat16,torch.bfloat16,False,False,triton,0,0,24.9617,auto,0.0,172.06,5429.46
gfx950,256,32,16384,6656,False,torch.bfloat16,torch.bfloat16,False,False,triton,0,0,39.4472,auto,0.0,176.93,5566.39
gfx950,256,32,16384,8192,False,torch.bfloat16,torch.bfloat16,False,False,triton,0,0,47.1387,auto,0.0,182.23,5727.95
gfx950,256,32,16384,13312,False,torch.bfloat16,torch.bfloat16,False,False,triton,0,0,75.4473,auto,0.0,185.01,5806.81
gfx950,256,32,16384,26624,False,torch.bfloat16,torch.bfloat16,False,False,flydsl,7479,2,144.0969,flydsl_gemm4_abf16_wbf16_bf16_t32x128x128_split_k2_block_m_warp2_block_n_warp2_block_k_warp1_async_copyTrue_b_to_ldsTrue_b_preshuffleFalse_c_to_ldsFalse_gfx950,0.0085,193.74,6073.47
gfx950,256,64,16384,2048,False,torch.bfloat16,torch.bfloat16,False,False,asm,6,1,18.9896,_ZN5aiter37bf16gemm_fp32bf16_tn_64x64_pf3_splitkE,0.0,226.17,3658.22
gfx950,256,64,16384,4096,False,torch.bfloat16,torch.bfloat16,False,False,asm,6,1,33.4354,_ZN5aiter37bf16gemm_fp32bf16_tn_64x64_pf3_splitkE,0.0,256.91,4092.64
gfx950,256,64,16384,6656,False,torch.bfloat16,torch.bfloat16,False,False,asm,6,1,50.5166,_ZN5aiter37bf16gemm_fp32bf16_tn_64x64_pf3_splitkE,0.0,276.32,4375.85
gfx950,256,64,16384,8192,False,torch.bfloat16,torch.bfloat16,False,False,asm,6,1,66.9741,_ZN5aiter37bf16gemm_fp32bf16_tn_64x64_pf3_splitkE,0.0,256.52,4055.02
gfx950,256,64,16384,13312,False,torch.bfloat16,torch.bfloat16,False,False,asm,6,1,94.2083,_ZN5aiter37bf16gemm_fp32bf16_tn_64x64_pf3_splitkE,0.0,296.34,4670.59
gfx950,256,64,16384,26624,False,torch.bfloat16,torch.bfloat16,False,False,torch,0,0,154.8352,native,0.0,360.61,5670.03
gfx950,256,128,16384,2048,False,torch.bfloat16,torch.bfloat16,False,False,triton,0,0,23.3261,auto,0.0,368.25,3079.27
gfx950,256,128,16384,4096,False,torch.bfloat16,torch.bfloat16,False,False,triton,0,0,42.8585,auto,0.0,400.85,3253.98
gfx950,256,128,16384,6656,False,torch.bfloat16,torch.bfloat16,False,False,triton,0,0,69.0302,auto,0.0,404.42,3244.99
gfx950,256,128,16384,8192,False,torch.bfloat16,torch.bfloat16,False,False,triton,0,0,81.6344,auto,0.0,420.9,3365.33
gfx950,256,128,16384,13312,False,torch.bfloat16,torch.bfloat16,False,False,torch,0,0,97.575,native,0.0,572.22,4548.4
gfx950,256,128,16384,26624,False,torch.bfloat16,torch.bfloat16,False,False,torch,0,0,177.6589,native,0.0,628.56,4972.59
gfx950,256,256,16384,2048,False,torch.bfloat16,torch.bfloat16,False,False,flydsl,11479,1,24.7727,flydsl_gemm5_abf16_wbf16_bf16_t128x128x64_split_k1_block_m_warp2_block_n_warp4_block_k_warp1_async_copyTrue_b_to_ldsTrue_b_preshuffleFalse_c_to_ldsFalse_gfx950,0.0,693.5,3089.94
gfx950,256,256,16384,4096,False,torch.bfloat16,torch.bfloat16,False,False,flydsl,8351,1,48.6407,flydsl_gemm4_abf16_wbf16_bf16_t128x128x64_split_k1_block_m_warp2_block_n_warp4_block_k_warp1_async_copyTrue_b_to_ldsTrue_b_preshuffleFalse_c_to_ldsFalse_gfx950,0.0,706.4,2974.95
gfx950,256,256,16384,6656,False,torch.bfloat16,torch.bfloat16,False,False,flydsl,8815,1,73.9126,flydsl_gemm4_abf16_wbf16_bf16_t128x128x64_split_k1_block_m_warp4_block_n_warp2_block_k_warp1_async_copyTrue_b_to_ldsTrue_b_preshuffleFalse_c_to_ldsFalse_gfx950,0.0,755.41,3110.43
gfx950,256,256,16384,8192,False,torch.bfloat16,torch.bfloat16,False,False,flydsl,8339,1,89.3741,flydsl_gemm4_abf16_wbf16_bf16_t128x128x64_split_k1_block_m_warp1_block_n_warp4_block_k_warp2_async_copyTrue_b_to_ldsTrue_b_preshuffleFalse_c_to_ldsFalse_gfx950,0.0063,768.9,3144.29
gfx950,256,256,16384,13312,False,torch.bfloat16,torch.bfloat16,False,False,torch,0,0,163.4286,native,0.0,683.29,2762.14
gfx950,256,256,16384,26624,False,torch.bfloat16,torch.bfloat16,False,False,torch,0,0,234.2718,native,0.0,953.33,3817.94
gfx950,256,512,16384,2048,False,torch.bfloat16,torch.bfloat16,False,False,asm,10,1,47.2723,_ZN5aiter24bf16gemm_bf16_tn_256x256E,0.0,726.85,1818.89
gfx950,256,512,16384,4096,False,torch.bfloat16,torch.bfloat16,False,False,asm,10,1,83.3091,_ZN5aiter24bf16gemm_bf16_tn_256x256E,0.0,824.87,1862.81
gfx950,256,512,16384,6656,False,torch.bfloat16,torch.bfloat16,False,False,asm,10,1,127.3264,_ZN5aiter24bf16gemm_bf16_tn_256x256E,0.0,877.03,1898.25
gfx950,256,512,16384,8192,False,torch.bfloat16,torch.bfloat16,False,False,asm,10,1,155.7206,_ZN5aiter24bf16gemm_bf16_tn_256x256E,0.0,882.6,1885.44
gfx950,256,512,16384,13312,False,torch.bfloat16,torch.bfloat16,False,False,asm,10,1,235.6216,_ZN5aiter24bf16gemm_bf16_tn_256x256E,0.0,947.87,1980.36
gfx950,256,512,16384,26624,False,torch.bfloat16,torch.bfloat16,False,False,asm,10,1,459.4132,_ZN5aiter24bf16gemm_bf16_tn_256x256E,0.0,972.28,1994.84
gfx950,256,1024,16384,2048,False,torch.bfloat16,torch.bfloat16,False,False,asm,10,1,60.4762,_ZN5aiter24bf16gemm_bf16_tn_256x256E,0.0,1136.31,1733.87
gfx950,256,1024,16384,4096,False,torch.bfloat16,torch.bfloat16,False,False,asm,10,1,107.397,_ZN5aiter24bf16gemm_bf16_tn_256x256E,0.0,1279.73,1640.28
gfx950,256,1024,16384,6656,False,torch.bfloat16,torch.bfloat16,False,False,asm,10,1,164.2949,_ZN5aiter24bf16gemm_bf16_tn_256x256E,0.0,1359.37,1614.72
gfx950,256,1024,16384,8192,False,torch.bfloat16,torch.bfloat16,False,False,asm,10,1,197.3416,_ZN5aiter24bf16gemm_bf16_tn_256x256E,0.0,1392.9,1615.31
gfx950,256,1024,16384,13312,False,torch.bfloat16,torch.bfloat16,False,False,asm,10,1,312.555,_ZN5aiter24bf16gemm_bf16_tn_256x256E,0.0,1429.11,1590.2
gfx950,256,1024,16384,26624,False,torch.bfloat16,torch.bfloat16,False,False,asm,10,1,596.8639,_ZN5aiter24bf16gemm_bf16_tn_256x256E,0.0,1496.75,1609.24
gfx950,256,2048,16384,2048,False,torch.bfloat16,torch.bfloat16,False,False,asm,10,1,115.295,_ZN5aiter24bf16gemm_bf16_tn_256x256E,0.0,1192.06,1236.88
gfx950,256,2048,16384,4096,False,torch.bfloat16,torch.bfloat16,False,False,asm,10,1,201.0475,_ZN5aiter24bf16gemm_bf16_tn_256x256E,0.0,1367.23,1084.84
gfx950,256,2048,16384,6656,False,torch.bfloat16,torch.bfloat16,False,False,asm,10,1,312.2677,_ZN5aiter24bf16gemm_bf16_tn_256x256E,0.0,1430.43,1000.67
gfx950,256,2048,16384,8192,False,torch.bfloat16,torch.bfloat16,False,False,asm,10,1,370.4202,_ZN5aiter24bf16gemm_bf16_tn_256x256E,0.0,1484.14,996.43
gfx950,256,2048,16384,13312,False,torch.bfloat16,torch.bfloat16,False,False,asm,10,1,588.2507,_ZN5aiter24bf16gemm_bf16_tn_256x256E,0.0,1518.66,948.31
gfx950,256,2048,16384,26624,False,torch.bfloat16,torch.bfloat16,False,False,asm,10,1,1158.5257,_ZN5aiter24bf16gemm_bf16_tn_256x256E,0.0,1542.22,905.1
gfx950,256,4096,16384,2048,False,torch.bfloat16,torch.bfloat16,False,False,asm,10,1,209.7933,_ZN5aiter24bf16gemm_bf16_tn_256x256E,0.0,1310.23,1039.61
gfx950,256,4096,16384,4096,False,torch.bfloat16,torch.bfloat16,False,False,asm,10,1,384.44,_ZN5aiter24bf16gemm_bf16_tn_256x256E,0.0,1430.02,785.53
gfx950,256,4096,16384,6656,False,torch.bfloat16,torch.bfloat16,False,False,asm,10,1,594.3976,_ZN5aiter24bf16gemm_bf16_tn_256x256E,0.0,1502.96,684.47
gfx950,256,4096,16384,8192,False,torch.bfloat16,torch.bfloat16,False,False,asm,10,1,715.0195,_ZN5aiter24bf16gemm_bf16_tn_256x256E,0.0,1537.74,656.99
gfx950,256,4096,16384,13312,False,torch.bfloat16,torch.bfloat16,False,False,asm,10,1,1180.0684,_ZN5aiter24bf16gemm_bf16_tn_256x256E,0.0,1514.07,575.79
gfx950,256,4096,16384,26624,False,torch.bfloat16,torch.bfloat16,False,False,asm,10,1,2315.9959,_ZN5aiter24bf16gemm_bf16_tn_256x256E,0.0,1542.93,528.82
gfx950,256,8192,16384,2048,False,torch.bfloat16,torch.bfloat16,False,False,asm,10,1,402.4127,_ZN5aiter24bf16gemm_bf16_tn_256x256E,0.0,1366.15,917.21
gfx950,256,8192,16384,4096,False,torch.bfloat16,torch.bfloat16,False,False,asm,10,1,735.8522,_ZN5aiter24bf16gemm_bf16_tn_256x256E,0.0,1494.2,638.39
gfx950,256,8192,16384,6656,False,torch.bfloat16,torch.bfloat16,False,False,asm,10,1,1172.104,_ZN5aiter24bf16gemm_bf16_tn_256x256E,0.0,1524.36,508.14
gfx950,256,8192,16384,8192,False,torch.bfloat16,torch.bfloat16,False,False,asm,10,1,1418.3458,_ZN5aiter24bf16gemm_bf16_tn_256x256E,0.0,1550.41,473.15
gfx950,256,8192,16384,13312,False,torch.bfloat16,torch.bfloat16,False,False,asm,10,1,2350.1553,_ZN5aiter24bf16gemm_bf16_tn_256x256E,0.0,1520.5,392.63
gfx950,256,8192,16384,26624,False,torch.bfloat16,torch.bfloat16,False,False,asm,10,1,4679.1879,_ZN5aiter24bf16gemm_bf16_tn_256x256E,0.0,1527.36,337.04
gfx950,256,16384,16384,2048,False,torch.bfloat16,torch.bfloat16,False,False,asm,10,1,791.7086,_ZN5aiter24bf16gemm_bf16_tn_256x256E,0.0,1388.78,847.65
gfx950,256,16384,16384,4096,False,torch.bfloat16,torch.bfloat16,False,False,asm,10,1,1468.7844,_ZN5aiter24bf16gemm_bf16_tn_256x256E,0.0,1497.17,548.28
gfx950,256,16384,16384,6656,False,torch.bfloat16,torch.bfloat16,False,False,asm,10,1,2338.6747,_ZN5aiter24bf16gemm_bf16_tn_256x256E,0.0,1527.96,416.08
gfx950,256,16384,16384,8192,False,torch.bfloat16,torch.bfloat16,False,False,asm,10,1,2840.907,_ZN5aiter24bf16gemm_bf16_tn_256x256E,0.0,1548.11,377.96
gfx950,256,16384,16384,13312,False,torch.bfloat16,torch.bfloat16,False,False,asm,10,1,4751.9617,_ZN5aiter24bf16gemm_bf16_tn_256x256E,0.0,1503.97,296.57
gfx950,256,16384,16384,26624,False,torch.bfloat16,torch.bfloat16,False,False,asm,10,1,9811.8509,_ZN5aiter24bf16gemm_bf16_tn_256x256E,0.0,1456.77,232.55
gfx950,256,32768,16384,2048,False,torch.bfloat16,torch.bfloat16,False,False,asm,10,1,1567.4338,_ZN5aiter24bf16gemm_bf16_tn_256x256E,0.0,1402.94,813.48
gfx950,256,32768,16384,4096,False,torch.bfloat16,torch.bfloat16,False,False,asm,10,1,2904.4945,_ZN5aiter24bf16gemm_bf16_tn_256x256E,0.0,1514.22,508.31
gfx950,256,32768,16384,6656,False,torch.bfloat16,torch.bfloat16,False,False,asm,10,1,4677.1636,_ZN5aiter24bf16gemm_bf16_tn_256x256E,0.0,1528.03,369.47
gfx950,256,32768,16384,8192,False,torch.bfloat16,torch.bfloat16,False,False,asm,10,1,5762.8133,_ZN5aiter24bf16gemm_bf16_tn_256x256E,0.0,1526.35,326.06
gfx950,256,32768,16384,13312,False,torch.bfloat16,torch.bfloat16,False,False,asm,10,1,9939.0603,_ZN5aiter24bf16gemm_bf16_tn_256x256E,0.0,1438.13,239.7
gfx950,256,32768,16384,26624,False,torch.bfloat16,torch.bfloat16,False,False,asm,10,1,20923.7314,_ZN5aiter24bf16gemm_bf16_tn_256x256E,0.0,1366.26,176.4
gfx950,256,1,26624,16384,False,torch.bfloat16,torch.bfloat16,False,False,torch,0,0,139.689,native,0.0,6.25,6246.03
gfx950,256,16,26624,16384,False,torch.bfloat16,torch.bfloat16,False,False,triton,0,0,150.2708,auto,0.0,92.89,5814.78
gfx950,256,32,26624,16384,False,torch.bfloat16,torch.bfloat16,False,False,triton,0,0,159.5509,auto,0.0,174.97,5485.19
gfx950,256,64,26624,16384,False,torch.bfloat16,torch.bfloat16,False,False,torch,0,0,146.4961,native,0.0,381.13,5992.79
gfx950,256,128,26624,16384,False,torch.bfloat16,torch.bfloat16,False,False,torch,0,0,184.101,native,0.0,606.56,4798.59
gfx950,256,256,26624,16384,False,torch.bfloat16,torch.bfloat16,False,False,torch,0,0,223.2638,native,0.0,1000.33,4006.18
gfx950,256,512,26624,16384,False,torch.bfloat16,torch.bfloat16,False,False,asm,10,1,354.3556,_ZN5aiter24bf16gemm_bf16_tn_256x256E,0.0,1260.53,2586.26
gfx950,256,1024,26624,16384,False,torch.bfloat16,torch.bfloat16,False,False,asm,10,1,656.6545,_ZN5aiter24bf16gemm_bf16_tn_256x256E,0.0,1360.46,1462.71
gfx950,256,2048,26624,16384,False,torch.bfloat16,torch.bfloat16,False,False,asm,10,1,1299.8911,_ZN5aiter24bf16gemm_bf16_tn_256x256E,0.0,1374.5,806.66
gfx950,256,4096,26624,16384,False,torch.bfloat16,torch.bfloat16,False,False,asm,10,1,2451.9553,_ZN5aiter24bf16gemm_bf16_tn_256x256E,0.0,1457.37,499.49
gfx950,256,8192,26624,16384,False,torch.bfloat16,torch.bfloat16,False,False,asm,10,1,4861.9861,_ZN5aiter24bf16gemm_bf16_tn_256x256E,0.0,1469.94,324.37
gfx950,256,16384,26624,16384,False,torch.bfloat16,torch.bfloat16,False,False,asm,10,1,9935.8309,_ZN5aiter24bf16gemm_bf16_tn_256x256E,0.0,1438.6,229.64
gfx950,256,32768,26624,16384,False,torch.bfloat16,torch.bfloat16,False,False,asm,10,1,20992.3261,_ZN5aiter24bf16gemm_bf16_tn_256x256E,0.0,1361.8,175.83
gfx950,256,1,53248,16384,False,torch.bfloat16,torch.bfloat16,False,False,triton,0,0,300.7058,auto,0.0,5.8,5802.91
gfx950,256,16,53248,16384,False,torch.bfloat16,torch.bfloat16,False,False,triton,0,0,291.4735,auto,0.0,95.78,5993.89
gfx950,256,32,53248,16384,False,torch.bfloat16,torch.bfloat16,False,False,triton,0,0,310.0882,auto,0.0,180.06,5641.26
gfx950,256,64,53248,16384,False,torch.bfloat16,torch.bfloat16,False,False,torch,0,0,282.6994,native,0.0,395.01,6203.56
gfx950,256,128,53248,16384,False,torch.bfloat16,torch.bfloat16,False,False,asm,10,1,362.9834,_ZN5aiter24bf16gemm_bf16_tn_256x256E,0.0,615.29,4856.02
gfx950,256,256,53248,16384,False,torch.bfloat16,torch.bfloat16,False,False,asm,10,1,404.1413,_ZN5aiter24bf16gemm_bf16_tn_256x256E,0.0,1105.25,4405.59
gfx950,256,512,53248,16384,False,torch.bfloat16,torch.bfloat16,False,False,asm,10,1,692.1352,_ZN5aiter24bf16gemm_bf16_tn_256x256E,0.0,1290.72,2623.96
gfx950,256,1024,53248,16384,False,torch.bfloat16,torch.bfloat16,False,False,asm,10,1,1298.7276,_ZN5aiter24bf16gemm_bf16_tn_256x256E,0.0,1375.74,1453.3
gfx950,256,2048,53248,16384,False,torch.bfloat16,torch.bfloat16,False,False,asm,10,1,2445.8219,_ZN5aiter24bf16gemm_bf16_tn_256x256E,0.0,1461.03,830.0
gfx950,256,4096,53248,16384,False,torch.bfloat16,torch.bfloat16,False,False,asm,10,1,4796.6589,_ZN5aiter24bf16gemm_bf16_tn_256x256E,0.0,1489.96,482.68
gfx950,256,8192,53248,16384,False,torch.bfloat16,torch.bfloat16,False,False,asm,10,1,9742.2812,_ZN5aiter24bf16gemm_bf16_tn_256x256E,0.0,1467.18,296.2
gfx950,256,16384,53248,16384,False,torch.bfloat16,torch.bfloat16,False,False,asm,10,1,20953.6725,_ZN5aiter24bf16gemm_bf16_tn_256x256E,0.0,1364.31,192.16
gfx950,256,32768,53248,16384,False,torch.bfloat16,torch.bfloat16,False,False,asm,10,1,39969.08,_ZN5aiter24bf16gemm_bf16_tn_256x256E,0.0,1430.47,157.83
gfx950,256,64,192,1024,False,torch.bfloat16,torch.bfloat16,False,False,flydsl,2571,4,3.8278,flydsl_gemm4_abf16_wbf16_bf16_t16x64x64_split_k4_block_m_warp1_block_n_warp1_block_k_warp1_async_copyTrue_b_to_ldsTrue_b_preshuffleFalse_c_to_ldsFalse_gfx950,0.0065,6.57,143.39
gfx950,256,1,1280,8192,False,torch.bfloat16,torch.bfloat16,False,False,flydsl,5871,8,6.9848,flydsl_gemm4_abf16_wbf16_bf16_t16x64x128_split_k8_block_m_warp1_block_n_warp2_block_k_warp1_async_copyTrue_b_to_ldsTrue_b_preshuffleFalse_c_to_ldsFalse_gfx950,0.0219,3.0,3005.16
gfx950,256,16,1280,8192,False,torch.bfloat16,torch.bfloat16,False,False,flydsl,8147,8,7.5374,flydsl_gemm5_abf16_wbf16_bf16_t16x64x128_split_k8_block_m_warp1_block_n_warp2_block_k_warp1_async_copyTrue_b_to_ldsTrue_b_preshuffleFalse_c_to_ldsFalse_gfx950,0.0204,44.52,2822.54
gfx950,256,32,1280,8192,False,torch.bfloat16,torch.bfloat16,False,False,flydsl,6407,8,8.7685,flydsl_gemm4_abf16_wbf16_bf16_t32x64x128_split_k8_block_m_warp1_block_n_warp2_block_k_warp2_async_copyTrue_b_to_ldsTrue_b_preshuffleFalse_c_to_ldsFalse_gfx950,0.028,76.53,2460.82
gfx950,256,64,1280,8192,False,torch.bfloat16,torch.bfloat16,False,False,flydsl,8567,4,11.5331,flydsl_gemm4_abf16_wbf16_bf16_t32x64x128_split_k4_block_m_warp1_block_n_warp4_block_k_warp1_async_copyTrue_b_to_ldsTrue_b_preshuffleFalse_c_to_ldsFalse_gfx950,0.0143,116.38,1923.5
gfx950,256,128,1280,8192,False,torch.bfloat16,torch.bfloat16,False,False,asm,5,6,15.0329,_ZN5aiter39bf16gemm_fp32bf16_tn_64x64_splitk_cleanE,0.0179,178.57,1556.34
gfx950,256,256,1280,8192,False,torch.bfloat16,torch.bfloat16,False,False,asm,8,4,18.8414,_ZN5aiter39bf16gemm_fp32bf16_tn_96x64_splitk_cleanE,0.0141,284.94,1370.45
gfx950,256,512,1280,8192,False,torch.bfloat16,torch.bfloat16,False,False,asm,8,2,29.8384,_ZN5aiter39bf16gemm_fp32bf16_tn_96x64_splitk_cleanE,0.0061,359.85,1027.9
gfx950,256,1024,1280,8192,False,torch.bfloat16,torch.bfloat16,False,False,asm,9,1,52.4555,_ZN5aiter37bf16gemm_fp32bf16_tn_96x64_pf3_splitkE,0.0,409.39,769.61
gfx950,256,2048,1280,8192,False,torch.bfloat16,torch.bfloat16,False,False,torch,0,0,63.0195,native,0.0,681.53,948.42
gfx950,256,4096,1280,8192,False,torch.bfloat16,torch.bfloat16,False,False,torch,0,0,94.9953,native,0.0,904.25,1037.59
gfx950,256,8192,1280,8192,False,torch.bfloat16,torch.bfloat16,False,False,asm,10,1,170.9303,_ZN5aiter24bf16gemm_bf16_tn_256x256E,0.0,1005.08,1030.6
gfx950,256,16384,1280,8192,False,torch.bfloat16,torch.bfloat16,False,False,asm,10,1,319.2235,_ZN5aiter24bf16gemm_bf16_tn_256x256E,0.0,1076.35,1037.99
gfx950,256,32768,1280,8192,False,torch.bfloat16,torch.bfloat16,False,False,asm,10,1,539.6049,_ZN5aiter24bf16gemm_bf16_tn_256x256E,0.0,1273.51,1189.26
gfx950,256,1,2560,8192,False,torch.bfloat16,torch.bfloat16,False,False,flydsl,8055,8,10.1617,flydsl_gemm5_abf16_wbf16_bf16_t16x128x64_split_k8_block_m_warp1_block_n_warp2_block_k_warp1_async_copyTrue_b_to_ldsTrue_b_preshuffleFalse_c_to_ldsFalse_gfx950,0.0203,4.13,4129.68
gfx950,256,16,2560,8192,False,torch.bfloat16,torch.bfloat16,False,False,flydsl,3095,8,11.207,flydsl_gemm3_abf16_wbf16_bf16_t16x128x128_split_k8_block_m_warp1_block_n_warp4_block_k_warp1_async_copyTrue_b_to_ldsTrue_b_preshuffleFalse_c_to_ldsFalse_gfx950,0.0216,59.88,3773.28
gfx950,256,32,2560,8192,False,torch.bfloat16,torch.bfloat16,False,False,asm,1,6,14.9318,_ZN5aiter39bf16gemm_fp32bf16_tn_32x64_splitk_cleanE,0.0186,89.89,2855.06
gfx950,256,64,2560,8192,False,torch.bfloat16,torch.bfloat16,False,False,asm,5,6,16.2682,_ZN5aiter39bf16gemm_fp32bf16_tn_64x64_splitk_cleanE,0.0185,165.01,2662.82
gfx950,256,128,2560,8192,False,torch.bfloat16,torch.bfloat16,False,False,asm,5,3,21.6899,_ZN5aiter39bf16gemm_fp32bf16_tn_64x64_splitk_cleanE,0.0107,247.52,2060.66
gfx950,256,256,2560,8192,False,torch.bfloat16,torch.bfloat16,False,False,asm,8,2,31.7649,_ZN5aiter39bf16gemm_fp32bf16_tn_96x64_splitk_cleanE,0.0061,338.03,1493.73
gfx950,256,512,2560,8192,False,torch.bfloat16,torch.bfloat16,False,False,asm,9,1,53.2462,_ZN5aiter37bf16gemm_fp32bf16_tn_96x64_pf3_splitkE,0.0,403.31,994.5
gfx950,256,1024,2560,8192,False,torch.bfloat16,torch.bfloat16,False,False,torch,0,0,60.5913,native,0.0,708.84,1055.65
gfx950,256,2048,2560,8192,False,torch.bfloat16,torch.bfloat16,False,False,torch,0,0,93.2705,native,0.0,920.97,921.87
gfx950,256,4096,2560,8192,False,torch.bfloat16,torch.bfloat16,False,False,asm,10,1,163.7211,_ZN5aiter24bf16gemm_bf16_tn_256x256E,0.0,1049.34,794.18
gfx950,256,8192,2560,8192,False,torch.bfloat16,torch.bfloat16,False,False,asm,10,1,312.7178,_ZN5aiter24bf16gemm_bf16_tn_256x256E,0.0,1098.75,697.45
gfx950,256,16384,2560,8192,False,torch.bfloat16,torch.bfloat16,False,False,asm,10,1,515.5546,_ZN5aiter24bf16gemm_bf16_tn_256x256E,0.0,1332.92,764.74
gfx950,256,32768,2560,8192,False,torch.bfloat16,torch.bfloat16,False,False,asm,10,1,965.4849,_ZN5aiter24bf16gemm_bf16_tn_256x256E,0.0,1423.52,773.28
gfx950,256,1,7168,8192,False,torch.bfloat16,torch.bfloat16,False,False,flydsl,3223,8,22.3009,flydsl_gemm3_abf16_wbf16_bf16_t16x256x64_split_k8_block_m_warp1_block_n_warp2_block_k_warp1_async_copyTrue_b_to_ldsTrue_b_preshuffleFalse_c_to_ldsFalse_gfx950,0.0227,5.27,5267.56
gfx950,256,16,7168,8192,False,torch.bfloat16,torch.bfloat16,False,False,torch,0,0,25.5968,native,0.0,73.41,4607.3
gfx950,256,32,7168,8192,False,torch.bfloat16,torch.bfloat16,False,False,torch,0,0,26.4622,native,0.0,142.02,4475.2
gfx950,256,64,7168,8192,False,torch.bfloat16,torch.bfloat16,False,False,asm,5,2,34.0572,_ZN5aiter39bf16gemm_fp32bf16_tn_64x64_splitk_cleanE,0.0062,220.69,3506.06
gfx950,256,128,7168,8192,False,torch.bfloat16,torch.bfloat16,False,False,triton,0,0,50.1861,auto,0.0,299.53,2418.45
gfx950,256,256,7168,8192,False,torch.bfloat16,torch.bfloat16,False,False,triton,0,0,72.0475,auto,0.0,417.29,1739.2
gfx950,256,512,7168,8192,False,torch.bfloat16,torch.bfloat16,False,False,torch,0,0,84.0112,native,0.0,715.73,1585.14
gfx950,256,1024,7168,8192,False,torch.bfloat16,torch.bfloat16,False,False,asm,10,1,145.6016,_ZN5aiter24bf16gemm_bf16_tn_256x256E,0.0,825.95,1022.64
gfx950,256,2048,7168,8192,False,torch.bfloat16,torch.bfloat16,False,False,asm,10,1,180.6066,_ZN5aiter24bf16gemm_bf16_tn_256x256E,0.0,1331.72,998.61
gfx950,256,4096,7168,8192,False,torch.bfloat16,torch.bfloat16,False,False,asm,10,1,343.387,_ZN5aiter24bf16gemm_bf16_tn_256x256E,0.0,1400.86,708.44
gfx950,256,8192,7168,8192,False,torch.bfloat16,torch.bfloat16,False,False,asm,10,1,670.3004,_ZN5aiter24bf16gemm_bf16_tn_256x256E,0.0,1435.29,550.65
gfx950,256,16384,7168,8192,False,torch.bfloat16,torch.bfloat16,False,False,asm,10,1,1263.3316,_ZN5aiter24bf16gemm_bf16_tn_256x256E,0.0,1523.07,491.37
gfx950,256,32768,7168,8192,False,torch.bfloat16,torch.bfloat16,False,False,asm,10,1,2526.7126,_ZN5aiter24bf16gemm_bf16_tn_256x256E,0.0,1523.04,444.88
gfx950,256,1,8192,1024,False,torch.bfloat16,torch.bfloat16,False,False,flydsl,5454,2,6.041,flydsl_gemm4_abf16_wbf16_bf16_t16x64x128_split_k2_block_m_warp1_block_n_warp2_block_k_warp1_async_copyTrue_b_to_ldsTrue_b_preshuffleFalse_c_to_ldsFalse_gfx950,0.0013,2.78,2780.28
gfx950,256,1,8192,2048,False,torch.bfloat16,torch.bfloat16,False,False,flydsl,5907,2,8.0936,flydsl_gemm4_abf16_wbf16_bf16_t16x64x64_split_k2_block_m_warp1_block_n_warp2_block_k_warp1_async_copyTrue_b_to_ldsTrue_b_preshuffleFalse_c_to_ldsFalse_gfx950,0.0028,4.15,4148.33
gfx950,256,1,8192,3584,False,torch.bfloat16,torch.bfloat16,False,False,flydsl,47,7,12.4064,flydsl_gemm2_abf16_wbf16_bf16_t16x128x128_split_k7_block_m_warp1_block_n_warp4_block_k_warp1_async_copyTrue_b_to_ldsTrue_b_preshuffleFalse_c_to_ldsFalse_gfx950,0.017,4.73,4734.96
gfx950,256,1,8192,7168,False,torch.bfloat16,torch.bfloat16,False,False,flydsl,3807,2,21.5928,flydsl_gemm3_abf16_wbf16_bf16_t16x64x128_split_k2_block_m_warp1_block_n_warp2_block_k_warp1_async_copyTrue_b_to_ldsTrue_b_preshuffleFalse_c_to_ldsFalse_gfx950,0.0059,5.44,5440.3
gfx950,256,1,8192,8192,False,torch.bfloat16,torch.bfloat16,False,False,flydsl,243,8,25.75,flydsl_gemm2_abf16_wbf16_bf16_t16x64x128_split_k8_block_m_warp1_block_n_warp1_block_k_warp1_async_copyTrue_b_to_ldsTrue_b_preshuffleFalse_c_to_ldsFalse_gfx950,0.0233,5.21,5213.61
gfx950,256,1,8192,28672,False,torch.bfloat16,torch.bfloat16,False,False,torch,0,0,75.5237,native,0.0,6.22,6221.04
gfx950,256,16,8192,1024,False,torch.bfloat16,torch.bfloat16,False,False,triton,0,0,7.3003,auto,0.0,36.77,2338.55
gfx950,256,16,8192,2048,False,torch.bfloat16,torch.bfloat16,False,False,triton,0,0,11.2334,auto,0.0,47.79,3016.19
gfx950,256,16,8192,3584,False,torch.bfloat16,torch.bfloat16,False,False,flydsl,6000,2,12.8038,flydsl_gemm4_abf16_wbf16_bf16_t16x64x64_split_k2_block_m_warp1_block_n_warp2_block_k_warp1_async_copyTrue_b_to_ldsTrue_b_preshuffleFalse_c_to_ldsFalse_gfx950,0.0047,73.38,4615.59
gfx950,256,16,8192,7168,False,torch.bfloat16,torch.bfloat16,False,False,torch,0,0,23.18,native,0.0,81.06,5087.66
gfx950,256,16,8192,8192,False,torch.bfloat16,torch.bfloat16,False,False,torch,0,0,29.0183,native,0.0,74.0,4643.35
gfx950,256,16,8192,28672,False,torch.bfloat16,torch.bfloat16,False,False,torch,0,0,76.6302,native,0.0,98.08,6145.64
gfx950,256,32,8192,1024,False,torch.bfloat16,torch.bfloat16,False,False,triton,0,0,7.079,auto,0.0,75.84,2453.32
gfx950,256,32,8192,2048,False,torch.bfloat16,torch.bfloat16,False,False,triton,0,0,11.4,auto,0.0,94.19,3000.86
gfx950,256,32,8192,3584,False,torch.bfloat16,torch.bfloat16,False,False,asm,1,2,17.3213,_ZN5aiter39bf16gemm_fp32bf16_tn_32x64_splitk_cleanE,0.0048,108.48,3433.57
gfx950,256,32,8192,7168,False,torch.bfloat16,torch.bfloat16,False,False,torch,0,0,26.4739,native,0.0,141.95,4473.22
gfx950,256,32,8192,8192,False,torch.bfloat16,torch.bfloat16,False,False,torch,0,0,31.31,native,0.0,137.18,4320.23
gfx950,256,32,8192,28672,False,torch.bfloat16,torch.bfloat16,False,False,torch,0,0,79.2098,native,0.0,189.78,5960.39
gfx950,256,64,8192,2048,False,torch.bfloat16,torch.bfloat16,False,False,triton,0,0,12.4356,auto,0.0,172.69,2803.66
gfx950,256,64,8192,3584,False,torch.bfloat16,torch.bfloat16,False,False,asm,5,2,18.6886,_ZN5aiter39bf16gemm_fp32bf16_tn_64x64_splitk_cleanE,0.0048,201.09,3222.69
gfx950,256,64,8192,7168,False,torch.bfloat16,torch.bfloat16,False,False,asm,5,2,30.8218,_ZN5aiter39bf16gemm_fp32bf16_tn_64x64_splitk_cleanE,0.0061,243.86,3874.1
gfx950,256,64,8192,8192,False,torch.bfloat16,torch.bfloat16,False,False,asm,5,2,36.7821,_ZN5aiter39bf16gemm_fp32bf16_tn_64x64_splitk_cleanE,0.0062,233.54,3706.01
gfx950,256,64,8192,28672,False,torch.bfloat16,torch.bfloat16,False,False,torch,0,0,85.6082,native,0.0,351.19,5542.47
gfx950,256,128,8192,1024,False,torch.bfloat16,torch.bfloat16,False,False,triton,0,0,9.5917,auto,0.0,223.89,1995.11
gfx950,256,128,8192,2048,False,torch.bfloat16,torch.bfloat16,False,False,triton,0,0,16.0441,auto,0.0,267.7,2254.78
gfx950,256,128,8192,3584,False,torch.bfloat16,torch.bfloat16,False,False,triton,0,0,25.3581,auto,0.0,296.4,2434.52
gfx950,256,128,8192,7168,False,torch.bfloat16,torch.bfloat16,False,False,asm,6,1,46.4994,_ZN5aiter37bf16gemm_fp32bf16_tn_64x64_pf3_splitkE,0.0,323.28,2610.2
gfx950,256,128,8192,8192,False,torch.bfloat16,torch.bfloat16,False,False,triton,0,0,51.0973,auto,0.0,336.22,2708.79
gfx950,256,128,8192,28672,False,torch.bfloat16,torch.bfloat16,False,False,torch,0,0,93.8503,native,0.0,640.7,5106.0
gfx950,256,256,8192,1024,False,torch.bfloat16,torch.bfloat16,False,False,flydsl,8249,1,10.0931,flydsl_gemm4_abf16_wbf16_bf16_t128x64x64_split_k1_block_m_warp2_block_n_warp4_block_k_warp1_async_copyTrue_b_to_ldsTrue_b_preshuffleFalse_c_to_ldsFalse_gfx950,0.0,425.53,2129.75
gfx950,256,256,8192,2048,False,torch.bfloat16,torch.bfloat16,False,False,triton,0,0,21.9273,auto,0.0,391.75,1769.36
gfx950,256,256,8192,3584,False,torch.bfloat16,torch.bfloat16,False,False,triton,0,0,35.5211,auto,0.0,423.2,1822.85
gfx950,256,256,8192,7168,False,torch.bfloat16,torch.bfloat16,False,False,triton,0,0,67.4176,auto,0.0,445.95,1858.64
gfx950,256,256,8192,8192,False,torch.bfloat16,torch.bfloat16,False,False,triton,0,0,75.099,auto,0.0,457.53,1898.91
gfx950,256,256,8192,28672,False,torch.bfloat16,torch.bfloat16,False,False,torch,0,0,127.1531,native,0.0,945.78,3842.9
gfx950,256,512,8192,1024,False,torch.bfloat16,torch.bfloat16,False,False,torch,0,0,15.0792,native,0.0,569.65,1738.45
gfx950,256,512,8192,2048,False,torch.bfloat16,torch.bfloat16,False,False,flydsl,8351,1,23.0668,flydsl_gemm4_abf16_wbf16_bf16_t128x128x64_split_k1_block_m_warp2_block_n_warp4_block_k_warp1_async_copyTrue_b_to_ldsTrue_b_preshuffleFalse_c_to_ldsFalse_gfx950,0.0,744.79,1909.25
gfx950,256,512,8192,3584,False,torch.bfloat16,torch.bfloat16,False,False,torch,0,0,47.7304,native,0.0,629.89,1482.89
gfx950,256,512,8192,7168,False,torch.bfloat16,torch.bfloat16,False,False,torch,0,0,86.5288,native,0.0,694.91,1539.02
gfx950,256,512,8192,8192,False,torch.bfloat16,torch.bfloat16,False,False,torch,0,0,93.0417,native,0.0,738.59,1622.87
gfx950,256,512,8192,28672,False,torch.bfloat16,torch.bfloat16,False,False,torch,0,0,258.8524,native,0.0,929.17,1960.62
gfx950,256,1024,8192,1024,False,torch.bfloat16,torch.bfloat16,False,False,torch,0,0,22.2765,native,0.0,771.21,1600.41
gfx950,256,1024,8192,2048,False,torch.bfloat16,torch.bfloat16,False,False,flydsl,5565,1,37.2489,flydsl_gemm3_abf16_wbf16_bf16_t256x128x64_split_k1_block_m_warp2_block_n_warp2_block_k_warp2_async_copyTrue_b_to_ldsTrue_b_preshuffleFalse_c_to_ldsFalse_gfx950,0.0034,922.44,1463.83
gfx950,256,1024,8192,3584,False,torch.bfloat16,torch.bfloat16,False,False,asm,10,1,72.7344,_ZN5aiter24bf16gemm_bf16_tn_256x256E,0.0,826.7,1138.9
gfx950,256,1024,8192,7168,False,torch.bfloat16,torch.bfloat16,False,False,asm,10,1,132.1089,_ZN5aiter24bf16gemm_bf16_tn_256x256E,0.0,910.3,1127.08
gfx950,256,1024,8192,8192,False,torch.bfloat16,torch.bfloat16,False,False,asm,10,1,149.1713,_ZN5aiter24bf16gemm_bf16_tn_256x256E,0.0,921.35,1124.69
gfx950,256,1024,8192,28672,False,torch.bfloat16,torch.bfloat16,False,False,asm,10,1,482.3198,_ZN5aiter24bf16gemm_bf16_tn_256x256E,0.0,997.34,1130.49
gfx950,256,2048,8192,1024,False,torch.bfloat16,torch.bfloat16,False,False,asm,10,1,32.55,_ZN5aiter24bf16gemm_bf16_tn_256x256E,0.0,1055.6,1675.14
gfx950,256,2048,8192,2048,False,torch.bfloat16,torch.bfloat16,False,False,torch,0,0,59.9947,native,0.0,1145.43,1258.4
gfx950,256,2048,8192,3584,False,torch.bfloat16,torch.bfloat16,False,False,asm,10,1,95.4106,_ZN5aiter24bf16gemm_bf16_tn_256x256E,0.0,1260.44,1120.99
gfx950,256,2048,8192,7168,False,torch.bfloat16,torch.bfloat16,False,False,asm,10,1,171.7077,_ZN5aiter24bf16gemm_bf16_tn_256x256E,0.0,1400.74,1050.36
gfx950,256,2048,8192,8192,False,torch.bfloat16,torch.bfloat16,False,False,asm,10,1,192.9439,_ZN5aiter24bf16gemm_bf16_tn_256x256E,0.0,1424.65,1043.45
gfx950,256,2048,8192,28672,False,torch.bfloat16,torch.bfloat16,False,False,asm,10,1,627.237,_ZN5aiter24bf16gemm_bf16_tn_256x256E,0.0,1533.83,989.67
gfx950,256,4096,8192,1024,False,torch.bfloat16,torch.bfloat16,False,False,asm,10,1,65.1781,_ZN5aiter24bf16gemm_bf16_tn_256x256E,0.0,1054.33,1415.73
gfx950,256,4096,8192,2048,False,torch.bfloat16,torch.bfloat16,False,False,torch,0,0,122.1564,native,0.0,1125.11,961.39
gfx950,256,4096,8192,3584,False,torch.bfloat16,torch.bfloat16,False,False,asm,10,1,177.8346,_ZN5aiter24bf16gemm_bf16_tn_256x256E,0.0,1352.48,872.66
gfx950,256,4096,8192,7168,False,torch.bfloat16,torch.bfloat16,False,False,asm,10,1,326.7272,_ZN5aiter24bf16gemm_bf16_tn_256x256E,0.0,1472.29,744.56
gfx950,256,4096,8192,8192,False,torch.bfloat16,torch.bfloat16,False,False,asm,10,1,366.8778,_ZN5aiter24bf16gemm_bf16_tn_256x256E,0.0,1498.47,731.68
gfx950,256,4096,8192,28672,False,torch.bfloat16,torch.bfloat16,False,False,asm,10,1,1246.8325,_ZN5aiter24bf16gemm_bf16_tn_256x256E,0.0,1543.23,618.97
gfx950,256,8192,8192,1024,False,torch.bfloat16,torch.bfloat16,False,False,asm,10,1,121.9167,_ZN5aiter24bf16gemm_bf16_tn_256x256E,0.0,1127.32,1376.12
gfx950,256,8192,8192,2048,False,torch.bfloat16,torch.bfloat16,False,False,torch,0,0,212.0553,native,0.0,1296.26,949.41
gfx950,256,8192,8192,3584,False,torch.bfloat16,torch.bfloat16,False,False,asm,10,1,337.4416,_ZN5aiter24bf16gemm_bf16_tn_256x256E,0.0,1425.54,745.78
gfx950,256,8192,8192,7168,False,torch.bfloat16,torch.bfloat16,False,False,asm,10,1,630.3348,_ZN5aiter24bf16gemm_bf16_tn_256x256E,0.0,1526.29,585.56
gfx950,256,8192,8192,8192,False,torch.bfloat16,torch.bfloat16,False,False,asm,10,1,688.6517,_ZN5aiter24bf16gemm_bf16_tn_256x256E,0.0,1596.61,584.7
gfx950,256,8192,8192,28672,False,torch.bfloat16,torch.bfloat16,False,False,asm,10,1,2497.3336,_ZN5aiter24bf16gemm_bf16_tn_256x256E,0.0,1540.96,429.96
gfx950,256,16384,8192,1024,False,torch.bfloat16,torch.bfloat16,False,False,asm,10,1,236.8495,_ZN5aiter24bf16gemm_bf16_tn_256x256E,0.0,1160.56,1345.86
gfx950,256,16384,8192,2048,False,torch.bfloat16,torch.bfloat16,False,False,torch,0,0,395.4457,native,0.0,1390.22,933.37
gfx950,256,16384,8192,3584,False,torch.bfloat16,torch.bfloat16,False,False,asm,10,1,657.6327,_ZN5aiter24bf16gemm_bf16_tn_256x256E,0.0,1462.93,676.06
gfx950,256,16384,8192,7168,False,torch.bfloat16,torch.bfloat16,False,False,asm,10,1,1244.7931,_ZN5aiter24bf16gemm_bf16_tn_256x256E,0.0,1545.76,498.68
gfx950,256,16384,8192,8192,False,torch.bfloat16,torch.bfloat16,False,False,asm,10,1,1410.2403,_ZN5aiter24bf16gemm_bf16_tn_256x256E,0.0,1559.33,475.87
gfx950,256,16384,8192,28672,False,torch.bfloat16,torch.bfloat16,False,False,asm,10,1,5002.769,_ZN5aiter24bf16gemm_bf16_tn_256x256E,0.0,1538.46,335.36
gfx950,256,32768,8192,1024,False,torch.bfloat16,torch.bfloat16,False,False,asm,10,1,463.0824,_ZN5aiter24bf16gemm_bf16_tn_256x256E,0.0,1187.17,1340.49
gfx950,256,32768,8192,2048,False,torch.bfloat16,torch.bfloat16,False,False,torch,0,0,778.9316,native,0.0,1411.56,904.63
gfx950,256,32768,8192,3584,False,torch.bfloat16,torch.bfloat16,False,False,asm,10,1,1300.2138,_ZN5aiter24bf16gemm_bf16_tn_256x256E,0.0,1479.87,638.72
gfx950,256,32768,8192,7168,False,torch.bfloat16,torch.bfloat16,False,False,asm,10,1,2489.0786,_ZN5aiter24bf16gemm_bf16_tn_256x256E,0.0,1546.07,451.6
gfx950,256,32768,8192,8192,False,torch.bfloat16,torch.bfloat16,False,False,asm,10,1,2825.562,_ZN5aiter24bf16gemm_bf16_tn_256x256E,0.0,1556.52,427.51
gfx950,256,32768,8192,28672,False,torch.bfloat16,torch.bfloat16,False,False,asm,10,1,10090.83,_ZN5aiter24bf16gemm_bf16_tn_256x256E,0.0,1525.46,285.97
gfx950,256,1,10240,8192,False,torch.bfloat16,torch.bfloat16,False,False,torch,0,0,33.5535,native,0.0,5.0,5001.24
gfx950,256,16,10240,8192,False,torch.bfloat16,torch.bfloat16,False,False,torch,0,0,34.4974,native,0.0,77.81,4880.43
gfx950,256,32,10240,8192,False,torch.bfloat16,torch.bfloat16,False,False,triton,0,0,39.5825,auto,0.0,135.63,4268.35
gfx950,256,64,10240,8192,False,torch.bfloat16,torch.bfloat16,False,False,torch,0,0,38.9211,native,0.0,275.88,4371.19
gfx950,256,128,10240,8192,False,torch.bfloat16,torch.bfloat16,False,False,triton,0,0,69.083,auto,0.0,310.86,2496.86
gfx950,256,256,10240,8192,False,torch.bfloat16,torch.bfloat16,False,False,torch,0,0,64.46,native,0.0,666.3,2749.14
gfx950,256,512,10240,8192,False,torch.bfloat16,torch.bfloat16,False,False,flydsl,5567,1,112.7552,flydsl_gemm3_abf16_wbf16_bf16_t256x128x64_split_k1_block_m_warp2_block_n_warp4_block_k_warp1_async_copyTrue_b_to_ldsTrue_b_preshuffleFalse_c_to_ldsFalse_gfx950,0.0,761.82,1655.33
gfx950,256,1024,10240,8192,False,torch.bfloat16,torch.bfloat16,False,False,asm,10,1,156.5017,_ZN5aiter24bf16gemm_bf16_tn_256x256E,0.0,1097.74,1313.22
gfx950,256,2048,10240,8192,False,torch.bfloat16,torch.bfloat16,False,False,asm,10,1,314.5911,_ZN5aiter24bf16gemm_bf16_tn_256x256E,0.0,1092.2,773.29
gfx950,256,4096,10240,8192,False,torch.bfloat16,torch.bfloat16,False,False,asm,10,1,507.5975,_ZN5aiter24bf16gemm_bf16_tn_256x256E,0.0,1353.82,627.99
gfx950,256,8192,10240,8192,False,torch.bfloat16,torch.bfloat16,False,False,asm,10,1,973.6448,_ZN5aiter24bf16gemm_bf16_tn_256x256E,0.0,1411.59,482.48
gfx950,256,16384,10240,8192,False,torch.bfloat16,torch.bfloat16,False,False,asm,10,1,1927.7017,_ZN5aiter24bf16gemm_bf16_tn_256x256E,0.0,1425.94,400.35
gfx950,256,32768,10240,8192,False,torch.bfloat16,torch.bfloat16,False,False,asm,10,1,3846.6163,_ZN5aiter24bf16gemm_bf16_tn_256x256E,0.0,1429.19,357.65
gfx950,256,1,14336,8192,False,torch.bfloat16,torch.bfloat16,False,False,torch,0,0,41.224,native,0.0,5.7,5698.77
gfx950,256,16,14336,8192,False,torch.bfloat16,torch.bfloat16,False,False,triton,0,0,41.3701,auto,0.0,90.84,5694.98
gfx950,256,32,14336,8192,False,torch.bfloat16,torch.bfloat16,False,False,triton,0,0,43.433,auto,0.0,173.05,5441.09
gfx950,256,64,14336,8192,False,torch.bfloat16,torch.bfloat16,False,False,asm,6,1,59.5058,_ZN5aiter37bf16gemm_fp32bf16_tn_64x64_pf3_splitkE,0.0,252.62,3995.65
gfx950,256,128,14336,8192,False,torch.bfloat16,torch.bfloat16,False,False,triton,0,0,77.6763,auto,0.0,387.05,3098.09
gfx950,256,256,14336,8192,False,torch.bfloat16,torch.bfloat16,False,False,flydsl,8349,1,84.4459,flydsl_gemm4_abf16_wbf16_bf16_t128x128x64_split_k1_block_m_warp2_block_n_warp2_block_k_warp2_async_copyTrue_b_to_ldsTrue_b_preshuffleFalse_c_to_ldsFalse_gfx950,0.0063,712.05,2918.03
gfx950,256,512,14336,8192,False,torch.bfloat16,torch.bfloat16,False,False,asm,10,1,147.9651,_ZN5aiter24bf16gemm_bf16_tn_256x256E,0.0,812.75,1743.31
gfx950,256,1024,14336,8192,False,torch.bfloat16,torch.bfloat16,False,False,asm,10,1,183.6583,_ZN5aiter24bf16gemm_bf16_tn_256x256E,0.0,1309.6,1530.12
gfx950,256,2048,14336,8192,False,torch.bfloat16,torch.bfloat16,False,False,asm,10,1,344.2741,_ZN5aiter24bf16gemm_bf16_tn_256x256E,0.0,1397.25,950.28
gfx950,256,4096,14336,8192,False,torch.bfloat16,torch.bfloat16,False,False,asm,10,1,672.6336,_ZN5aiter24bf16gemm_bf16_tn_256x256E,0.0,1430.31,623.56
gfx950,256,8192,14336,8192,False,torch.bfloat16,torch.bfloat16,False,False,asm,10,1,1250.6163,_ZN5aiter24bf16gemm_bf16_tn_256x256E,0.0,1538.56,482.95
gfx950,256,16384,14336,8192,False,torch.bfloat16,torch.bfloat16,False,False,asm,10,1,2489.7903,_ZN5aiter24bf16gemm_bf16_tn_256x256E,0.0,1545.63,390.83
gfx950,256,32768,14336,8192,False,torch.bfloat16,torch.bfloat16,False,False,asm,10,1,4995.7199,_ZN5aiter24bf16gemm_bf16_tn_256x256E,0.0,1540.64,342.55
gfx950,256,1,57344,8192,False,torch.bfloat16,torch.bfloat16,False,False,triton,0,0,161.0117,auto,0.0,5.84,5835.94
gfx950,256,16,57344,8192,False,torch.bfloat16,torch.bfloat16,False,False,triton,0,0,155.7742,auto,0.0,96.5,6044.78
gfx950,256,32,57344,8192,False,torch.bfloat16,torch.bfloat16,False,False,triton,0,0,165.8506,auto,0.0,181.28,5690.17
gfx950,256,64,57344,8192,False,torch.bfloat16,torch.bfloat16,False,False,torch,0,0,146.1978,native,0.0,411.29,6483.77
gfx950,256,128,57344,8192,False,torch.bfloat16,torch.bfloat16,False,False,torch,0,0,155.1866,native,0.0,774.93,6162.27
gfx950,256,256,57344,8192,False,torch.bfloat16,torch.bfloat16,False,False,asm,10,1,219.6217,_ZN5aiter24bf16gemm_bf16_tn_256x256E,0.0,1095.15,4430.7
gfx950,256,512,57344,8192,False,torch.bfloat16,torch.bfloat16,False,False,asm,10,1,381.9333,_ZN5aiter24bf16gemm_bf16_tn_256x256E,0.0,1259.48,2635.63
gfx950,256,1024,57344,8192,False,torch.bfloat16,torch.bfloat16,False,False,asm,10,1,693.4583,_ZN5aiter24bf16gemm_bf16_tn_256x256E,0.0,1387.35,1548.39
gfx950,256,2048,57344,8192,False,torch.bfloat16,torch.bfloat16,False,False,asm,10,1,1276.0101,_ZN5aiter24bf16gemm_bf16_tn_256x256E,0.0,1507.94,946.67
gfx950,256,4096,57344,8192,False,torch.bfloat16,torch.bfloat16,False,False,asm,10,1,2510.3525,_ZN5aiter24bf16gemm_bf16_tn_256x256E,0.0,1532.97,588.12
gfx950,256,8192,57344,8192,False,torch.bfloat16,torch.bfloat16,False,False,asm,10,1,5008.9325,_ZN5aiter24bf16gemm_bf16_tn_256x256E,0.0,1536.57,401.94
gfx950,256,16384,57344,8192,False,torch.bfloat16,torch.bfloat16,False,False,asm,10,1,10204.9796,_ZN5aiter24bf16gemm_bf16_tn_256x256E,0.0,1508.4,302.5
gfx950,256,32768,57344,8192,False,torch.bfloat16,torch.bfloat16,False,False,asm,10,1,21168.2097,_ZN5aiter24bf16gemm_bf16_tn_256x256E,0.0,1454.37,247.28
gfx942,80,64,192,1024,False,torch.bfloat16,torch.bfloat16,False,False,opus,10300,0,4.2782,opus_gemm_gfx942_wkc_512x16x16x64_1x1_16x16x16_0x0x0,0.0,5.88,128.29
gfx942,80,1,1280,8192,False,torch.bfloat16,torch.bfloat16,False,False,opus,10300,0,12.9122,opus_gemm_gfx942_wkc_512x16x16x64_1x1_16x16x16_0x0x0,0.0,1.62,1625.63
gfx950,256,1,2304,6144,False,torch.bfloat16,torch.bfloat16,False,False,flydsl,2600,6,7.632,flydsl_gemm3_abf16_wbf16_bf16_t16x64x128_split_k6_block_m_warp1_block_n_warp2_block_k_warp1_async_copyTrue_b_to_ldsTrue_b_preshuffleFalse_c_to_ldsFalse_gfx950,0.0135,3.71,3711.8
gfx950,256,1,2560,6144,False,torch.bfloat16,torch.bfloat16,False,False,flydsl,7470,6,8.153,flydsl_gemm8_abf16_wbf16_bf16_t16x64x64_split_k6_block_m_warp1_block_n_warp1_block_k_warp1_async_copyTrue_b_to_ldsTrue_b_preshuffleFalse_c_to_ldsFalse_gfx950,0.0148,3.86,3860.5
gfx950,256,1,6144,2048,False,torch.bfloat16,torch.bfloat16,False,False,flydsl,4016,2,6.9232,flydsl_gemm7_abf16_wbf16_bf16_t16x64x64_split_k2_block_m_warp1_block_n_warp1_block_k_warp2_async_copyTrue_b_to_ldsTrue_b_preshuffleFalse_c_to_ldsFalse_gfx950,0.0076,3.63,3637.37
gfx950,256,1,6144,4608,False,torch.bfloat16,torch.bfloat16,False,False,flydsl,6707,2,11.2657,flydsl_gemm6_abf16_wbf16_bf16_t16x64x64_split_k2_block_m_warp1_block_n_warp2_block_k_warp1_async_copyTrue_b_to_ldsTrue_b_preshuffleFalse_c_to_ldsFalse_gfx950,0.005,5.03,5028.06
gfx950,256,1,6144,12288,False,torch.bfloat16,torch.bfloat16,False,False,flydsl,2528,4,27.7247,flydsl_gemm3_abf16_wbf16_bf16_t16x128x128_split_k4_block_m_warp1_block_n_warp4_block_k_warp1_async_copyTrue_b_to_ldsTrue_b_preshuffleFalse_c_to_ldsFalse_gfx950,0.0146,5.45,5447.55
gfx950,256,1,6144,18432,False,torch.bfloat16,torch.bfloat16,False,False,flydsl,7279,2,38.7122,flydsl_gemm6_abf16_wbf16_bf16_t16x64x128_split_k2_block_m_warp1_block_n_warp1_block_k_warp2_async_copyTrue_b_to_ldsTrue_b_preshuffleFalse_c_to_ldsFalse_gfx950,0.0161,5.85,5851.94
gfx950,256,1,9216,6144,False,torch.bfloat16,torch.bfloat16,False,False,flydsl,35,6,21.2801,flydsl_gemm2_abf16_wbf16_bf16_t16x128x128_split_k6_block_m_warp1_block_n_warp4_block_k_warp1_async_copyTrue_b_to_ldsTrue_b_preshuffleFalse_c_to_ldsFalse_gfx950,0.0179,5.32,5323.14
gfx950,256,1,50016,6144,False,torch.bfloat16,torch.bfloat16,False,False,triton,0,0,102.3889,auto,0.0,6.0,6003.67
gfx950,256,2,2304,6144,False,torch.bfloat16,torch.bfloat16,False,False,flydsl,2600,6,7.7182,flydsl_gemm3_abf16_wbf16_bf16_t16x64x128_split_k6_block_m_warp1_block_n_warp2_block_k_warp1_async_copyTrue_b_to_ldsTrue_b_preshuffleFalse_c_to_ldsFalse_gfx950,0.0135,7.34,3672.53
gfx950,256,2,2560,6144,False,torch.bfloat16,torch.bfloat16,False,False,flydsl,7038,6,8.3745,flydsl_gemm7_abf16_wbf16_bf16_t16x64x64_split_k6_block_m_warp1_block_n_warp2_block_k_warp1_async_copyTrue_b_to_ldsTrue_b_preshuffleFalse_c_to_ldsFalse_gfx950,0.0133,7.51,3760.47
gfx950,256,2,6144,2048,False,torch.bfloat16,torch.bfloat16,False,False,flydsl,3653,2,7.0945,flydsl_gemm6_abf16_wbf16_bf16_t16x64x64_split_k2_block_m_warp1_block_n_warp2_block_k_warp1_async_copyTrue_b_to_ldsTrue_b_preshuffleFalse_c_to_ldsFalse_gfx950,0.0027,7.09,3551.85
gfx950,256,2,6144,4608,False,torch.bfloat16,torch.bfloat16,False,False,flydsl,7384,4,11.8387,flydsl_gemm7_abf16_wbf16_bf16_t16x128x64_split_k4_block_m_warp1_block_n_warp2_block_k_warp1_async_copyTrue_b_to_ldsTrue_b_preshuffleFalse_c_to_ldsFalse_gfx950,0.0116,9.57,4786.51
gfx950,256,2,6144,12288,False,torch.bfloat16,torch.bfloat16,False,False,flydsl,4222,4,27.8445,flydsl_gemm4_abf16_wbf16_bf16_t16x128x128_split_k4_block_m_warp1_block_n_warp4_block_k_warp1_async_copyTrue_b_to_ldsTrue_b_preshuffleFalse_c_to_ldsFalse_gfx950,0.0144,10.85,5425.44
gfx950,256,2,6144,18432,False,torch.bfloat16,torch.bfloat16,False,False,flydsl,4895,2,38.8141,flydsl_gemm4_abf16_wbf16_bf16_t16x64x128_split_k2_block_m_warp1_block_n_warp1_block_k_warp2_async_copyTrue_b_to_ldsTrue_b_preshuffleFalse_c_to_ldsFalse_gfx950,0.0155,11.67,5837.85
gfx950,256,2,9216,6144,False,torch.bfloat16,torch.bfloat16,False,False,flydsl,35,6,21.5288,flydsl_gemm2_abf16_wbf16_bf16_t16x128x128_split_k6_block_m_warp1_block_n_warp4_block_k_warp1_async_copyTrue_b_to_ldsTrue_b_preshuffleFalse_c_to_ldsFalse_gfx950,0.0178,10.52,5263.07
gfx950,256,2,50016,6144,False,torch.bfloat16,torch.bfloat16,False,False,triton,0,0,103.0938,auto,0.0,11.92,5963.71
gfx950,256,4,2304,6144,False,torch.bfloat16,torch.bfloat16,False,False,flydsl,2600,6,8.0303,flydsl_gemm3_abf16_wbf16_bf16_t16x64x128_split_k6_block_m_warp1_block_n_warp2_block_k_warp1_async_copyTrue_b_to_ldsTrue_b_preshuffleFalse_c_to_ldsFalse_gfx950,0.0157,14.1,3534.01
gfx950,256,4,2560,6144,False,torch.bfloat16,torch.bfloat16,False,False,flydsl,6401,6,8.3749,flydsl_gemm6_abf16_wbf16_bf16_t16x64x64_split_k6_block_m_warp1_block_n_warp2_block_k_warp1_async_copyTrue_b_to_ldsTrue_b_preshuffleFalse_c_to_ldsFalse_gfx950,0.0154,15.02,3764.45
gfx950,256,4,6144,2048,False,torch.bfloat16,torch.bfloat16,False,False,flydsl,2449,2,7.263,flydsl_gemm4_abf16_wbf16_bf16_t16x64x128_split_k2_block_m_warp1_block_n_warp2_block_k_warp1_async_copyTrue_b_to_ldsTrue_b_preshuffleFalse_c_to_ldsFalse_gfx950,0.0029,13.86,3473.96
gfx950,256,4,6144,4608,False,torch.bfloat16,torch.bfloat16,False,False,flydsl,7915,2,11.6443,flydsl_gemm8_abf16_wbf16_bf16_t16x64x64_split_k2_block_m_warp1_block_n_warp1_block_k_warp2_async_copyTrue_b_to_ldsTrue_b_preshuffleFalse_c_to_ldsFalse_gfx950,0.0121,19.45,4870.12
gfx950,256,4,6144,12288,False,torch.bfloat16,torch.bfloat16,False,False,flydsl,2528,4,27.9453,flydsl_gemm3_abf16_wbf16_bf16_t16x128x128_split_k4_block_m_warp1_block_n_warp4_block_k_warp1_async_copyTrue_b_to_ldsTrue_b_preshuffleFalse_c_to_ldsFalse_gfx950,0.0144,21.61,5408.51
gfx950,256,4,6144,18432,False,torch.bfloat16,torch.bfloat16,False,False,flydsl,6319,2,38.9574,flydsl_gemm5_abf16_wbf16_bf16_t16x64x128_split_k2_block_m_warp1_block_n_warp1_block_k_warp2_async_copyTrue_b_to_ldsTrue_b_preshuffleFalse_c_to_ldsFalse_gfx950,0.0165,23.26,5818.9
gfx950,256,4,9216,6144,False,torch.bfloat16,torch.bfloat16,False,False,flydsl,35,6,21.9301,flydsl_gemm2_abf16_wbf16_bf16_t16x128x128_split_k6_block_m_warp1_block_n_warp4_block_k_warp1_async_copyTrue_b_to_ldsTrue_b_preshuffleFalse_c_to_ldsFalse_gfx950,0.017,20.66,5169.57
gfx950,256,4,50016,6144,False,torch.bfloat16,torch.bfloat16,False,False,triton,0,0,103.6984,auto,0.0,23.71,5931.1
gfx950,256,8,2304,6144,False,torch.bfloat16,torch.bfloat16,False,False,flydsl,7472,6,8.1056,flydsl_gemm8_abf16_wbf16_bf16_t16x64x64_split_k6_block_m_warp1_block_n_warp2_block_k_warp1_async_copyTrue_b_to_ldsTrue_b_preshuffleFalse_c_to_ldsFalse_gfx950,0.0186,27.94,3509.51
gfx950,256,8,2560,6144,False,torch.bfloat16,torch.bfloat16,False,False,flydsl,7038,6,8.636,flydsl_gemm7_abf16_wbf16_bf16_t16x64x64_split_k6_block_m_warp1_block_n_warp2_block_k_warp1_async_copyTrue_b_to_ldsTrue_b_preshuffleFalse_c_to_ldsFalse_gfx950,0.0173,29.14,3658.7
gfx950,256,8,6144,2048,False,torch.bfloat16,torch.bfloat16,False,False,triton,0,0,7.3991,auto,0.0,27.21,3418.92
gfx950,256,8,6144,4608,False,torch.bfloat16,torch.bfloat16,False,False,flydsl,7423,2,12.4128,flydsl_gemm7_abf16_wbf16_bf16_t16x64x64_split_k2_block_m_warp1_block_n_warp2_block_k_warp1_async_copyTrue_b_to_ldsTrue_b_preshuffleFalse_c_to_ldsFalse_gfx950,0.0049,36.49,4575.53
gfx950,256,8,6144,6144,False,torch.bfloat16,torch.bfloat16,False,False,flydsl,5531,2,15.176,flydsl_gemm5_abf16_wbf16_bf16_t16x64x128_split_k2_block_m_warp1_block_n_warp2_block_k_warp1_async_copyTrue_b_to_ldsTrue_b_preshuffleFalse_c_to_ldsFalse_gfx950,0.0058,39.8,4987.75
gfx950,256,8,6144,12288,False,torch.bfloat16,torch.bfloat16,False,False,flydsl,2528,4,28.316,flydsl_gemm3_abf16_wbf16_bf16_t16x128x128_split_k4_block_m_warp1_block_n_warp4_block_k_warp1_async_copyTrue_b_to_ldsTrue_b_preshuffleFalse_c_to_ldsFalse_gfx950,0.0154,42.66,5342.91
gfx950,256,8,6144,18432,False,torch.bfloat16,torch.bfloat16,False,False,flydsl,4896,2,39.0567,flydsl_gemm4_abf16_wbf16_bf16_t16x64x128_split_k2_block_m_warp1_block_n_warp2_block_k_warp1_async_copyTrue_b_to_ldsTrue_b_preshuffleFalse_c_to_ldsFalse_gfx950,0.0076,46.39,5809.13
gfx950,256,8,9216,6144,False,torch.bfloat16,torch.bfloat16,False,False,flydsl,32,6,22.9846,flydsl_gemm2_abf16_wbf16_bf16_t16x128x128_split_k6_block_m_warp1_block_n_warp1_block_k_warp4_async_copyTrue_b_to_ldsTrue_b_preshuffleFalse_c_to_ldsFalse_gfx950,0.0325,39.42,4937.74
gfx950,256,8,50016,6144,False,torch.bfloat16,torch.bfloat16,False,False,triton,0,0,104.5808,auto,0.0,47.01,5885.36
gfx950,256,16,2304,6144,False,torch.bfloat16,torch.bfloat16,False,False,flydsl,7472,6,8.6242,flydsl_gemm8_abf16_wbf16_bf16_t16x64x64_split_k6_block_m_warp1_block_n_warp2_block_k_warp1_async_copyTrue_b_to_ldsTrue_b_preshuffleFalse_c_to_ldsFalse_gfx950,0.0171,52.52,3314.15
gfx950,256,16,2560,6144,False,torch.bfloat16,torch.bfloat16,False,False,flydsl,4294,6,9.4844,flydsl_gemm4_abf16_wbf16_bf16_t16x64x128_split_k6_block_m_warp1_block_n_warp2_block_k_warp1_async_copyTrue_b_to_ldsTrue_b_preshuffleFalse_c_to_ldsFalse_gfx950,0.0175,53.07,3346.11
gfx950,256,16,6144,2048,False,torch.bfloat16,torch.bfloat16,False,False,triton,0,0,7.9217,auto,0.0,50.83,3209.91
gfx950,256,16,6144,4608,False,torch.bfloat16,torch.bfloat16,False,False,flydsl,4401,2,12.6048,flydsl_gemm4_abf16_wbf16_bf16_t16x64x128_split_k2_block_m_warp1_block_n_warp2_block_k_warp1_async_copyTrue_b_to_ldsTrue_b_preshuffleFalse_c_to_ldsFalse_gfx950,0.005,71.87,4519.48
gfx950,256,16,6144,12288,False,torch.bfloat16,torch.bfloat16,False,False,flydsl,2528,4,29.2579,flydsl_gemm3_abf16_wbf16_bf16_t16x128x128_split_k4_block_m_warp1_block_n_warp4_block_k_warp1_async_copyTrue_b_to_ldsTrue_b_preshuffleFalse_c_to_ldsFalse_gfx950,0.0149,82.57,5180.99
gfx950,256,16,6144,18432,False,torch.bfloat16,torch.bfloat16,False,False,flydsl,2983,2,39.9249,flydsl_gemm3_abf16_wbf16_bf16_t16x64x256_split_k2_block_m_warp1_block_n_warp1_block_k_warp2_async_copyTrue_b_to_ldsTrue_b_preshuffleFalse_c_to_ldsFalse_gfx950,0.0167,90.77,5692.66
gfx950,256,16,9216,6144,False,torch.bfloat16,torch.bfloat16,False,False,flydsl,4210,2,24.4916,flydsl_gemm4_abf16_wbf16_bf16_t16x128x128_split_k2_block_m_warp1_block_n_warp4_block_k_warp1_async_copyTrue_b_to_ldsTrue_b_preshuffleFalse_c_to_ldsFalse_gfx950,0.0054,73.98,4643.95
gfx950,256,16,50016,6144,False,torch.bfloat16,torch.bfloat16,False,False,triton,0,0,109.9794,auto,0.0,89.41,5604.63
gfx950,256,32,2304,6144,False,torch.bfloat16,torch.bfloat16,False,False,flydsl,7589,6,10.1809,flydsl_gemm8_abf16_wbf16_bf16_t32x64x64_split_k6_block_m_warp1_block_n_warp4_block_k_warp1_async_copyTrue_b_to_ldsTrue_b_preshuffleFalse_c_to_ldsFalse_gfx950,0.0172,88.99,2833.96
gfx950,256,32,2560,6144,False,torch.bfloat16,torch.bfloat16,False,False,flydsl,5533,3,10.4483,flydsl_gemm5_abf16_wbf16_bf16_t16x64x128_split_k3_block_m_warp1_block_n_warp1_block_k_warp2_async_copyTrue_b_to_ldsTrue_b_preshuffleFalse_c_to_ldsFalse_gfx950,0.0175,96.34,3064.07
gfx950,256,32,6144,2048,False,torch.bfloat16,torch.bfloat16,False,False,triton,0,0,8.173,auto,0.0,98.53,3143.29
gfx950,256,32,6144,4608,False,torch.bfloat16,torch.bfloat16,False,False,triton,0,0,14.4783,auto,0.0,125.15,3958.42
gfx950,256,32,6144,12288,False,torch.bfloat16,torch.bfloat16,False,False,flydsl,2714,4,31.9239,flydsl_gemm3_abf16_wbf16_bf16_t32x128x128_split_k4_block_m_warp2_block_n_warp2_block_k_warp2_async_copyTrue_b_to_ldsTrue_b_preshuffleFalse_c_to_ldsFalse_gfx950,0.0228,151.35,4766.79
gfx950,256,32,6144,18432,False,torch.bfloat16,torch.bfloat16,False,False,flydsl,3375,2,43.3481,flydsl_gemm3_abf16_wbf16_bf16_t32x64x256_split_k2_block_m_warp1_block_n_warp4_block_k_warp1_async_copyTrue_b_to_ldsTrue_b_preshuffleFalse_c_to_ldsFalse_gfx950,0.0077,167.2,5261.25
gfx950,256,32,9216,6144,False,torch.bfloat16,torch.bfloat16,False,False,flydsl,4282,1,27.1169,flydsl_gemm4_abf16_wbf16_bf16_t16x64x128_split_k1_block_m_warp1_block_n_warp2_block_k_warp1_async_copyTrue_b_to_ldsTrue_b_preshuffleFalse_c_to_ldsFalse_gfx950,0.0,133.64,4212.47
gfx950,256,32,50016,6144,False,torch.bfloat16,torch.bfloat16,False,False,triton,0,0,119.3278,auto,0.0,164.82,5180.61
gfx950,256,64,2304,6144,False,torch.bfloat16,torch.bfloat16,False,False,flydsl,4947,4,13.0628,flydsl_gemm3_abf16_wbf16_bf16_t64x64x128_split_k4_block_m_warp4_block_n_warp1_block_k_warp1_async_copyTrue_b_to_ldsTrue_b_preshuffleFalse_c_to_ldsFalse_gfx950,0.013,138.71,2250.12
gfx950,256,64,2560,6144,False,torch.bfloat16,torch.bfloat16,False,False,flydsl,6160,3,12.8967,flydsl_gemm4_abf16_wbf16_bf16_t32x64x128_split_k3_block_m_warp2_block_n_warp2_block_k_warp1_async_copyTrue_b_to_ldsTrue_b_preshuffleFalse_c_to_ldsFalse_gfx950,0.0101,156.11,2525.56
gfx950,256,64,6144,2048,False,torch.bfloat16,torch.bfloat16,False,False,flydsl,3508,1,9.6728,flydsl_gemm4_abf16_wbf16_bf16_t32x64x128_split_k1_block_m_warp2_block_n_warp2_block_k_warp1_async_copyTrue_b_to_ldsTrue_b_preshuffleFalse_c_to_ldsFalse_gfx950,0.0,166.51,2710.11
gfx950,256,64,6144,4608,False,torch.bfloat16,torch.bfloat16,False,False,triton,0,0,18.2873,auto,0.0,198.16,3171.56
gfx950,256,64,6144,12288,False,torch.bfloat16,torch.bfloat16,False,False,torch,0,0,36.9248,native,0.0,261.71,4153.15
gfx950,256,64,6144,18432,False,torch.bfloat16,torch.bfloat16,False,False,torch,0,0,47.3602,native,0.0,306.07,4848.76
gfx950,256,64,9216,6144,False,torch.bfloat16,torch.bfloat16,False,False,flydsl,4166,1,30.8581,flydsl_gemm3_abf16_wbf16_bf16_t32x64x128_split_k1_block_m_warp2_block_n_warp1_block_k_warp1_async_copyTrue_b_to_ldsTrue_b_preshuffleFalse_c_to_ldsFalse_gfx950,0.0,234.87,3733.62
gfx950,256,64,50016,6144,False,torch.bfloat16,torch.bfloat16,False,False,torch,0,0,127.4985,native,0.0,308.51,4876.8
gfx950,256,128,2304,6144,False,torch.bfloat16,torch.bfloat16,False,False,asm,5,3,17.5597,_ZN5aiter39bf16gemm_fp32bf16_tn_64x64_splitk_cleanE,0.0101,206.37,1735.46
gfx950,256,128,2560,6144,False,torch.bfloat16,torch.bfloat16,False,False,asm,5,3,18.2592,_ZN5aiter39bf16gemm_fp32bf16_tn_64x64_splitk_cleanE,0.0101,220.52,1844.85
gfx950,256,128,6144,2048,False,torch.bfloat16,torch.bfloat16,False,False,flydsl,4892,1,11.2883,flydsl_gemm5_abf16_wbf16_bf16_t64x64x128_split_k1_block_m_warp4_block_n_warp2_block_k_warp1_async_copyTrue_b_to_ldsTrue_b_preshuffleFalse_c_to_ldsFalse_gfx950,0.0,285.36,2415.15
gfx950,256,128,6144,4608,False,torch.bfloat16,torch.bfloat16,False,False,flydsl,7460,1,22.7009,flydsl_gemm4_abf16_wbf16_bf16_t48x64x64_split_k1_block_m_warp1_block_n_warp2_block_k_warp1_async_copyTrue_b_to_ldsTrue_b_preshuffleFalse_c_to_ldsFalse_gfx950,0.0,319.27,2615.56
gfx950,256,128,6144,12288,False,torch.bfloat16,torch.bfloat16,False,False,torch,0,0,42.7609,native,0.0,451.99,3641.49
gfx950,256,128,6144,18432,False,torch.bfloat16,torch.bfloat16,False,False,torch,0,0,54.4478,native,0.0,532.46,4275.36
gfx950,256,128,9216,6144,False,torch.bfloat16,torch.bfloat16,False,False,torch,0,0,37.9916,native,0.0,381.55,3084.32
gfx950,256,128,50016,6144,False,torch.bfloat16,torch.bfloat16,False,False,torch,0,0,144.8803,native,0.0,542.99,4341.33
gfx950,256,196,128,6144,False,torch.bfloat16,torch.bfloat16,False,False,flydsl,8784,8,6.6515,flydsl_gemm8_abf16_wbf16_bf16_t16x64x64_split_k8_block_m_warp1_block_n_warp2_block_k_warp1_async_copyTrue_b_to_ldsTrue_b_preshuffleFalse_c_to_ldsFalse_gfx950,0.0213,46.35,606.1
gfx950,256,196,2304,6144,False,torch.bfloat16,torch.bfloat16,False,False,flydsl,6895,1,20.0019,flydsl_gemm4_abf16_wbf16_bf16_t32x64x128_split_k1_block_m_warp1_block_n_warp4_block_k_warp1_async_copyTrue_b_to_ldsTrue_b_preshuffleFalse_c_to_ldsFalse_gfx950,0.0,277.43,1581.01
gfx950,256,196,2560,6144,False,torch.bfloat16,torch.bfloat16,False,False,asm,7,2,23.4609,_ZN5aiter39bf16gemm_fp32bf16_tn_80x64_splitk_cleanE,0.0058,262.8,1486.27
gfx950,256,196,6144,2048,False,torch.bfloat16,torch.bfloat16,False,False,flydsl,2244,1,14.2707,flydsl_gemm3_abf16_wbf16_bf16_t128x64x128_split_k1_block_m_warp2_block_n_warp4_block_k_warp2_async_copyTrue_b_to_ldsTrue_b_preshuffleFalse_c_to_ldsFalse_gfx950,0.0034,345.64,1988.49
gfx950,256,196,6144,3072,False,torch.bfloat16,torch.bfloat16,False,False,flydsl,3874,1,19.7757,flydsl_gemm3_abf16_wbf16_bf16_t128x64x128_split_k1_block_m_warp2_block_n_warp4_block_k_warp2_async_copyTrue_b_to_ldsTrue_b_preshuffleFalse_c_to_ldsFalse_gfx950,0.0042,374.13,2091.53
gfx950,256,196,6144,4608,False,torch.bfloat16,torch.bfloat16,False,False,flydsl,4077,1,27.9519,flydsl_gemm3_abf16_wbf16_bf16_t128x64x128_split_k1_block_m_warp4_block_n_warp2_block_k_warp2_async_copyTrue_b_to_ldsTrue_b_preshuffleFalse_c_to_ldsFalse_gfx950,0.0052,397.04,2176.52
gfx950,256,196,6144,6144,False,torch.bfloat16,torch.bfloat16,False,False,flydsl,3938,1,36.9808,flydsl_gemm3_abf16_wbf16_bf16_t128x64x128_split_k1_block_m_warp2_block_n_warp4_block_k_warp2_async_copyTrue_b_to_ldsTrue_b_preshuffleFalse_c_to_ldsFalse_gfx950,0.0057,400.14,2171.79
gfx950,256,196,6144,12288,False,torch.bfloat16,torch.bfloat16,False,False,torch,0,0,61.3591,native,0.0,482.32,2578.6
gfx950,256,196,6144,18432,False,torch.bfloat16,torch.bfloat16,False,False,torch,0,0,74.969,native,0.0,592.14,3149.65
gfx950,256,196,9216,6144,False,torch.bfloat16,torch.bfloat16,False,False,torch,0,0,47.5847,native,0.0,466.46,2506.42
gfx950,256,196,50016,6144,False,torch.bfloat16,torch.bfloat16,False,False,opus,9,0,168.0445,opus_gemm_512x256x256x64_2x4_16x16x32_0x0x0,0.0,716.84,3788.35
gfx950,256,256,2304,6144,False,torch.bfloat16,torch.bfloat16,False,False,torch,0,0,24.5201,native,0.0,295.58,1331.03
gfx950,256,256,2560,6144,False,torch.bfloat16,torch.bfloat16,False,False,asm,8,2,25.3391,_ZN5aiter39bf16gemm_fp32bf16_tn_96x64_splitk_cleanE,0.0057,317.81,1417.32
gfx950,256,256,6144,2048,False,torch.bfloat16,torch.bfloat16,False,False,flydsl,4440,1,15.1609,flydsl_gemm4_abf16_wbf16_bf16_t96x64x64_split_k1_block_m_warp2_block_n_warp2_block_k_warp1_async_copyTrue_b_to_ldsTrue_b_preshuffleFalse_c_to_ldsFalse_gfx950,0.0,424.94,1936.57
gfx950,256,256,6144,4608,False,torch.bfloat16,torch.bfloat16,False,False,torch,0,0,30.1422,native,0.0,480.9,2061.17
gfx950,256,256,6144,12288,False,torch.bfloat16,torch.bfloat16,False,False,flydsl,7773,1,78.8468,flydsl_gemm4_abf16_wbf16_bf16_t96x64x64_split_k1_block_m_warp2_block_n_warp2_block_k_warp1_async_copyTrue_b_to_ldsTrue_b_preshuffleFalse_c_to_ldsFalse_gfx950,0.0,490.25,2034.73
gfx950,256,256,6144,18432,False,torch.bfloat16,torch.bfloat16,False,False,torch,0,0,86.3833,native,0.0,671.22,2767.61
gfx950,256,256,9216,6144,False,torch.bfloat16,torch.bfloat16,False,False,torch,0,0,51.8722,native,0.0,558.89,2334.79
gfx950,256,256,50016,6144,False,torch.bfloat16,torch.bfloat16,False,False,torch,0,0,168.7337,native,0.0,932.46,3812.82
gfx950,256,320,128,6144,False,torch.bfloat16,torch.bfloat16,False,False,flydsl,5287,6,7.6935,flydsl_gemm4_abf16_wbf16_bf16_t16x64x128_split_k6_block_m_warp1_block_n_warp1_block_k_warp2_async_copyTrue_b_to_ldsTrue_b_preshuffleFalse_c_to_ldsFalse_gfx950,0.0266,65.42,726.19
gfx950,256,320,2304,6144,False,torch.bfloat16,torch.bfloat16,False,False,flydsl,5531,1,27.1301,flydsl_gemm3_abf16_wbf16_bf16_t64x64x128_split_k1_block_m_warp2_block_n_warp2_block_k_warp2_async_copyTrue_b_to_ldsTrue_b_preshuffleFalse_c_to_ldsFalse_gfx950,0.0055,333.94,1242.84
gfx950,256,320,2560,6144,False,torch.bfloat16,torch.bfloat16,False,False,flydsl,5531,1,27.2613,flydsl_gemm3_abf16_wbf16_bf16_t64x64x128_split_k1_block_m_warp2_block_n_warp2_block_k_warp2_async_copyTrue_b_to_ldsTrue_b_preshuffleFalse_c_to_ldsFalse_gfx950,0.0055,369.25,1358.26
gfx950,256,320,6144,2048,False,torch.bfloat16,torch.bfloat16,False,False,flydsl,2932,1,15.5421,flydsl_gemm3_abf16_wbf16_bf16_t64x128x128_split_k1_block_m_warp2_block_n_warp4_block_k_warp2_async_copyTrue_b_to_ldsTrue_b_preshuffleFalse_c_to_ldsFalse_gfx950,0.0034,518.15,1956.54
gfx950,256,320,6144,3072,False,torch.bfloat16,torch.bfloat16,False,False,flydsl,5066,1,21.9178,flydsl_gemm3_abf16_wbf16_bf16_t64x128x128_split_k1_block_m_warp2_block_n_warp4_block_k_warp2_async_copyTrue_b_to_ldsTrue_b_preshuffleFalse_c_to_ldsFalse_gfx950,0.0042,551.13,1991.39
gfx950,256,320,6144,4608,False,torch.bfloat16,torch.bfloat16,False,False,flydsl,5348,1,32.3949,flydsl_gemm3_abf16_wbf16_bf16_t64x128x128_split_k1_block_m_warp2_block_n_warp4_block_k_warp2_async_copyTrue_b_to_ldsTrue_b_preshuffleFalse_c_to_ldsFalse_gfx950,0.0052,559.33,1960.32
gfx950,256,320,6144,6144,False,torch.bfloat16,torch.bfloat16,False,False,flydsl,5142,1,42.1862,flydsl_gemm3_abf16_wbf16_bf16_t64x128x128_split_k1_block_m_warp2_block_n_warp4_block_k_warp2_async_copyTrue_b_to_ldsTrue_b_preshuffleFalse_c_to_ldsFalse_gfx950,0.0057,572.68,1976.04
gfx950,256,320,6144,12288,False,torch.bfloat16,torch.bfloat16,False,False,torch,0,0,79.0458,native,0.0,611.27,2059.46
gfx950,256,320,6144,18432,False,torch.bfloat16,torch.bfloat16,False,False,torch,0,0,100.3848,native,0.0,722.0,2412.93
gfx950,256,320,9216,6144,False,torch.bfloat16,torch.bfloat16,False,False,flydsl,6156,1,59.2289,flydsl_gemm4_abf16_wbf16_bf16_t128x128x64_split_k1_block_m_warp4_block_n_warp4_block_k_warp1_async_copyTrue_b_to_ldsTrue_b_preshuffleFalse_c_to_ldsFalse_gfx950,0.0,611.84,2077.98
gfx950,256,320,50016,6144,False,torch.bfloat16,torch.bfloat16,False,False,torch,0,0,211.3786,native,0.0,930.42,3077.6
gfx950,256,512,128,6144,False,torch.bfloat16,torch.bfloat16,False,False,flydsl,5284,4,9.3755,flydsl_gemm4_abf16_wbf16_bf16_t16x64x128_split_k4_block_m_warp1_block_n_warp1_block_k_warp2_async_copyTrue_b_to_ldsTrue_b_preshuffleFalse_c_to_ldsFalse_gfx950,0.0214,85.89,852.8
gfx950,256,512,2304,6144,False,torch.bfloat16,torch.bfloat16,False,False,flydsl,7710,1,33.9135,flydsl_gemm4_abf16_wbf16_bf16_t96x64x128_split_k1_block_m_warp2_block_n_warp2_block_k_warp1_async_copyTrue_b_to_ldsTrue_b_preshuffleFalse_c_to_ldsFalse_gfx950,0.0,427.43,1089.9
gfx950,256,512,2560,6144,False,torch.bfloat16,torch.bfloat16,False,False,flydsl,7706,1,34.2563,flydsl_gemm4_abf16_wbf16_bf16_t96x64x128_split_k1_block_m_warp1_block_n_warp2_block_k_warp2_async_copyTrue_b_to_ldsTrue_b_preshuffleFalse_c_to_ldsFalse_gfx950,0.0057,470.17,1178.47
gfx950,256,512,6144,2048,False,torch.bfloat16,torch.bfloat16,False,False,flydsl,3507,1,21.5278,flydsl_gemm4_abf16_wbf16_bf16_t128x128x64_split_k1_block_m_warp2_block_n_warp4_block_k_warp1_async_copyTrue_b_to_ldsTrue_b_preshuffleFalse_c_to_ldsFalse_gfx950,0.0,598.52,1558.66
gfx950,256,512,6144,3072,False,torch.bfloat16,torch.bfloat16,False,False,flydsl,6080,1,31.2831,flydsl_gemm4_abf16_wbf16_bf16_t128x128x64_split_k1_block_m_warp4_block_n_warp4_block_k_warp1_async_copyTrue_b_to_ldsTrue_b_preshuffleFalse_c_to_ldsFalse_gfx950,0.0,617.82,1508.35
gfx950,256,512,6144,4608,False,torch.bfloat16,torch.bfloat16,False,False,flydsl,6448,1,44.702,flydsl_gemm4_abf16_wbf16_bf16_t128x128x64_split_k1_block_m_warp4_block_n_warp4_block_k_warp1_async_copyTrue_b_to_ldsTrue_b_preshuffleFalse_c_to_ldsFalse_gfx950,0.0,648.54,1512.98
gfx950,256,512,6144,6144,False,torch.bfloat16,torch.bfloat16,False,False,flydsl,6156,1,58.6555,flydsl_gemm4_abf16_wbf16_bf16_t128x128x64_split_k1_block_m_warp4_block_n_warp4_block_k_warp1_async_copyTrue_b_to_ldsTrue_b_preshuffleFalse_c_to_ldsFalse_gfx950,0.0,659.01,1501.66
gfx950,256,512,6144,12288,False,torch.bfloat16,torch.bfloat16,False,False,torch,0,0,101.7255,native,0.0,759.98,1669.88
gfx950,256,512,6144,18432,False,torch.bfloat16,torch.bfloat16,False,False,torch,0,0,142.6715,native,0.0,812.81,1763.9
gfx950,256,512,9216,6144,False,torch.bfloat16,torch.bfloat16,False,False,flydsl,5787,1,84.8153,flydsl_gemm3_abf16_wbf16_bf16_t80x128x64_split_k1_block_m_warp1_block_n_warp2_block_k_warp1_async_copyTrue_b_to_ldsTrue_b_preshuffleFalse_c_to_ldsFalse_gfx950,0.0,683.63,1520.66
gfx950,256,512,50016,6144,False,torch.bfloat16,torch.bfloat16,False,False,torch,0,0,286.3382,native,0.0,1098.96,2347.24
gfx950,256,1024,128,6144,False,torch.bfloat16,torch.bfloat16,False,False,flydsl,3865,4,10.5962,flydsl_gemm3_abf16_wbf16_bf16_t32x64x128_split_k4_block_m_warp2_block_n_warp1_block_k_warp2_async_copyTrue_b_to_ldsTrue_b_preshuffleFalse_c_to_ldsFalse_gfx950,0.0209,152.0,1360.67
gfx950,256,1024,2304,6144,False,torch.bfloat16,torch.bfloat16,False,False,torch,0,0,50.2186,native,0.0,577.3,908.29
gfx950,256,1024,2560,6144,False,torch.bfloat16,torch.bfloat16,False,False,torch,0,0,49.6932,native,0.0,648.22,991.75
gfx950,256,1024,6144,2048,False,torch.bfloat16,torch.bfloat16,False,False,flydsl,2488,1,34.3352,flydsl_gemm3_abf16_wbf16_bf16_t256x128x64_split_k1_block_m_warp4_block_n_warp4_block_k_warp1_async_copyTrue_b_to_ldsTrue_b_preshuffleFalse_c_to_ldsFalse_gfx950,0.0,750.54,1221.58
gfx950,256,1024,6144,3072,False,torch.bfloat16,torch.bfloat16,False,False,torch,0,0,48.9624,native,0.0,789.48,1156.46
gfx950,256,1024,6144,4608,False,torch.bfloat16,torch.bfloat16,False,False,torch,0,0,68.959,native,0.0,840.82,1140.43
gfx950,256,1024,6144,6144,False,torch.bfloat16,torch.bfloat16,False,False,torch,0,0,79.4064,native,0.0,973.59,1267.7
gfx950,256,1024,6144,12288,False,torch.bfloat16,torch.bfloat16,False,False,torch,0,0,145.5676,native,0.0,1062.18,1296.61
gfx950,256,1024,6144,18432,False,torch.bfloat16,torch.bfloat16,False,False,torch,0,0,198.9335,native,0.0,1165.86,1391.54
gfx950,256,1024,9216,6144,False,torch.bfloat16,torch.bfloat16,False,False,torch,0,0,114.2432,native,0.0,1015.06,1266.63
gfx950,256,1024,50016,6144,False,torch.bfloat16,torch.bfloat16,False,False,torch,0,0,571.4903,native,0.0,1101.24,1276.68
gfx950,256,2048,128,6144,False,torch.bfloat16,torch.bfloat16,False,False,asm,5,4,15.6885,_ZN5aiter39bf16gemm_fp32bf16_tn_64x64_splitk_cleanE,0.013,205.32,1737.77
gfx950,256,2048,2304,6144,False,torch.bfloat16,torch.bfloat16,False,False,torch,0,0,74.5488,native,0.0,777.77,843.94
gfx950,256,2048,2560,6144,False,torch.bfloat16,torch.bfloat16,False,False,torch,0,0,76.1904,native,0.0,845.57,880.8
gfx950,256,2048,6144,2048,False,torch.bfloat16,torch.bfloat16,False,False,torch,0,0,52.1713,native,0.0,987.89,1125.53
gfx950,256,2048,6144,3072,False,torch.bfloat16,torch.bfloat16,False,False,torch,0,0,72.6451,native,0.0,1064.21,1039.26
gfx950,256,2048,6144,4608,False,torch.bfloat16,torch.bfloat16,False,False,torch,0,0,101.3455,native,0.0,1144.25,993.27
gfx950,256,2048,6144,6144,False,torch.bfloat16,torch.bfloat16,False,False,torch,0,0,129.3834,native,0.0,1195.04,972.53
gfx950,256,2048,6144,12288,False,torch.bfloat16,torch.bfloat16,False,False,torch,0,0,239.6452,native,0.0,1290.4,945.12
gfx950,256,2048,6144,18432,False,torch.bfloat16,torch.bfloat16,False,False,asm,10,1,351.2205,_ZN5aiter24bf16gemm_bf16_tn_256x256E,0.0,1320.7,931.48
gfx950,256,2048,9216,6144,False,torch.bfloat16,torch.bfloat16,False,False,torch,0,0,213.0331,native,0.0,1088.7,826.92
gfx950,256,2048,50016,6144,False,torch.bfloat16,torch.bfloat16,False,False,torch,0,0,938.8087,native,0.0,1340.74,899.68
gfx950,256,4096,128,6144,False,torch.bfloat16,torch.bfloat16,False,False,flydsl,6831,1,23.6078,flydsl_gemm5_abf16_wbf16_bf16_t32x64x128_split_k1_block_m_warp1_block_n_warp2_block_k_warp2_async_copyTrue_b_to_ldsTrue_b_preshuffleFalse_c_to_ldsFalse_gfx950,0.0058,272.9,2243.03
gfx950,256,4096,2304,6144,False,torch.bfloat16,torch.bfloat16,False,False,torch,0,0,112.4709,native,0.0,1031.06,867.05
gfx950,256,4096,2560,6144,False,torch.bfloat16,torch.bfloat16,False,False,torch,0,0,116.0093,native,0.0,1110.68,885.79
gfx950,256,4096,6144,2048,False,torch.bfloat16,torch.bfloat16,False,False,torch,0,0,98.7783,native,0.0,1043.54,934.16
gfx950,256,4096,6144,3072,False,torch.bfloat16,torch.bfloat16,False,False,torch,0,0,133.14,native,0.0,1161.33,850.58
gfx950,256,4096,6144,4608,False,torch.bfloat16,torch.bfloat16,False,False,torch,0,0,183.5122,native,0.0,1263.83,788.52
gfx950,256,4096,6144,6144,False,torch.bfloat16,torch.bfloat16,False,False,torch,0,0,244.2654,native,0.0,1265.99,721.19
gfx950,256,4096,6144,12288,False,torch.bfloat16,torch.bfloat16,False,False,torch,0,0,462.4625,native,0.0,1337.35,653.0
gfx950,256,4096,6144,18432,False,torch.bfloat16,torch.bfloat16,False,False,torch,0,0,690.9803,native,0.0,1342.6,619.15
gfx950,256,4096,9216,6144,False,torch.bfloat16,torch.bfloat16,False,False,torch,0,0,354.9603,native,0.0,1306.78,673.53
gfx950,256,4096,50016,6144,False,torch.bfloat16,torch.bfloat16,False,False,torch,0,0,1785.8897,native,0.0,1409.6,601.75
gfx950,256,8192,128,6144,False,torch.bfloat16,torch.bfloat16,False,False,torch,0,0,33.7545,native,0.0,381.72,3090.95
gfx950,256,8192,2304,6144,False,torch.bfloat16,torch.bfloat16,False,False,torch,0,0,212.3699,native,0.0,1092.1,785.06
gfx950,256,8192,2560,6144,False,torch.bfloat16,torch.bfloat16,False,False,torch,0,0,218.6696,native,0.0,1178.48,796.01
gfx950,256,8192,6144,2048,False,torch.bfloat16,torch.bfloat16,False,False,torch,0,0,161.8963,native,0.0,1273.4,984.48
gfx950,256,8192,6144,3072,False,torch.bfloat16,torch.bfloat16,False,False,torch,0,0,226.5372,native,0.0,1365.06,833.17
gfx950,256,8192,6144,4608,False,torch.bfloat16,torch.bfloat16,False,False,asm,10,1,323.969,_ZN5aiter24bf16gemm_bf16_tn_256x256E,0.0,1431.79,718.54
gfx950,256,8192,6144,6144,False,torch.bfloat16,torch.bfloat16,False,False,asm,10,1,410.101,_ZN5aiter24bf16gemm_bf16_tn_256x256E,0.0,1508.1,675.01
gfx950,256,8192,6144,12288,False,torch.bfloat16,torch.bfloat16,False,False,asm,10,1,818.7937,_ZN5aiter24bf16gemm_bf16_tn_256x256E,0.0,1510.7,553.23
gfx950,256,8192,6144,18432,False,torch.bfloat16,torch.bfloat16,False,False,asm,10,1,1176.1014,_ZN5aiter24bf16gemm_bf16_tn_256x256E,0.0,1577.61,534.94
gfx950,256,8192,9216,6144,False,torch.bfloat16,torch.bfloat16,False,False,asm,10,1,642.4189,_ZN5aiter24bf16gemm_bf16_tn_256x256E,0.0,1444.09,568.02
gfx950,256,8192,50016,6144,False,torch.bfloat16,torch.bfloat16,False,False,torch,0,0,3520.7733,native,0.0,1430.02,435.9
gfx950,256,16384,2304,6144,False,torch.bfloat16,torch.bfloat16,False,False,torch,0,0,356.6864,native,0.0,1300.46,855.47
gfx950,256,16384,2560,6144,False,torch.bfloat16,torch.bfloat16,False,False,torch,0,0,397.2797,native,0.0,1297.31,797.1
gfx950,256,16384,6144,2048,False,torch.bfloat16,torch.bfloat16,False,False,torch,0,0,308.7958,native,0.0,1335.24,950.79
gfx950,256,16384,6144,4608,False,torch.bfloat16,torch.bfloat16,False,False,torch,0,0,613.6774,native,0.0,1511.73,666.38
gfx950,256,16384,6144,12288,False,torch.bfloat16,torch.bfloat16,False,False,torch,0,0,1560.1716,native,0.0,1585.66,483.9
gfx950,256,16384,6144,18432,False,torch.bfloat16,torch.bfloat16,False,False,asm,10,1,2410.4692,_ZN5aiter24bf16gemm_bf16_tn_256x256E,0.0,1539.47,428.05
gfx950,256,16384,9216,6144,False,torch.bfloat16,torch.bfloat16,False,False,asm,10,1,1202.5289,_ZN5aiter24bf16gemm_bf16_tn_256x256E,0.0,1542.94,512.72
gfx950,256,16384,50016,6144,False,torch.bfloat16,torch.bfloat16,False,False,torch,0,0,6937.2331,native,0.0,1451.52,353.87
gfx950,256,32768,128,6144,False,torch.bfloat16,torch.bfloat16,False,False,torch,0,0,86.6542,native,0.0,594.77,4761.62
gfx950,256,32768,2304,6144,False,torch.bfloat16,torch.bfloat16,False,False,asm,10,1,687.055,_ZN5aiter24bf16gemm_bf16_tn_256x256E,0.0,1350.27,847.04
gfx950,256,32768,2560,6144,False,torch.bfloat16,torch.bfloat16,False,False,torch,0,0,676.5677,native,0.0,1523.56,889.61
gfx950,256,32768,6144,2048,False,torch.bfloat16,torch.bfloat16,False,False,torch,0,0,577.7226,native,0.0,1427.39,972.85
gfx950,256,32768,6144,3072,False,torch.bfloat16,torch.bfloat16,False,False,torch,0,0,840.8616,native,0.0,1471.05,763.18
gfx950,256,32768,6144,4608,False,torch.bfloat16,torch.bfloat16,False,False,asm,10,1,1243.7631,_ZN5aiter24bf16gemm_bf16_tn_256x256E,0.0,1491.78,612.07
gfx950,256,32768,6144,6144,False,torch.bfloat16,torch.bfloat16,False,False,torch,0,0,1584.5537,native,0.0,1561.26,555.87
gfx950,256,32768,6144,12288,False,torch.bfloat16,torch.bfloat16,False,False,torch,0,0,3207.5069,native,0.0,1542.57,423.68
gfx950,256,32768,6144,18432,False,torch.bfloat16,torch.bfloat16,False,False,asm,10,1,4855.3337,_ZN5aiter24bf16gemm_bf16_tn_256x256E,0.0,1528.57,378.37
gfx950,256,32768,9216,6144,False,torch.bfloat16,torch.bfloat16,False,False,asm,10,1,2451.0053,_ZN5aiter24bf16gemm_bf16_tn_256x256E,0.0,1514.01,456.91
gfx950,256,32768,50016,6144,False,torch.bfloat16,torch.bfloat16,False,False,torch,0,0,13839.0848,native,0.0,1455.23,310.36
gfx950,256,1,100,5120,False,torch.bfloat16,torch.bfloat16,False,False,triton,0,0,24.2594,auto,0.0,0.04,42.64
gfx950,256,16,100,5120,False,torch.bfloat16,torch.bfloat16,False,False,triton,0,0,18.9179,auto,0.0,0.87,62.96
gfx950,256,32,100,5120,False,torch.bfloat16,torch.bfloat16,False,False,triton,0,0,20.665,auto,0.0,1.59,65.72
gfx950,256,64,100,5120,False,torch.bfloat16,torch.bfloat16,False,False,triton,0,0,21.9084,auto,0.0,2.99,77.24
gfx950,256,128,100,5120,False,torch.bfloat16,torch.bfloat16,False,False,triton,0,0,31.8414,auto,0.0,4.12,74.13
gfx950,256,256,100,5120,False,torch.bfloat16,torch.bfloat16,False,False,triton,0,0,49.0384,auto,0.0,5.35,75.38
gfx950,256,512,100,5120,False,torch.bfloat16,torch.bfloat16,False,False,triton,0,0,50.1618,auto,0.0,10.45,126.97
gfx950,256,1024,100,5120,False,torch.bfloat16,torch.bfloat16,False,False,triton,0,0,132.7156,auto,0.0,7.9,88.27
gfx950,256,2048,100,5120,False,torch.bfloat16,torch.bfloat16,False,False,triton,0,0,131.8115,auto,0.0,15.91,169.98
gfx950,256,4096,100,5120,False,torch.bfloat16,torch.bfloat16,False,False,triton,0,0,101.6103,auto,0.0,41.28,430.92
gfx950,256,8192,100,5120,False,torch.bfloat16,torch.bfloat16,False,False,triton,0,0,101.715,auto,0.0,82.47,850.89
gfx950,256,16384,100,5120,False,torch.bfloat16,torch.bfloat16,False,False,triton,0,0,103.0716,auto,0.0,162.77,1669.45
gfx950,256,32768,100,5120,False,torch.bfloat16,torch.bfloat16,False,False,triton,0,0,110.6268,auto,0.0,303.31,3101.62
gfx950,256,1,200,5120,False,torch.bfloat16,torch.bfloat16,False,False,triton,0,0,24.9311,auto,0.0,0.08,82.57
gfx950,256,16,200,5120,False,torch.bfloat16,torch.bfloat16,False,False,triton,0,0,19.4155,auto,0.0,1.69,114.25
gfx950,256,32,200,5120,False,torch.bfloat16,torch.bfloat16,False,False,triton,0,0,21.489,auto,0.0,3.05,111.15
gfx950,256,64,200,5120,False,torch.bfloat16,torch.bfloat16,False,False,triton,0,0,22.9195,auto,0.0,5.72,119.07
gfx950,256,128,200,5120,False,torch.bfloat16,torch.bfloat16,False,False,triton,0,0,33.6484,auto,0.0,7.79,101.34
gfx950,256,256,200,5120,False,torch.bfloat16,torch.bfloat16,False,False,triton,0,0,48.3964,auto,0.0,10.83,98.6
gfx950,256,512,200,5120,False,torch.bfloat16,torch.bfloat16,False,False,triton,0,0,46.1295,auto,0.0,22.73,162.49
gfx950,256,1024,200,5120,False,torch.bfloat16,torch.bfloat16,False,False,triton,0,0,153.9655,auto,0.0,13.62,84.07
gfx950,256,2048,200,5120,False,torch.bfloat16,torch.bfloat16,False,False,triton,0,0,152.8232,auto,0.0,27.45,155.99
gfx950,256,4096,200,5120,False,torch.bfloat16,torch.bfloat16,False,False,triton,0,0,106.0943,auto,0.0,79.07,430.08
gfx950,256,8192,200,5120,False,torch.bfloat16,torch.bfloat16,False,False,triton,0,0,107.2911,auto,0.0,156.37,831.48
gfx950,256,16384,200,5120,False,torch.bfloat16,torch.bfloat16,False,False,triton,0,0,109.2356,auto,0.0,307.17,1614.62
gfx950,256,32768,200,5120,False,torch.bfloat16,torch.bfloat16,False,False,triton,0,0,120.4976,auto,0.0,556.93,2910.43
gfx950,256,1,800,5120,False,torch.bfloat16,torch.bfloat16,False,False,triton,0,0,23.9988,auto,0.0,0.34,341.84
gfx950,256,16,800,5120,False,torch.bfloat16,torch.bfloat16,False,False,triton,0,0,19.3848,auto,0.0,6.76,432.37
gfx950,256,32,800,5120,False,torch.bfloat16,torch.bfloat16,False,False,triton,0,0,21.7693,auto,0.0,12.04,393.71
gfx950,256,64,800,5120,False,torch.bfloat16,torch.bfloat16,False,False,triton,0,0,23.8795,auto,0.0,21.96,374.79
gfx950,256,128,800,5120,False,torch.bfloat16,torch.bfloat16,False,False,triton,0,0,33.711,auto,0.0,31.1,287.96
gfx950,256,256,800,5120,False,torch.bfloat16,torch.bfloat16,False,False,triton,0,0,47.7622,auto,0.0,43.91,234.98
gfx950,256,512,800,5120,False,torch.bfloat16,torch.bfloat16,False,False,triton,0,0,45.1338,auto,0.0,92.93,315.82
gfx950,256,1024,800,5120,False,torch.bfloat16,torch.bfloat16,False,False,triton,0,0,169.7397,auto,0.0,49.42,119.69
gfx950,256,2048,800,5120,False,torch.bfloat16,torch.bfloat16,False,False,triton,0,0,170.1752,auto,0.0,98.59,190.63
gfx950,256,4096,800,5120,False,torch.bfloat16,torch.bfloat16,False,False,triton,0,0,111.1677,auto,0.0,301.84,509.94
gfx950,256,8192,800,5120,False,torch.bfloat16,torch.bfloat16,False,False,triton,0,0,117.7072,auto,0.0,570.13,893.62
gfx950,256,16384,800,5120,False,torch.bfloat16,torch.bfloat16,False,False,triton,0,0,227.3613,auto,0.0,590.33,889.24
gfx950,256,32768,800,5120,False,torch.bfloat16,torch.bfloat16,False,False,triton,0,0,433.4434,auto,0.0,619.31,914.0
gfx950,256,1,5120,640,False,torch.bfloat16,torch.bfloat16,False,False,asm,1,2,7.0164,_ZN5aiter39bf16gemm_fp32bf16_tn_32x64_splitk_cleanE,0.0012,0.93,935.68
gfx950,256,1,5120,1280,False,torch.bfloat16,torch.bfloat16,False,False,flydsl,7819,2,5.6405,flydsl_gemm5_abf16_wbf16_bf16_t16x64x128_split_k2_block_m_warp1_block_n_warp2_block_k_warp1_async_copyTrue_b_to_ldsTrue_b_preshuffleFalse_c_to_ldsFalse_gfx950,0.0033,2.32,2326.03
gfx950,256,1,5120,3200,False,torch.bfloat16,torch.bfloat16,False,False,asm,1,3,11.5446,_ZN5aiter39bf16gemm_fp32bf16_tn_32x64_splitk_cleanE,0.008,2.84,2839.82
gfx950,256,1,5120,5120,False,torch.bfloat16,torch.bfloat16,False,False,flydsl,4411,5,11.4563,flydsl_gemm3_abf16_wbf16_bf16_t16x128x128_split_k5_block_m_warp1_block_n_warp4_block_k_warp1_async_copyTrue_b_to_ldsTrue_b_preshuffleFalse_c_to_ldsFalse_gfx950,0.0156,4.58,4578.2
gfx950,256,1,5120,6400,False,torch.bfloat16,torch.bfloat16,False,False,asm,1,3,17.8122,_ZN5aiter39bf16gemm_fp32bf16_tn_32x64_splitk_cleanE,0.0098,3.68,3680.57
gfx950,256,1,5120,25600,False,torch.bfloat16,torch.bfloat16,False,False,torch,0,0,46.8386,native,0.0,5.6,5598.06
gfx950,256,16,5120,640,False,torch.bfloat16,torch.bfloat16,False,False,triton,0,0,5.9722,auto,0.0,17.56,1128.21
gfx950,256,16,5120,1280,False,torch.bfloat16,torch.bfloat16,False,False,triton,0,0,7.4685,auto,0.0,28.08,1782.42
gfx950,256,16,5120,3200,False,torch.bfloat16,torch.bfloat16,False,False,asm,1,3,12.4765,_ZN5aiter39bf16gemm_fp32bf16_tn_32x64_splitk_cleanE,0.008,42.02,2647.72
gfx950,256,16,5120,5120,False,torch.bfloat16,torch.bfloat16,False,False,flydsl,8176,5,12.356,flydsl_gemm4_abf16_wbf16_bf16_t16x128x128_split_k5_block_m_warp1_block_n_warp4_block_k_warp1_async_copyTrue_b_to_ldsTrue_b_preshuffleFalse_c_to_ldsFalse_gfx950,0.0147,67.89,4269.71
gfx950,256,16,5120,6400,False,torch.bfloat16,torch.bfloat16,False,False,asm,1,3,18.6276,_ZN5aiter39bf16gemm_fp32bf16_tn_32x64_splitk_cleanE,0.0098,56.29,3538.01
gfx950,256,16,5120,25600,False,torch.bfloat16,torch.bfloat16,False,False,torch,0,0,48.3215,native,0.0,86.8,5445.34
gfx950,256,32,5120,640,False,torch.bfloat16,torch.bfloat16,False,False,flydsl,1665,1,4.991,flydsl_gemm3_abf16_wbf16_bf16_t16x64x128_split_k1_block_m_warp1_block_n_warp2_block_k_warp1_async_copyTrue_b_to_ldsTrue_b_preshuffleFalse_c_to_ldsFalse_gfx950,0.0,42.02,1386.94
gfx950,256,32,5120,1280,False,torch.bfloat16,torch.bfloat16,False,False,triton,0,0,8.159,auto,0.0,51.41,1656.67
gfx950,256,32,5120,3200,False,torch.bfloat16,torch.bfloat16,False,False,asm,1,3,12.575,_ZN5aiter39bf16gemm_fp32bf16_tn_32x64_splitk_cleanE,0.008,83.39,2648.15
gfx950,256,32,5120,5120,False,torch.bfloat16,torch.bfloat16,False,False,asm,1,3,16.2461,_ZN5aiter39bf16gemm_fp32bf16_tn_32x64_splitk_cleanE,0.0091,103.27,3267.5
gfx950,256,32,5120,6400,False,torch.bfloat16,torch.bfloat16,False,False,asm,1,3,18.8341,_ZN5aiter39bf16gemm_fp32bf16_tn_32x64_splitk_cleanE,0.01,111.35,3518.79
gfx950,256,32,5120,25600,False,torch.bfloat16,torch.bfloat16,False,False,torch,0,0,51.2104,native,0.0,163.81,5157.35
gfx950,256,64,5120,640,False,torch.bfloat16,torch.bfloat16,False,False,torch,0,0,6.5891,native,0.0,63.66,1106.51
gfx950,256,64,5120,1280,False,torch.bfloat16,torch.bfloat16,False,False,triton,0,0,8.6051,auto,0.0,97.48,1618.39
gfx950,256,64,5120,3200,False,torch.bfloat16,torch.bfloat16,False,False,asm,5,3,13.7745,_ZN5aiter39bf16gemm_fp32bf16_tn_64x64_splitk_cleanE,0.0079,152.25,2456.2
gfx950,256,64,5120,5120,False,torch.bfloat16,torch.bfloat16,False,False,asm,5,3,17.7938,_ZN5aiter39bf16gemm_fp32bf16_tn_64x64_splitk_cleanE,0.0093,188.57,3020.13
gfx950,256,64,5120,6400,False,torch.bfloat16,torch.bfloat16,False,False,asm,5,3,20.3857,_ZN5aiter39bf16gemm_fp32bf16_tn_64x64_splitk_cleanE,0.01,205.75,3287.14
gfx950,256,64,5120,25600,False,torch.bfloat16,torch.bfloat16,False,False,asm,5,3,62.1629,_ZN5aiter39bf16gemm_fp32bf16_tn_64x64_splitk_cleanE,0.0134,269.89,4280.3
gfx950,256,128,5120,640,False,torch.bfloat16,torch.bfloat16,False,False,triton,0,0,6.8391,auto,0.0,122.66,1173.86
gfx950,256,128,5120,1280,False,torch.bfloat16,torch.bfloat16,False,False,asm,4,1,10.461,_ZN5aiter37bf16gemm_fp32bf16_tn_48x64_pf3_splitkE,0.0,160.38,1409.58
gfx950,256,128,5120,3200,False,torch.bfloat16,torch.bfloat16,False,False,asm,4,1,20.7104,_ZN5aiter37bf16gemm_fp32bf16_tn_48x64_pf3_splitkE,0.0,202.52,1685.04
gfx950,256,128,5120,5120,False,torch.bfloat16,torch.bfloat16,False,False,asm,4,1,31.7222,_ZN5aiter37bf16gemm_fp32bf16_tn_48x64_pf3_splitkE,0.0,211.55,1735.39
gfx950,256,128,5120,6400,False,torch.bfloat16,torch.bfloat16,False,False,asm,4,1,38.2094,_ZN5aiter37bf16gemm_fp32bf16_tn_48x64_pf3_splitkE,0.0,219.54,1792.36
gfx950,256,128,5120,25600,False,torch.bfloat16,torch.bfloat16,False,False,torch,0,0,70.8968,native,0.0,473.29,3808.47
gfx950,256,256,5120,640,False,torch.bfloat16,torch.bfloat16,False,False,flydsl,7033,1,6.7935,flydsl_gemm4_abf16_wbf16_bf16_t96x64x64_split_k1_block_m_warp2_block_n_warp2_block_k_warp1_async_copyTrue_b_to_ldsTrue_b_preshuffleFalse_c_to_ldsFalse_gfx950,0.0,246.96,1398.8
gfx950,256,256,5120,1280,False,torch.bfloat16,torch.bfloat16,False,False,asm,9,1,12.1986,_ZN5aiter37bf16gemm_fp32bf16_tn_96x64_pf3_splitkE,0.0,275.07,1343.1
gfx950,256,256,5120,3200,False,torch.bfloat16,torch.bfloat16,False,False,asm,9,1,23.8446,_ZN5aiter37bf16gemm_fp32bf16_tn_96x64_pf3_splitkE,0.0,351.8,1552.88
gfx950,256,256,5120,5120,False,torch.bfloat16,torch.bfloat16,False,False,asm,9,1,35.5373,_ZN5aiter37bf16gemm_fp32bf16_tn_96x64_pf3_splitkE,0.0,377.68,1622.85
gfx950,256,256,5120,6400,False,torch.bfloat16,torch.bfloat16,False,False,asm,9,1,43.5663,_ZN5aiter37bf16gemm_fp32bf16_tn_96x64_pf3_splitkE,0.0,385.1,1639.67
gfx950,256,256,5120,25600,False,torch.bfloat16,torch.bfloat16,False,False,torch,0,0,92.8805,native,0.0,722.53,2991.72
gfx950,256,512,5120,640,False,torch.bfloat16,torch.bfloat16,False,False,flydsl,2539,1,9.4855,flydsl_gemm2_abf16_wbf16_bf16_t96x64x128_split_k1_block_m_warp2_block_n_warp2_block_k_warp1_async_copyTrue_b_to_ldsTrue_b_preshuffleFalse_c_to_ldsFalse_gfx950,0.0,353.74,1312.72
gfx950,256,512,5120,1280,False,torch.bfloat16,torch.bfloat16,False,False,flydsl,11182,1,13.6224,flydsl_gemm4_abf16_wbf16_bf16_t96x128x64_split_k1_block_m_warp1_block_n_warp4_block_k_warp1_async_copyTrue_b_to_ldsTrue_b_preshuffleFalse_c_to_ldsFalse_gfx950,0.0,492.64,1443.27
gfx950,256,512,5120,3200,False,torch.bfloat16,torch.bfloat16,False,False,torch,0,0,31.3294,native,0.0,535.51,1317.86
gfx950,256,512,5120,5120,False,torch.bfloat16,torch.bfloat16,False,False,torch,0,0,44.1935,native,0.0,607.41,1423.62
gfx950,256,512,5120,6400,False,torch.bfloat16,torch.bfloat16,False,False,torch,0,0,53.2263,native,0.0,630.41,1452.9
gfx950,256,512,5120,25600,False,torch.bfloat16,torch.bfloat16,False,False,torch,0,0,153.6073,native,0.0,873.77,1911.38
gfx950,256,1024,5120,640,False,torch.bfloat16,torch.bfloat16,False,False,flydsl,2385,1,12.985,flydsl_gemm2_abf16_wbf16_bf16_t96x128x64_split_k1_block_m_warp2_block_n_warp2_block_k_warp1_async_copyTrue_b_to_ldsTrue_b_preshuffleFalse_c_to_ldsFalse_gfx950,0.0,516.82,1413.18
gfx950,256,1024,5120,1280,False,torch.bfloat16,torch.bfloat16,False,False,torch,0,0,21.5448,native,0.0,622.97,1216.74
gfx950,256,1024,5120,3200,False,torch.bfloat16,torch.bfloat16,False,False,torch,0,0,43.0522,native,0.0,779.39,1156.91
gfx950,256,1024,5120,5120,False,torch.bfloat16,torch.bfloat16,False,False,torch,0,0,66.5681,native,0.0,806.5,1102.64
gfx950,256,1024,5120,6400,False,torch.bfloat16,torch.bfloat16,False,False,torch,0,0,82.6772,native,0.0,811.7,1078.04
gfx950,256,1024,5120,25600,False,torch.bfloat16,torch.bfloat16,False,False,torch,0,0,233.5463,native,0.0,1149.39,1391.84
gfx950,256,2048,5120,640,False,torch.bfloat16,torch.bfloat16,False,False,asm,10,1,22.9328,_ZN5aiter24bf16gemm_bf16_tn_256x256E,0.0,585.27,1314.56
gfx950,256,2048,5120,1280,False,torch.bfloat16,torch.bfloat16,False,False,asm,10,1,35.9027,_ZN5aiter24bf16gemm_bf16_tn_256x256E,0.0,747.67,1095.23
gfx950,256,2048,5120,3200,False,torch.bfloat16,torch.bfloat16,False,False,asm,10,1,70.0071,_ZN5aiter24bf16gemm_bf16_tn_256x256E,0.0,958.6,954.86
gfx950,256,2048,5120,5120,False,torch.bfloat16,torch.bfloat16,False,False,asm,10,1,108.3905,_ZN5aiter24bf16gemm_bf16_tn_256x256E,0.0,990.62,870.67
gfx950,256,2048,5120,6400,False,torch.bfloat16,torch.bfloat16,False,False,asm,10,1,126.7131,_ZN5aiter24bf16gemm_bf16_tn_256x256E,0.0,1059.23,889.58
gfx950,256,2048,5120,25600,False,torch.bfloat16,torch.bfloat16,False,False,asm,10,1,456.1972,_ZN5aiter24bf16gemm_bf16_tn_256x256E,0.0,1176.84,850.45
gfx950,256,4096,5120,640,False,torch.bfloat16,torch.bfloat16,False,False,asm,10,1,43.3636,_ZN5aiter24bf16gemm_bf16_tn_256x256E,0.0,619.03,1239.28
gfx950,256,4096,5120,1280,False,torch.bfloat16,torch.bfloat16,False,False,asm,10,1,69.4435,_ZN5aiter24bf16gemm_bf16_tn_256x256E,0.0,773.1,943.73
gfx950,256,4096,5120,3200,False,torch.bfloat16,torch.bfloat16,False,False,asm,10,1,134.616,_ZN5aiter24bf16gemm_bf16_tn_256x256E,0.0,997.04,749.73
gfx950,256,4096,5120,5120,False,torch.bfloat16,torch.bfloat16,False,False,asm,10,1,206.706,_ZN5aiter24bf16gemm_bf16_tn_256x256E,0.0,1038.91,659.46
gfx950,256,4096,5120,6400,False,torch.bfloat16,torch.bfloat16,False,False,asm,10,1,244.7736,_ZN5aiter24bf16gemm_bf16_tn_256x256E,0.0,1096.67,653.29
gfx950,256,4096,5120,25600,False,torch.bfloat16,torch.bfloat16,False,False,asm,10,1,968.3405,_ZN5aiter24bf16gemm_bf16_tn_256x256E,0.0,1108.85,530.6
gfx950,256,8192,5120,640,False,torch.bfloat16,torch.bfloat16,False,False,asm,10,1,67.9081,_ZN5aiter24bf16gemm_bf16_tn_256x256E,0.0,790.58,1486.21
gfx950,256,8192,5120,1280,False,torch.bfloat16,torch.bfloat16,False,False,asm,10,1,107.7181,_ZN5aiter24bf16gemm_bf16_tn_256x256E,0.0,996.81,1095.13
gfx950,256,8192,5120,3200,False,torch.bfloat16,torch.bfloat16,False,False,asm,10,1,214.2474,_ZN5aiter24bf16gemm_bf16_tn_256x256E,0.0,1252.92,789.19
gfx950,256,8192,5120,5120,False,torch.bfloat16,torch.bfloat16,False,False,asm,10,1,326.4603,_ZN5aiter24bf16gemm_bf16_tn_256x256E,0.0,1315.62,674.51
gfx950,256,8192,5120,6400,False,torch.bfloat16,torch.bfloat16,False,False,asm,10,1,392.5128,_ZN5aiter24bf16gemm_bf16_tn_256x256E,0.0,1367.78,647.83
gfx950,256,8192,5120,25600,False,torch.bfloat16,torch.bfloat16,False,False,asm,10,1,1518.2312,_ZN5aiter24bf16gemm_bf16_tn_256x256E,0.0,1414.46,504.18
gfx950,256,16384,5120,640,False,torch.bfloat16,torch.bfloat16,False,False,asm,10,1,114.5126,_ZN5aiter24bf16gemm_bf16_tn_256x256E,0.0,937.66,1705.47
gfx950,256,16384,5120,1280,False,torch.bfloat16,torch.bfloat16,False,False,asm,10,1,181.7006,_ZN5aiter24bf16gemm_bf16_tn_256x256E,0.0,1181.88,1226.32
gfx950,256,16384,5120,3200,False,torch.bfloat16,torch.bfloat16,False,False,asm,10,1,385.0646,_ZN5aiter24bf16gemm_bf16_tn_256x256E,0.0,1394.24,793.11
gfx950,256,16384,5120,5120,False,torch.bfloat16,torch.bfloat16,False,False,asm,10,1,587.1472,_ZN5aiter24bf16gemm_bf16_tn_256x256E,0.0,1463.0,660.78
gfx950,256,16384,5120,6400,False,torch.bfloat16,torch.bfloat16,False,False,asm,10,1,715.1868,_ZN5aiter24bf16gemm_bf16_tn_256x256E,0.0,1501.34,619.45
gfx950,256,16384,5120,25600,False,torch.bfloat16,torch.bfloat16,False,False,asm,10,1,2808.6562,_ZN5aiter24bf16gemm_bf16_tn_256x256E,0.0,1529.19,451.74
gfx950,256,32768,5120,640,False,torch.bfloat16,torch.bfloat16,False,False,asm,10,1,222.8413,_ZN5aiter24bf16gemm_bf16_tn_256x256E,0.0,963.68,1723.38
gfx950,256,32768,5120,1280,False,torch.bfloat16,torch.bfloat16,False,False,asm,10,1,358.6914,_ZN5aiter24bf16gemm_bf16_tn_256x256E,0.0,1197.4,1205.88
gfx950,256,32768,5120,3200,False,torch.bfloat16,torch.bfloat16,False,False,asm,10,1,758.3608,_ZN5aiter24bf16gemm_bf16_tn_256x256E,0.0,1415.87,762.21
gfx950,256,32768,5120,5120,False,torch.bfloat16,torch.bfloat16,False,False,asm,10,1,1171.8545,_ZN5aiter24bf16gemm_bf16_tn_256x256E,0.0,1466.04,617.41
gfx950,256,32768,5120,6400,False,torch.bfloat16,torch.bfloat16,False,False,asm,10,1,1431.8652,_ZN5aiter24bf16gemm_bf16_tn_256x256E,0.0,1499.78,573.04
gfx950,256,32768,5120,25600,False,torch.bfloat16,torch.bfloat16,False,False,asm,10,1,5625.3694,_ZN5aiter24bf16gemm_bf16_tn_256x256E,0.0,1527.0,404.49
gfx950,256,1,6400,5120,False,torch.bfloat16,torch.bfloat16,False,False,flydsl,4411,5,12.729,flydsl_gemm3_abf16_wbf16_bf16_t16x128x128_split_k5_block_m_warp1_block_n_warp4_block_k_warp1_async_copyTrue_b_to_ldsTrue_b_preshuffleFalse_c_to_ldsFalse_gfx950,0.0161,5.15,5150.37
gfx950,256,16,6400,5120,False,torch.bfloat16,torch.bfloat16,False,False,torch,0,0,16.1692,native,0.0,64.85,4075.94
gfx950,256,32,6400,5120,False,torch.bfloat16,torch.bfloat16,False,False,torch,0,0,18.3958,native,0.0,114.0,3602.63
gfx950,256,64,6400,5120,False,torch.bfloat16,torch.bfloat16,False,False,asm,5,2,22.5849,_ZN5aiter39bf16gemm_fp32bf16_tn_64x64_splitk_cleanE,0.0052,185.71,2967.05
gfx950,256,128,6400,5120,False,torch.bfloat16,torch.bfloat16,False,False,triton,0,0,32.7099,auto,0.0,256.45,2093.71
gfx950,256,256,6400,5120,False,torch.bfloat16,torch.bfloat16,False,False,triton,0,0,46.8385,auto,0.0,358.19,1525.12
gfx950,256,512,6400,5120,False,torch.bfloat16,torch.bfloat16,False,False,torch,0,0,61.5251,native,0.0,545.38,1256.93
gfx950,256,1024,6400,5120,False,torch.bfloat16,torch.bfloat16,False,False,torch,0,0,87.4104,native,0.0,767.74,1019.66
gfx950,256,2048,6400,5120,False,torch.bfloat16,torch.bfloat16,False,False,asm,10,1,124.2504,_ZN5aiter24bf16gemm_bf16_tn_256x256E,0.0,1080.22,907.22
gfx950,256,4096,6400,5120,False,torch.bfloat16,torch.bfloat16,False,False,asm,10,1,227.3241,_ZN5aiter24bf16gemm_bf16_tn_256x256E,0.0,1180.85,703.44
gfx950,256,8192,6400,5120,False,torch.bfloat16,torch.bfloat16,False,False,asm,10,1,437.9952,_ZN5aiter24bf16gemm_bf16_tn_256x256E,0.0,1225.75,580.55
gfx950,256,16384,6400,5120,False,torch.bfloat16,torch.bfloat16,False,False,asm,10,1,799.8221,_ZN5aiter24bf16gemm_bf16_tn_256x256E,0.0,1342.48,553.9
gfx950,256,32768,6400,5120,False,torch.bfloat16,torch.bfloat16,False,False,asm,10,1,1604.0758,_ZN5aiter24bf16gemm_bf16_tn_256x256E,0.0,1338.77,511.52
gfx950,256,1,12800,5120,False,torch.bfloat16,torch.bfloat16,False,False,flydsl,11718,1,22.8228,flydsl_gemm5_abf16_wbf16_bf16_t16x64x64_split_k1_block_m_warp1_block_n_warp2_block_k_warp1_async_copyTrue_b_to_ldsTrue_b_preshuffleFalse_c_to_ldsFalse_gfx950,0.0,5.74,5744.6
gfx950,256,16,12800,5120,False,torch.bfloat16,torch.bfloat16,False,False,triton,0,0,27.453,auto,0.0,76.39,4795.3
gfx950,256,32,12800,5120,False,torch.bfloat16,torch.bfloat16,False,False,triton,0,0,29.9037,auto,0.0,140.26,4421.49
gfx950,256,64,12800,5120,False,torch.bfloat16,torch.bfloat16,False,False,asm,6,1,37.0414,_ZN5aiter37bf16gemm_fp32bf16_tn_64x64_pf3_splitkE,0.0,226.47,3600.45
gfx950,256,128,12800,5120,False,torch.bfloat16,torch.bfloat16,False,False,triton,0,0,51.7913,auto,0.0,323.94,2619.35
gfx950,256,256,12800,5120,False,torch.bfloat16,torch.bfloat16,False,False,flydsl,16678,1,59.4756,flydsl_gemm5_abf16_wbf16_bf16_t128x128x64_split_k1_block_m_warp4_block_n_warp2_block_k_warp1_async_copyTrue_b_to_ldsTrue_b_preshuffleFalse_c_to_ldsFalse_gfx950,0.0,564.17,2358.06
gfx950,256,512,12800,5120,False,torch.bfloat16,torch.bfloat16,False,False,asm,10,1,103.9297,_ZN5aiter24bf16gemm_bf16_tn_256x256E,0.0,645.71,1437.72
gfx950,256,1024,12800,5120,False,torch.bfloat16,torch.bfloat16,False,False,asm,10,1,115.6173,_ZN5aiter24bf16gemm_bf16_tn_256x256E,0.0,1160.88,1451.1
gfx950,256,2048,12800,5120,False,torch.bfloat16,torch.bfloat16,False,False,asm,10,1,218.7234,_ZN5aiter24bf16gemm_bf16_tn_256x256E,0.0,1227.28,934.84
gfx950,256,4096,12800,5120,False,torch.bfloat16,torch.bfloat16,False,False,asm,10,1,419.7581,_ZN5aiter24bf16gemm_bf16_tn_256x256E,0.0,1279.0,661.98
gfx950,256,8192,12800,5120,False,torch.bfloat16,torch.bfloat16,False,False,asm,10,1,757.9903,_ZN5aiter24bf16gemm_bf16_tn_256x256E,0.0,1416.56,560.26
gfx950,256,16384,12800,5120,False,torch.bfloat16,torch.bfloat16,False,False,asm,10,1,1489.2465,_ZN5aiter24bf16gemm_bf16_tn_256x256E,0.0,1441.99,482.31
gfx950,256,32768,12800,5120,False,torch.bfloat16,torch.bfloat16,False,False,asm,10,1,2902.235,_ZN5aiter24bf16gemm_bf16_tn_256x256E,0.0,1479.88,449.82
gfx950,256,1,51200,5120,False,torch.bfloat16,torch.bfloat16,False,False,torch,0,0,79.0342,native,0.0,6.63,6635.11
gfx950,256,16,51200,5120,False,torch.bfloat16,torch.bfloat16,False,False,torch,0,0,80.8748,native,0.0,103.72,6505.0
gfx950,256,32,51200,5120,False,torch.bfloat16,torch.bfloat16,False,False,torch,0,0,83.3127,native,0.0,201.38,6336.28
gfx950,256,64,51200,5120,False,torch.bfloat16,torch.bfloat16,False,False,torch,0,0,82.9541,native,0.0,404.49,6407.12
gfx950,256,128,51200,5120,False,torch.bfloat16,torch.bfloat16,False,False,asm,10,1,123.2362,_ZN5aiter24bf16gemm_bf16_tn_256x256E,0.0,544.55,4371.33
gfx950,256,256,51200,5120,False,torch.bfloat16,torch.bfloat16,False,False,asm,10,1,138.7156,_ZN5aiter24bf16gemm_bf16_tn_256x256E,0.0,967.57,3987.47
gfx950,256,512,51200,5120,False,torch.bfloat16,torch.bfloat16,False,False,asm,10,1,229.1527,_ZN5aiter24bf16gemm_bf16_tn_256x256E,0.0,1171.43,2539.62
gfx950,256,1024,51200,5120,False,torch.bfloat16,torch.bfloat16,False,False,asm,10,1,442.0268,_ZN5aiter24bf16gemm_bf16_tn_256x256E,0.0,1214.57,1447.04
gfx950,256,2048,51200,5120,False,torch.bfloat16,torch.bfloat16,False,False,asm,10,1,795.0722,_ZN5aiter24bf16gemm_bf16_tn_256x256E,0.0,1350.5,949.57
gfx950,256,4096,51200,5120,False,torch.bfloat16,torch.bfloat16,False,False,asm,10,1,1463.0452,_ZN5aiter24bf16gemm_bf16_tn_256x256E,0.0,1467.82,673.71
gfx950,256,8192,51200,5120,False,torch.bfloat16,torch.bfloat16,False,False,asm,10,1,2913.1928,_ZN5aiter24bf16gemm_bf16_tn_256x256E,0.0,1474.32,496.72
gfx950,256,16384,51200,5120,False,torch.bfloat16,torch.bfloat16,False,False,asm,10,1,5818.0865,_ZN5aiter24bf16gemm_bf16_tn_256x256E,0.0,1476.42,407.31
gfx950,256,32768,51200,5120,False,torch.bfloat16,torch.bfloat16,False,False,asm,10,1,11574.4717,_ZN5aiter24bf16gemm_bf16_tn_256x256E,0.0,1484.29,364.19
gfx942,80,1024,200,5120,False,torch.bfloat16,torch.bfloat16,False,False,opus,10200,0,33.6852,opus_gemm_gfx942_splitk_legacy_512x128x128x64_2x4_16x16x16_0x0x0,0.0,62.26,384.24
gfx942,80,64,800,5120,False,torch.bfloat16,torch.bfloat16,False,False,opus,10201,6,17.6001,opus_gemm_gfx942_splitk_p1_256x64x64x64_2x2_16x16x16_0x0x0,0.0,29.79,508.51
gfx942,80,64,5120,640,False,torch.bfloat16,torch.bfloat16,False,False,opus,10001,0,8.7885,opus_gemm_gfx942_p1_256x64x64x64_2x2_16x16x16_0x0x0,0.0,47.72,829.59
gfx942,80,128,5120,640,False,torch.bfloat16,torch.bfloat16,False,False,opus,10001,0,12.6054,opus_gemm_gfx942_p1_256x64x64x64_2x2_16x16x16_0x0x0,0.0,66.55,636.88
gfx942,80,256,5120,640,False,torch.bfloat16,torch.bfloat16,False,False,opus,10000,0,15.4867,opus_gemm_gfx942_512x128x128x64_2x4_16x16x16_0x0x0,0.0,108.33,613.61
gfx942,80,256,5120,1280,False,torch.bfloat16,torch.bfloat16,False,False,opus,10000,0,27.2009,opus_gemm_gfx942_512x128x128x64_2x4_16x16x16_0x0x0,0.0,123.36,602.33
gfx942,80,256,5120,3200,False,torch.bfloat16,torch.bfloat16,False,False,opus,10000,0,54.2552,opus_gemm_gfx942_512x128x128x64_2x4_16x16x16_0x0x0,0.0,154.61,682.48
gfx942,80,16,100,5120,False,torch.bfloat16,torch.bfloat16,False,False,opus,10300,0,8.4774,opus_gemm_gfx942_wkc_512x16x16x64_1x1_16x16x16_0x0x0,0.0,1.93,140.5
gfx942,80,32,100,5120,False,torch.bfloat16,torch.bfloat16,False,False,opus,10300,0,8.9239,opus_gemm_gfx942_wkc_512x16x16x64_1x1_16x16x16_0x0x0,0.0,3.67,152.18
gfx942,80,64,100,5120,False,torch.bfloat16,torch.bfloat16,False,False,opus,10300,0,9.477,opus_gemm_gfx942_wkc_512x16x16x64_1x1_16x16x16_0x0x0,0.0,6.92,178.55
gfx942,80,128,100,5120,False,torch.bfloat16,torch.bfloat16,False,False,opus,10300,0,9.4055,opus_gemm_gfx942_wkc_512x16x16x64_1x1_16x16x16_0x0x0,0.0,13.94,250.95
gfx942,80,256,100,5120,False,torch.bfloat16,torch.bfloat16,False,False,opus,10302,0,11.9346,opus_gemm_gfx942_wkc_512x32x16x64_1x1_16x16x16_0x0x0,0.0,21.97,309.74
gfx942,80,16,200,5120,False,torch.bfloat16,torch.bfloat16,False,False,opus,10300,0,8.6776,opus_gemm_gfx942_wkc_512x16x16x64_1x1_16x16x16_0x0x0,0.0,3.78,255.63
gfx942,80,32,200,5120,False,torch.bfloat16,torch.bfloat16,False,False,opus,10300,0,8.8999,opus_gemm_gfx942_wkc_512x16x16x64_1x1_16x16x16_0x0x0,0.0,7.36,268.37
gfx942,80,128,200,5120,False,torch.bfloat16,torch.bfloat16,False,False,opus,10302,0,12.0274,opus_gemm_gfx942_wkc_512x32x16x64_1x1_16x16x16_0x0x0,0.0,21.8,283.51
gfx942,80,1,800,5120,False,torch.bfloat16,torch.bfloat16,False,False,opus,10300,0,9.9099,opus_gemm_gfx942_wkc_512x16x16x64_1x1_16x16x16_0x0x0,0.0,0.83,827.84
gfx942,80,16,800,5120,False,torch.bfloat16,torch.bfloat16,False,False,opus,10300,0,12.4963,opus_gemm_gfx942_wkc_512x16x16x64_1x1_16x16x16_0x0x0,0.0,10.49,670.71
gfx942,80,32,800,5120,False,torch.bfloat16,torch.bfloat16,False,False,opus,10302,0,13.8459,opus_gemm_gfx942_wkc_512x32x16x64_1x1_16x16x16_0x0x0,0.0,18.93,619.02
gfx942,80,4096,200,5120,False,torch.bfloat16,torch.bfloat16,False,False,opus,10200,0,124.617,opus_gemm_gfx942_splitk_legacy_512x128x128x64_2x4_16x16x16_0x0x0,0.0,67.32,366.16
gfx950,256,1,64,4096,False,torch.bfloat16,torch.bfloat16,False,False,skinny,2,0,2.879,sol2,0.0,0.18,185.0
gfx950,256,2,64,4096,False,torch.bfloat16,torch.bfloat16,False,False,skinny,2,0,3.9881,sol2,0.0,0.26,135.64
gfx950,256,4,64,4096,False,torch.bfloat16,torch.bfloat16,False,False,skinny,2,0,4.0827,sol2,0.0,0.51,136.57
gfx950,256,8,64,4096,False,torch.bfloat16,torch.bfloat16,False,False,flydsl,1827,4,4.4966,flydsl_gemm7_abf16_wbf16_bf16_t16x64x128_split_k4_block_m_warp1_block_n_warp1_block_k_warp2_async_copyTrue_b_to_ldsTrue_b_preshuffleFalse_c_to_ldsFalse_gfx950,0.0293,0.93,131.4
gfx950,256,1,256,4096,False,torch.bfloat16,torch.bfloat16,False,False,skinny,2,0,3.6718,sol2,0.0,0.57,573.52
gfx950,256,2,256,4096,False,torch.bfloat16,torch.bfloat16,False,False,skinny,2,0,4.0261,sol2,0.0,1.04,525.21
gfx950,256,4,256,4096,False,torch.bfloat16,torch.bfloat16,False,False,flydsl,4022,8,4.8663,flydsl_gemm7_abf16_wbf16_bf16_t16x64x64_split_k8_block_m_warp1_block_n_warp1_block_k_warp2_async_copyTrue_b_to_ldsTrue_b_preshuffleFalse_c_to_ldsFalse_gfx950,0.0273,1.72,438.11
gfx950,256,8,256,4096,False,torch.bfloat16,torch.bfloat16,False,False,flydsl,2455,8,4.7958,flydsl_gemm4_abf16_wbf16_bf16_t16x64x128_split_k8_block_m_warp1_block_n_warp2_block_k_warp1_async_copyTrue_b_to_ldsTrue_b_preshuffleFalse_c_to_ldsFalse_gfx950,0.0239,3.5,451.81
gfx950,256,1,512,4096,False,torch.bfloat16,torch.bfloat16,False,False,skinny,2,0,5.1911,sol2,0.0,0.81,809.76
gfx950,256,2,512,4096,False,torch.bfloat16,torch.bfloat16,False,False,flydsl,4271,8,5.3191,flydsl_gemm8_abf16_wbf16_bf16_t16x64x64_split_k8_block_m_warp1_block_n_warp2_block_k_warp1_async_copyTrue_b_to_ldsTrue_b_preshuffleFalse_c_to_ldsFalse_gfx950,0.0234,1.58,792.0
gfx950,256,4,512,4096,False,torch.bfloat16,torch.bfloat16,False,False,flydsl,3659,8,5.3058,flydsl_gemm6_abf16_wbf16_bf16_t16x64x64_split_k8_block_m_warp1_block_n_warp2_block_k_warp1_async_copyTrue_b_to_ldsTrue_b_preshuffleFalse_c_to_ldsFalse_gfx950,0.022,3.16,797.46
gfx950,256,8,512,4096,False,torch.bfloat16,torch.bfloat16,False,False,flydsl,4023,8,5.3834,flydsl_gemm7_abf16_wbf16_bf16_t16x64x64_split_k8_block_m_warp1_block_n_warp2_block_k_warp1_async_copyTrue_b_to_ldsTrue_b_preshuffleFalse_c_to_ldsFalse_gfx950,0.0181,6.23,792.81
gfx950,256,8,1024,4096,False,torch.bfloat16,torch.bfloat16,False,False,flydsl,4023,8,6.0026,flydsl_gemm7_abf16_wbf16_bf16_t16x64x64_split_k8_block_m_warp1_block_n_warp2_block_k_warp1_async_copyTrue_b_to_ldsTrue_b_preshuffleFalse_c_to_ldsFalse_gfx950,0.019,11.18,1411.14
gfx950,256,1,4096,512,False,torch.bfloat16,torch.bfloat16,False,False,triton,0,0,3.8969,auto,0.0,1.08,1078.68
gfx950,256,1,4096,8192,False,torch.bfloat16,torch.bfloat16,False,False,flydsl,1463,8,13.6938,flydsl_gemm3_abf16_wbf16_bf16_t16x128x64_split_k8_block_m_warp1_block_n_warp2_block_k_warp1_async_copyTrue_b_to_ldsTrue_b_preshuffleFalse_c_to_ldsFalse_gfx950,0.0208,4.9,4902.47
gfx950,256,2,4096,512,False,torch.bfloat16,torch.bfloat16,False,False,triton,0,0,3.9258,auto,0.0,2.14,1073.09
gfx950,256,2,4096,8192,False,torch.bfloat16,torch.bfloat16,False,False,flydsl,2419,8,13.9909,flydsl_gemm4_abf16_wbf16_bf16_t16x128x128_split_k8_block_m_warp1_block_n_warp4_block_k_warp1_async_copyTrue_b_to_ldsTrue_b_preshuffleFalse_c_to_ldsFalse_gfx950,0.02,9.59,4800.12
gfx950,256,4,4096,512,False,torch.bfloat16,torch.bfloat16,False,False,triton,0,0,4.447,auto,0.0,3.77,951.47
gfx950,256,4,4096,8192,False,torch.bfloat16,torch.bfloat16,False,False,flydsl,2419,8,14.8624,flydsl_gemm4_abf16_wbf16_bf16_t16x128x128_split_k8_block_m_warp1_block_n_warp4_block_k_warp1_async_copyTrue_b_to_ldsTrue_b_preshuffleFalse_c_to_ldsFalse_gfx950,0.0197,18.06,4521.96
gfx950,256,8,4096,512,False,torch.bfloat16,torch.bfloat16,False,False,triton,0,0,3.9857,auto,0.0,8.42,1070.84
gfx950,256,8,4096,8192,False,torch.bfloat16,torch.bfloat16,False,False,flydsl,3999,8,15.2037,flydsl_gemm7_abf16_wbf16_bf16_t16x128x64_split_k8_block_m_warp1_block_n_warp2_block_k_warp1_async_copyTrue_b_to_ldsTrue_b_preshuffleFalse_c_to_ldsFalse_gfx950,0.0218,35.31,4426.91
gfx950,256,16,4096,512,False,torch.bfloat16,torch.bfloat16,False,False,triton,0,0,3.8083,auto,0.0,17.62,1140.08
gfx950,256,16,4096,8192,False,torch.bfloat16,torch.bfloat16,False,False,flydsl,1451,8,16.2404,flydsl_gemm3_abf16_wbf16_bf16_t16x128x128_split_k8_block_m_warp1_block_n_warp4_block_k_warp1_async_copyTrue_b_to_ldsTrue_b_preshuffleFalse_c_to_ldsFalse_gfx950,0.0203,66.12,4156.43
gfx950,256,32,4096,512,False,torch.bfloat16,torch.bfloat16,False,False,triton,0,0,3.9702,auto,0.0,33.81,1130.73
gfx950,256,32,4096,8192,False,torch.bfloat16,torch.bfloat16,False,False,flydsl,2460,2,17.3869,flydsl_gemm4_abf16_wbf16_bf16_t16x64x256_split_k2_block_m_warp1_block_n_warp1_block_k_warp2_async_copyTrue_b_to_ldsTrue_b_preshuffleFalse_c_to_ldsFalse_gfx950,0.0145,123.51,3904.97
gfx950,256,48,4096,512,False,torch.bfloat16,torch.bfloat16,False,False,flydsl,3484,1,4.2141,flydsl_gemm7_abf16_wbf16_bf16_t16x64x64_split_k1_block_m_warp1_block_n_warp2_block_k_warp1_async_copyTrue_b_to_ldsTrue_b_preshuffleFalse_c_to_ldsFalse_gfx950,0.0,47.77,1100.28
gfx950,256,48,4096,8192,False,torch.bfloat16,torch.bfloat16,False,False,flydsl,2625,2,18.56,flydsl_gemm4_abf16_wbf16_bf16_t32x64x128_split_k2_block_m_warp2_block_n_warp2_block_k_warp1_async_copyTrue_b_to_ldsTrue_b_preshuffleFalse_c_to_ldsFalse_gfx950,0.0062,173.56,3679.34
gfx950,256,64,4096,512,False,torch.bfloat16,torch.bfloat16,False,False,flydsl,4183,1,4.7372,flydsl_gemm6_abf16_wbf16_bf16_t16x64x64_split_k1_block_m_warp1_block_n_warp2_block_k_warp1_async_copyTrue_b_to_ldsTrue_b_preshuffleFalse_c_to_ldsFalse_gfx950,0.0,56.67,1009.91
gfx950,256,64,4096,4096,False,torch.bfloat16,torch.bfloat16,False,False,flydsl,3511,2,12.7077,flydsl_gemm4_abf16_wbf16_bf16_t32x64x128_split_k2_block_m_warp1_block_n_warp1_block_k_warp4_async_copyTrue_b_to_ldsTrue_b_preshuffleFalse_c_to_ldsFalse_gfx950,0.0198,168.99,2723.0
gfx950,256,64,4096,8192,False,torch.bfloat16,torch.bfloat16,False,False,flydsl,3517,2,20.0442,flydsl_gemm4_abf16_wbf16_bf16_t32x64x128_split_k2_block_m_warp2_block_n_warp2_block_k_warp1_async_copyTrue_b_to_ldsTrue_b_preshuffleFalse_c_to_ldsFalse_gfx950,0.0061,214.27,3426.51
gfx950,256,96,4096,512,False,torch.bfloat16,torch.bfloat16,False,False,flydsl,4183,1,4.8706,flydsl_gemm6_abf16_wbf16_bf16_t16x64x64_split_k1_block_m_warp1_block_n_warp2_block_k_warp1_async_copyTrue_b_to_ldsTrue_b_preshuffleFalse_c_to_ldsFalse_gfx950,0.0,82.67,1042.8
gfx950,256,96,4096,4096,False,torch.bfloat16,torch.bfloat16,False,False,asm,8,4,14.9718,_ZN5aiter39bf16gemm_fp32bf16_tn_96x64_splitk_cleanE,0.0116,215.15,2346.23
gfx950,256,96,4096,8192,False,torch.bfloat16,torch.bfloat16,False,False,flydsl,3786,2,22.6192,flydsl_gemm4_abf16_wbf16_bf16_t64x64x128_split_k2_block_m_warp2_block_n_warp4_block_k_warp1_async_copyTrue_b_to_ldsTrue_b_preshuffleFalse_c_to_ldsFalse_gfx950,0.0061,284.82,3071.2
gfx950,256,128,4096,512,False,torch.bfloat16,torch.bfloat16,False,False,flydsl,4995,1,4.4062,flydsl_gemm7_abf16_wbf16_bf16_t32x64x64_split_k1_block_m_warp1_block_n_warp4_block_k_warp1_async_copyTrue_b_to_ldsTrue_b_preshuffleFalse_c_to_ldsFalse_gfx950,0.0,121.84,1219.63
gfx950,256,128,4096,8192,False,torch.bfloat16,torch.bfloat16,False,False,flydsl,4217,2,26.1951,flydsl_gemm4_abf16_wbf16_bf16_t64x64x128_split_k2_block_m_warp2_block_n_warp2_block_k_warp2_async_copyTrue_b_to_ldsTrue_b_preshuffleFalse_c_to_ldsFalse_gfx950,0.0145,327.92,2681.97
gfx950,256,192,4096,512,False,torch.bfloat16,torch.bfloat16,False,False,flydsl,4152,1,5.0455,flydsl_gemm5_abf16_wbf16_bf16_t32x64x64_split_k1_block_m_warp1_block_n_warp2_block_k_warp1_async_copyTrue_b_to_ldsTrue_b_preshuffleFalse_c_to_ldsFalse_gfx950,0.0,159.61,1182.0
gfx950,256,192,4096,4096,False,torch.bfloat16,torch.bfloat16,False,False,torch,0,0,18.7636,native,0.0,343.35,1955.92
gfx950,256,192,4096,8192,False,torch.bfloat16,torch.bfloat16,False,False,torch,0,0,32.089,native,0.0,401.54,2238.38
gfx950,256,256,4096,8192,False,torch.bfloat16,torch.bfloat16,False,False,flydsl,4886,1,36.818,flydsl_gemm5_abf16_wbf16_bf16_t64x64x128_split_k1_block_m_warp2_block_n_warp1_block_k_warp4_async_copyTrue_b_to_ldsTrue_b_preshuffleFalse_c_to_ldsFalse_gfx950,0.014,466.62,1993.6
gfx950,256,384,4096,512,False,torch.bfloat16,torch.bfloat16,False,False,flydsl,3865,1,6.0054,flydsl_gemm4_abf16_wbf16_bf16_t96x64x64_split_k1_block_m_warp2_block_n_warp2_block_k_warp1_async_copyTrue_b_to_ldsTrue_b_preshuffleFalse_c_to_ldsFalse_gfx950,0.0,268.19,1287.72
gfx950,256,384,4096,4096,False,torch.bfloat16,torch.bfloat16,False,False,flydsl,4403,1,24.2638,flydsl_gemm4_abf16_wbf16_bf16_t96x64x128_split_k1_block_m_warp2_block_n_warp1_block_k_warp2_async_copyTrue_b_to_ldsTrue_b_preshuffleFalse_c_to_ldsFalse_gfx950,0.0049,531.03,1642.19
gfx950,256,384,4096,8192,False,torch.bfloat16,torch.bfloat16,False,False,flydsl,4400,1,46.4997,flydsl_gemm4_abf16_wbf16_bf16_t96x64x128_split_k1_block_m_warp1_block_n_warp2_block_k_warp2_async_copyTrue_b_to_ldsTrue_b_preshuffleFalse_c_to_ldsFalse_gfx950,0.0062,554.19,1646.16
gfx950,256,512,4096,512,False,torch.bfloat16,torch.bfloat16,False,False,flydsl,3095,1,7.2124,flydsl_gemm4_abf16_wbf16_bf16_t128x64x64_split_k1_block_m_warp4_block_n_warp2_block_k_warp1_async_copyTrue_b_to_ldsTrue_b_preshuffleFalse_c_to_ldsFalse_gfx950,0.0,297.75,1235.77
gfx950,256,512,4096,8192,False,torch.bfloat16,torch.bfloat16,False,False,triton,0,0,50.0109,auto,0.0,687.04,1593.49
gfx950,256,768,4096,512,False,torch.bfloat16,torch.bfloat16,False,False,flydsl,1636,1,8.6303,flydsl_gemm2_abf16_wbf16_bf16_t96x64x128_split_k1_block_m_warp2_block_n_warp2_block_k_warp1_async_copyTrue_b_to_ldsTrue_b_preshuffleFalse_c_to_ldsFalse_gfx950,0.0,373.25,1306.12
gfx950,256,768,4096,4096,False,torch.bfloat16,torch.bfloat16,False,False,flydsl,2090,1,37.4367,flydsl_gemm3_abf16_wbf16_bf16_t128x128x64_split_k1_block_m_warp4_block_n_warp4_block_k_warp1_async_copyTrue_b_to_ldsTrue_b_preshuffleFalse_c_to_ldsFalse_gfx950,0.0,688.36,1232.41
gfx950,256,768,4096,8192,False,torch.bfloat16,torch.bfloat16,False,False,flydsl,3508,1,73.1559,flydsl_gemm4_abf16_wbf16_bf16_t128x128x64_split_k1_block_m_warp2_block_n_warp4_block_k_warp2_async_copyTrue_b_to_ldsTrue_b_preshuffleFalse_c_to_ldsFalse_gfx950,0.0063,704.52,1175.34
gfx950,256,1024,4096,8192,False,torch.bfloat16,torch.bfloat16,False,False,flydsl,3508,1,80.4182,flydsl_gemm4_abf16_wbf16_bf16_t128x128x64_split_k1_block_m_warp2_block_n_warp4_block_k_warp2_async_copyTrue_b_to_ldsTrue_b_preshuffleFalse_c_to_ldsFalse_gfx950,0.0063,854.53,1147.44
gfx950,256,2048,4096,512,False,torch.bfloat16,torch.bfloat16,False,False,flydsl,81,1,13.0062,flydsl_gemm2_abf16_wbf16_bf16_t128x128x64_split_k1_block_m_warp2_block_n_warp2_block_k_warp1_async_copyTrue_b_to_ldsTrue_b_preshuffleFalse_c_to_ldsFalse_gfx950,0.0,660.45,1773.67
gfx950,256,2048,4096,8192,False,torch.bfloat16,torch.bfloat16,False,False,opus,6401,0,128.3684,opus_gemm_mono_tile_512x128x256x64_2x4_16x16x32_0x0x0_nooob_4g_safe,0.0,1070.66,914.87
gfx950,256,4096,4096,8192,False,torch.bfloat16,torch.bfloat16,False,False,torch,0,0,188.43,native,0.0,1458.78,890.37
gfx950,256,8192,4096,512,False,torch.bfloat16,torch.bfloat16,False,False,torch,0,0,42.699,native,0.0,804.7,1866.36
gfx950,256,8192,4096,8192,False,torch.bfloat16,torch.bfloat16,False,False,torch,0,0,363.3926,native,0.0,1512.84,738.69
gfx950,256,1,8192,4096,False,torch.bfloat16,torch.bfloat16,False,False,triton,0,0,13.2664,auto,0.0,5.06,5060.41
gfx950,256,2,8192,4096,False,torch.bfloat16,torch.bfloat16,False,False,triton,0,0,13.2719,auto,0.0,10.11,5060.17
gfx950,256,4,8192,4096,False,torch.bfloat16,torch.bfloat16,False,False,triton,0,0,13.1195,auto,0.0,20.46,5122.69
gfx950,256,8,8192,4096,False,torch.bfloat16,torch.bfloat16,False,False,triton,0,0,13.2491,auto,0.0,40.52,5080.0
gfx950,256,16,8192,4096,False,torch.bfloat16,torch.bfloat16,False,False,triton,0,0,13.2411,auto,0.0,81.09,5097.92
gfx950,256,32,8192,4096,False,torch.bfloat16,torch.bfloat16,False,False,triton,0,0,13.6744,auto,0.0,157.04,4965.14
gfx950,256,48,8192,4096,False,torch.bfloat16,torch.bfloat16,False,False,flydsl,2612,1,16.9464,flydsl_gemm4_abf16_wbf16_bf16_t32x64x128_split_k1_block_m_warp1_block_n_warp2_block_k_warp2_async_copyTrue_b_to_ldsTrue_b_preshuffleFalse_c_to_ldsFalse_gfx950,0.0049,190.08,4029.68
gfx950,256,64,8192,4096,False,torch.bfloat16,torch.bfloat16,False,False,triton,0,0,17.0494,auto,0.0,251.91,4028.4
gfx950,256,96,8192,4096,False,torch.bfloat16,torch.bfloat16,False,False,flydsl,3772,1,19.5099,flydsl_gemm4_abf16_wbf16_bf16_t64x64x128_split_k1_block_m_warp4_block_n_warp2_block_k_warp1_async_copyTrue_b_to_ldsTrue_b_preshuffleFalse_c_to_ldsFalse_gfx950,0.0,330.21,3560.66
gfx950,256,128,8192,4096,False,torch.bfloat16,torch.bfloat16,False,False,flydsl,4888,1,21.4286,flydsl_gemm5_abf16_wbf16_bf16_t64x64x128_split_k1_block_m_warp2_block_n_warp2_block_k_warp2_async_copyTrue_b_to_ldsTrue_b_preshuffleFalse_c_to_ldsFalse_gfx950,0.0049,400.86,3278.54
gfx950,256,192,8192,4096,False,torch.bfloat16,torch.bfloat16,False,False,flydsl,4404,1,26.2318,flydsl_gemm4_abf16_wbf16_bf16_t96x64x128_split_k1_block_m_warp2_block_n_warp2_block_k_warp1_async_copyTrue_b_to_ldsTrue_b_preshuffleFalse_c_to_ldsFalse_gfx950,0.0,491.19,2738.18
gfx950,256,256,8192,4096,False,torch.bfloat16,torch.bfloat16,False,False,flydsl,2249,1,29.3346,flydsl_gemm3_abf16_wbf16_bf16_t128x64x128_split_k1_block_m_warp4_block_n_warp2_block_k_warp2_async_copyTrue_b_to_ldsTrue_b_preshuffleFalse_c_to_ldsFalse_gfx950,0.0049,585.65,2502.18
gfx950,256,384,8192,4096,False,torch.bfloat16,torch.bfloat16,False,False,flydsl,4368,1,39.9965,flydsl_gemm4_abf16_wbf16_bf16_t96x128x64_split_k1_block_m_warp2_block_n_warp2_block_k_warp1_async_copyTrue_b_to_ldsTrue_b_preshuffleFalse_c_to_ldsFalse_gfx950,0.0,644.3,1913.82
gfx950,256,512,8192,4096,False,torch.bfloat16,torch.bfloat16,False,False,flydsl,3508,1,43.8229,flydsl_gemm4_abf16_wbf16_bf16_t128x128x64_split_k1_block_m_warp2_block_n_warp4_block_k_warp2_async_copyTrue_b_to_ldsTrue_b_preshuffleFalse_c_to_ldsFalse_gfx950,0.0049,784.06,1818.5
gfx950,256,768,8192,4096,False,torch.bfloat16,torch.bfloat16,False,False,flydsl,2171,1,64.1459,flydsl_gemm3_abf16_wbf16_bf16_t128x256x64_split_k1_block_m_warp2_block_n_warp4_block_k_warp2_async_copyTrue_b_to_ldsTrue_b_preshuffleFalse_c_to_ldsFalse_gfx950,0.0049,803.47,1340.43
gfx950,256,1024,8192,4096,False,torch.bfloat16,torch.bfloat16,False,False,flydsl,2175,1,72.4367,flydsl_gemm3_abf16_wbf16_bf16_t128x256x64_split_k1_block_m_warp4_block_n_warp2_block_k_warp2_async_copyTrue_b_to_ldsTrue_b_preshuffleFalse_c_to_ldsFalse_gfx950,0.0049,948.68,1273.87
gfx950,256,2048,8192,4096,False,torch.bfloat16,torch.bfloat16,False,False,asm,10,1,105.0997,_ZN5aiter24bf16gemm_bf16_tn_256x256E,0.0,1307.7,1117.42
gfx950,256,4096,8192,4096,False,torch.bfloat16,torch.bfloat16,False,False,asm,10,1,193.5792,_ZN5aiter24bf16gemm_bf16_tn_256x256E,0.0,1419.98,866.68
gfx950,256,8192,8192,4096,False,torch.bfloat16,torch.bfloat16,False,False,torch,0,0,373.5705,native,0.0,1471.63,718.57
gfx950,256,1,8704,4096,False,torch.bfloat16,torch.bfloat16,False,False,flydsl,4249,1,15.2086,flydsl_gemm8_abf16_wbf16_bf16_t16x64x128_split_k1_block_m_warp1_block_n_warp1_block_k_warp2_async_copyTrue_b_to_ldsTrue_b_preshuffleFalse_c_to_ldsFalse_gfx950,0.0051,4.69,4690.03
gfx950,256,2,8704,4096,False,torch.bfloat16,torch.bfloat16,False,False,flydsl,2458,1,16.0604,flydsl_gemm4_abf16_wbf16_bf16_t16x64x256_split_k1_block_m_warp1_block_n_warp2_block_k_warp1_async_copyTrue_b_to_ldsTrue_b_preshuffleFalse_c_to_ldsFalse_gfx950,0.0,8.88,4442.88
gfx950,256,4,8704,4096,False,torch.bfloat16,torch.bfloat16,False,False,flydsl,2446,1,15.8821,flydsl_gemm4_abf16_wbf16_bf16_t16x64x128_split_k1_block_m_warp1_block_n_warp2_block_k_warp1_async_copyTrue_b_to_ldsTrue_b_preshuffleFalse_c_to_ldsFalse_gfx950,0.0,17.96,4495.98
gfx950,256,8,8704,4096,False,torch.bfloat16,torch.bfloat16,False,False,flydsl,1489,1,15.3826,flydsl_gemm3_abf16_wbf16_bf16_t16x64x256_split_k1_block_m_warp1_block_n_warp1_block_k_warp2_async_copyTrue_b_to_ldsTrue_b_preshuffleFalse_c_to_ldsFalse_gfx950,0.0048,37.08,4648.63
gfx950,256,16,8704,4096,False,torch.bfloat16,torch.bfloat16,False,False,flydsl,2457,1,15.9002,flydsl_gemm4_abf16_wbf16_bf16_t16x64x256_split_k1_block_m_warp1_block_n_warp1_block_k_warp2_async_copyTrue_b_to_ldsTrue_b_preshuffleFalse_c_to_ldsFalse_gfx950,0.0048,71.75,4510.18
gfx950,256,32,8704,4096,False,torch.bfloat16,torch.bfloat16,False,False,flydsl,4314,1,18.9861,flydsl_gemm8_abf16_wbf16_bf16_t32x64x64_split_k1_block_m_warp2_block_n_warp1_block_k_warp1_async_copyTrue_b_to_ldsTrue_b_preshuffleFalse_c_to_ldsFalse_gfx950,0.0,120.18,3798.69
gfx950,256,48,8704,4096,False,torch.bfloat16,torch.bfloat16,False,False,torch,0,0,20.9618,native,0.0,163.28,3460.2
gfx950,256,64,8704,4096,False,torch.bfloat16,torch.bfloat16,False,False,flydsl,4307,1,21.5259,flydsl_gemm5_abf16_wbf16_bf16_t32x64x64_split_k1_block_m_warp1_block_n_warp2_block_k_warp1_async_copyTrue_b_to_ldsTrue_b_preshuffleFalse_c_to_ldsFalse_gfx950,0.0,212.0,3388.55
gfx950,256,96,8704,4096,False,torch.bfloat16,torch.bfloat16,False,False,flydsl,3610,1,22.5829,flydsl_gemm4_abf16_wbf16_bf16_t48x64x64_split_k1_block_m_warp1_block_n_warp2_block_k_warp1_async_copyTrue_b_to_ldsTrue_b_preshuffleFalse_c_to_ldsFalse_gfx950,0.0,303.11,3266.22
gfx950,256,128,8704,4096,False,torch.bfloat16,torch.bfloat16,False,False,flydsl,4259,1,24.0271,flydsl_gemm4_abf16_wbf16_bf16_t64x64x64_split_k1_block_m_warp1_block_n_warp2_block_k_warp1_async_copyTrue_b_to_ldsTrue_b_preshuffleFalse_c_to_ldsFalse_gfx950,0.0,379.85,3103.99
gfx950,256,192,8704,4096,False,torch.bfloat16,torch.bfloat16,False,False,flydsl,4435,1,30.2384,flydsl_gemm4_abf16_wbf16_bf16_t96x64x64_split_k1_block_m_warp1_block_n_warp2_block_k_warp1_async_copyTrue_b_to_ldsTrue_b_preshuffleFalse_c_to_ldsFalse_gfx950,0.0,452.74,2520.58
gfx950,256,256,8704,4096,False,torch.bfloat16,torch.bfloat16,False,False,flydsl,2331,1,36.3919,flydsl_gemm3_abf16_wbf16_bf16_t128x64x64_split_k1_block_m_warp2_block_n_warp2_block_k_warp1_async_copyTrue_b_to_ldsTrue_b_preshuffleFalse_c_to_ldsFalse_gfx950,0.0,501.58,2139.4
gfx950,256,384,8704,4096,False,torch.bfloat16,torch.bfloat16,False,False,flydsl,3508,1,42.6318,flydsl_gemm4_abf16_wbf16_bf16_t128x128x64_split_k1_block_m_warp2_block_n_warp4_block_k_warp2_async_copyTrue_b_to_ldsTrue_b_preshuffleFalse_c_to_ldsFalse_gfx950,0.0049,642.25,1903.12
gfx950,256,512,8704,4096,False,torch.bfloat16,torch.bfloat16,False,False,torch,0,0,50.8741,native,0.0,717.6,1659.2
gfx950,256,768,8704,4096,False,torch.bfloat16,torch.bfloat16,False,False,flydsl,2488,1,67.4099,flydsl_gemm3_abf16_wbf16_bf16_t256x128x64_split_k1_block_m_warp4_block_n_warp4_block_k_warp1_async_copyTrue_b_to_ldsTrue_b_preshuffleFalse_c_to_ldsFalse_gfx950,0.0,812.36,1349.42
gfx950,256,1024,8704,4096,False,torch.bfloat16,torch.bfloat16,False,False,torch,0,0,76.7552,native,0.0,951.26,1270.5
gfx950,256,2048,8704,4096,False,torch.bfloat16,torch.bfloat16,False,False,asm,10,1,159.7258,_ZN5aiter24bf16gemm_bf16_tn_256x256E,0.0,914.25,774.65
gfx950,256,4096,8704,4096,False,torch.bfloat16,torch.bfloat16,False,False,asm,10,1,249.7709,_ZN5aiter24bf16gemm_bf16_tn_256x256E,0.0,1169.3,705.29
gfx950,256,8192,8704,4096,False,torch.bfloat16,torch.bfloat16,False,False,asm,10,1,438.6263,_ZN5aiter24bf16gemm_bf16_tn_256x256E,0.0,1331.69,640.68
gfx950,256,1,10240,4096,False,torch.bfloat16,torch.bfloat16,False,False,flydsl,2458,1,17.3442,flydsl_gemm4_abf16_wbf16_bf16_t16x64x256_split_k1_block_m_warp1_block_n_warp2_block_k_warp1_async_copyTrue_b_to_ldsTrue_b_preshuffleFalse_c_to_ldsFalse_gfx950,0.0,4.84,4838.2
gfx950,256,2,10240,4096,False,torch.bfloat16,torch.bfloat16,False,False,flydsl,2446,1,16.9496,flydsl_gemm4_abf16_wbf16_bf16_t16x64x128_split_k1_block_m_warp1_block_n_warp2_block_k_warp1_async_copyTrue_b_to_ldsTrue_b_preshuffleFalse_c_to_ldsFalse_gfx950,0.0,9.9,4952.53
gfx950,256,4,10240,4096,False,torch.bfloat16,torch.bfloat16,False,False,flydsl,3649,1,17.0573,flydsl_gemm6_abf16_wbf16_bf16_t16x64x64_split_k1_block_m_warp1_block_n_warp1_block_k_warp2_async_copyTrue_b_to_ldsTrue_b_preshuffleFalse_c_to_ldsFalse_gfx950,0.0051,19.67,4924.62
gfx950,256,8,10240,4096,False,torch.bfloat16,torch.bfloat16,False,False,flydsl,2457,1,17.4084,flydsl_gemm4_abf16_wbf16_bf16_t16x64x256_split_k1_block_m_warp1_block_n_warp1_block_k_warp2_async_copyTrue_b_to_ldsTrue_b_preshuffleFalse_c_to_ldsFalse_gfx950,0.0049,38.55,4831.89
gfx950,256,16,10240,4096,False,torch.bfloat16,torch.bfloat16,False,False,flydsl,2457,1,16.7325,flydsl_gemm4_abf16_wbf16_bf16_t16x64x256_split_k1_block_m_warp1_block_n_warp1_block_k_warp2_async_copyTrue_b_to_ldsTrue_b_preshuffleFalse_c_to_ldsFalse_gfx950,0.0049,80.21,5040.78
gfx950,256,32,10240,4096,False,torch.bfloat16,torch.bfloat16,False,False,flydsl,1683,1,18.5012,flydsl_gemm3_abf16_wbf16_bf16_t32x64x256_split_k1_block_m_warp2_block_n_warp1_block_k_warp2_async_copyTrue_b_to_ldsTrue_b_preshuffleFalse_c_to_ldsFalse_gfx950,0.0048,145.09,4583.68
gfx950,256,48,10240,4096,False,torch.bfloat16,torch.bfloat16,False,False,flydsl,1643,1,20.2528,flydsl_gemm3_abf16_wbf16_bf16_t32x64x128_split_k1_block_m_warp1_block_n_warp2_block_k_warp1_async_copyTrue_b_to_ldsTrue_b_preshuffleFalse_c_to_ldsFalse_gfx950,0.0,198.81,4209.9
gfx950,256,64,10240,4096,False,torch.bfloat16,torch.bfloat16,False,False,flydsl,2373,1,20.8594,flydsl_gemm3_abf16_wbf16_bf16_t32x64x128_split_k1_block_m_warp1_block_n_warp1_block_k_warp2_async_copyTrue_b_to_ldsTrue_b_preshuffleFalse_c_to_ldsFalse_gfx950,0.0048,257.38,4109.47
gfx950,256,96,10240,4096,False,torch.bfloat16,torch.bfloat16,False,False,flydsl,3610,1,23.3365,flydsl_gemm4_abf16_wbf16_bf16_t48x64x64_split_k1_block_m_warp1_block_n_warp2_block_k_warp1_async_copyTrue_b_to_ldsTrue_b_preshuffleFalse_c_to_ldsFalse_gfx950,0.0,345.08,3712.58
gfx950,256,128,10240,4096,False,torch.bfloat16,torch.bfloat16,False,False,flydsl,4264,1,26.3285,flydsl_gemm4_abf16_wbf16_bf16_t64x64x64_split_k1_block_m_warp2_block_n_warp1_block_k_warp1_async_copyTrue_b_to_ldsTrue_b_preshuffleFalse_c_to_ldsFalse_gfx950,0.0,407.82,3325.53
gfx950,256,192,10240,4096,False,torch.bfloat16,torch.bfloat16,False,False,flydsl,2932,1,30.4599,flydsl_gemm3_abf16_wbf16_bf16_t64x128x128_split_k1_block_m_warp2_block_n_warp4_block_k_warp2_async_copyTrue_b_to_ldsTrue_b_preshuffleFalse_c_to_ldsFalse_gfx950,0.0048,528.76,2934.71
gfx950,256,256,10240,4096,False,torch.bfloat16,torch.bfloat16,False,False,torch,0,0,34.369,native,0.0,624.83,2654.31
gfx950,256,384,10240,4096,False,torch.bfloat16,torch.bfloat16,False,False,flydsl,3508,1,43.1327,flydsl_gemm4_abf16_wbf16_bf16_t128x128x64_split_k1_block_m_warp2_block_n_warp4_block_k_warp2_async_copyTrue_b_to_ldsTrue_b_preshuffleFalse_c_to_ldsFalse_gfx950,0.0049,746.82,2200.1
gfx950,256,512,10240,4096,False,torch.bfloat16,torch.bfloat16,False,False,torch,0,0,53.757,native,0.0,798.96,1833.55
gfx950,256,768,10240,4096,False,torch.bfloat16,torch.bfloat16,False,False,flydsl,2487,1,70.7595,flydsl_gemm3_abf16_wbf16_bf16_t256x128x64_split_k1_block_m_warp4_block_n_warp2_block_k_warp2_async_copyTrue_b_to_ldsTrue_b_preshuffleFalse_c_to_ldsFalse_gfx950,0.0049,910.47,1496.71
gfx950,256,1024,10240,4096,False,torch.bfloat16,torch.bfloat16,False,False,torch,0,0,82.1786,native,0.0,1045.28,1378.05
gfx950,256,2048,10240,4096,False,torch.bfloat16,torch.bfloat16,False,False,torch,0,0,154.041,native,0.0,1115.28,925.77
gfx950,256,4096,10240,4096,False,torch.bfloat16,torch.bfloat16,False,False,asm,10,1,264.5707,_ZN5aiter24bf16gemm_bf16_tn_256x256E,0.0,1298.7,760.96
gfx950,256,8192,10240,4096,False,torch.bfloat16,torch.bfloat16,False,False,torch,0,0,464.3005,native,0.0,1480.06,686.55
gfx950,256,1,24576,4096,False,torch.bfloat16,torch.bfloat16,False,False,triton,0,0,34.1279,auto,0.0,5.9,5900.86
gfx950,256,2,24576,4096,False,torch.bfloat16,torch.bfloat16,False,False,triton,0,0,33.5058,auto,0.0,12.02,6012.13
gfx950,256,4,24576,4096,False,torch.bfloat16,torch.bfloat16,False,False,triton,0,0,32.9163,auto,0.0,24.47,6123.29
gfx950,256,8,24576,4096,False,torch.bfloat16,torch.bfloat16,False,False,triton,0,0,32.1489,auto,0.0,50.1,6276.59
gfx950,256,16,24576,4096,False,torch.bfloat16,torch.bfloat16,False,False,triton,0,0,35.4337,auto,0.0,90.91,5707.68
gfx950,256,1,151936,4096,False,torch.bfloat16,torch.bfloat16,False,False,triton,0,0,182.8682,auto,0.0,6.81,6808.03
gfx950,256,2,151936,4096,False,torch.bfloat16,torch.bfloat16,False,False,triton,0,0,182.3328,auto,0.0,13.65,6829.73
gfx950,256,4,151936,4096,False,torch.bfloat16,torch.bfloat16,False,False,triton,0,0,183.6787,auto,0.0,27.11,6783.08
gfx950,256,8,151936,4096,False,torch.bfloat16,torch.bfloat16,False,False,triton,0,0,183.7932,auto,0.0,54.18,6785.65
gfx950,256,16,151936,4096,False,torch.bfloat16,torch.bfloat16,False,False,torch,0,0,195.536,native,0.0,101.85,6390.91
